t,camera,intention,attention,engagement,eye_l_x,eye_l_y,eye_r_x,eye_r_y,head_x,head_y,neck_x,neck_y,chest_x,chest_y,shoulder_l_x,shoulder_l_y,shoulder_r_x,shoulder_r_y,wrist_l_x,wrist_l_y,wrist_r_x,wrist_r_y,pelvis_x,pelvis_y
0.000,cam1,IDLE_ATTENTIVE,CHAT_REGION,0.0002,987.83,250.93,920.60,250.95,953.03,277.89,953.87,352.81,957.90,610.82,1156.79,433.25,753.36,438.01,1145.96,635.42,773.81,635.63,960.00,779.00
0.033,cam1,IDLE_ATTENTIVE,CHAT_REGION,0.0002,987.77,250.88,920.53,250.89,953.03,277.85,953.87,352.77,957.90,610.82,1156.81,433.22,753.35,437.98,1145.96,635.40,773.81,635.61,960.00,779.00
0.067,cam1,IDLE_ATTENTIVE,CHAT_REGION,0.0004,988.04,250.58,920.80,250.62,953.02,277.73,953.87,352.71,957.90,610.82,1156.85,433.16,753.31,437.91,1145.96,635.36,773.82,635.57,960.00,779.00
0.100,cam1,IDLE_ATTENTIVE,CHAT_REGION,0.0005,988.71,249.79,921.49,250.00,952.97,277.50,953.87,352.64,957.90,610.82,1156.89,433.09,753.27,437.84,1145.96,635.32,773.82,635.52,960.00,779.00
0.133,cam1,IDLE_ATTENTIVE,CHAT_REGION,0.0006,990.17,248.21,923.00,248.76,952.87,277.04,953.88,352.50,957.90,610.81,1156.98,432.95,753.19,437.70,1145.96,635.23,773.83,635.42,960.00,779.00
0.167,cam1,IDLE_ATTENTIVE,CHAT_REGION,0.0007,992.22,245.97,925.22,247.09,952.66,276.48,953.88,352.38,957.90,610.81,1157.05,432.84,753.13,437.59,1145.96,635.15,773.84,635.34,960.00,779.00
0.200,cam1,IDLE_ATTENTIVE,CHAT_REGION,0.0007,994.78,243.09,928.10,244.88,952.31,275.79,953.88,352.25,957.90,610.81,1157.13,432.71,753.05,437.46,1145.96,635.06,773.84,635.24,960.00,779.00
0.233,cam1,IDLE_ATTENTIVE,CHAT_REGION,0.0005,997.44,239.68,931.30,242.19,951.76,274.99,953.88,352.08,957.90,610.80,1157.25,432.54,752.94,437.28,1145.96,634.94,773.86,635.11,960.00,779.00
0.267,cam1,IDLE_ATTENTIVE,CHAT_REGION,0.0006,999.74,236.12,934.37,239.35,951.03,274.19,953.88,351.91,957.90,610.80,1157.36,432.38,752.84,437.11,1145.96,634.83,773.87,634.99,960.00,779.00
0.300,cam1,IDLE_ATTENTIVE,CHAT_REGION,0.0007,1001.56,232.54,937.12,236.42,950.14,273.35,953.88,351.68,957.90,610.79,1157.51,432.14,752.71,436.88,1145.96,634.67,773.89,634.82,960.00,779.00
0.333,cam1,IDLE_ATTENTIVE,CHAT_REGION,0.0008,1002.82,229.31,939.43,233.76,949.18,272.65,953.88,351.47,957.90,610.78,1157.64,431.94,752.59,436.67,1145.95,634.53,773.90,634.67,960.00,779.00
0.367,cam1,IDLE_ATTENTIVE,CHAT_REGION,0.0009,1003.37,226.56,940.95,231.44,948.26,272.07,953.88,351.29,957.90,610.78,1157.75,431.76,752.48,436.49,1145.95,634.41,773.92,634.53,960.00,779.00
0.400,cam1,IDLE_ATTENTIVE,CHAT_REGION,0.0010,1003.82,224.46,942.24,229.58,947.50,271.55,953.88,351.06,957.90,610.77,1157.90,431.54,752.35,436.26,1145.94,634.25,773.94,634.36,960.00,779.00
0.433,cam1,IDLE_ATTENTIVE,CHAT_REGION,0.0011,1004.03,223.01,943.01,228.27,946.98,271.14,953.88,350.85,957.90,610.76,1158.03,431.32,752.22,436.04,1145.94,634.11,773.96,634.20,960.00,779.00
0.467,cam1,IDLE_ATTENTIVE,CHAT_REGION,0.0013,1004.09,222.06,943.34,227.35,946.71,270.76,953.89,350.60,957.90,610.75,1158.20,431.07,752.07,435.78,1145.93,633.93,773.99,634.01,960.00,779.00
0.500,cam1,IDLE_ATTENTIVE,CHAT_REGION,0.0015,1004.10,221.49,943.38,226.77,946.65,270.41,953.89,350.33,957.90,610.74,1158.37,430.81,751.92,435.51,1145.91,633.74,774.02,633.81,960.00,779.00
0.533,cam1,IDLE_ATTENTIVE,CHAT_REGION,0.0018,1004.17,221.02,943.45,226.28,946.66,270.07,953.89,350.06,957.90,610.73,1158.54,430.53,751.76,435.23,1145.90,633.55,774.05,633.60,960.00,779.00
0.567,cam1,IDLE_ATTENTIVE,CHAT_REGION,0.0019,1004.22,221.00,943.27,226.17,946.86,269.81,953.89,349.81,957.90,610.73,1158.70,430.28,751.61,434.98,1145.89,633.37,774.08,633.41,960.00,779.00
0.600,cam1,IDLE_ATTENTIVE,CHAT_REGION,0.0020,1004.24,220.94,943.04,226.00,947.05,269.54,953.89,349.55,957.90,610.72,1158.87,430.02,751.45,434.72,1145.87,633.18,774.11,633.20,960.00,779.00
0.633,cam1,IDLE_ATTENTIVE,CHAT_REGION,0.0022,1004.21,220.84,942.79,225.79,947.23,269.26,953.89,349.30,957.90,610.71,1159.05,429.76,751.30,434.45,1145.85,632.99,774.15,633.00,960.00,779.00
0.667,cam1,IDLE_ATTENTIVE,CHAT_REGION,0.0023,1004.23,220.74,942.59,225.58,947.40,268.98,953.90,349.04,957.90,610.70,1159.22,429.49,751.14,434.19,1145.83,632.80,774.19,632.79,960.00,779.00
0.700,cam1,IDLE_ATTENTIVE,CHAT_REGION,0.0024,1004.28,220.68,942.44,225.43,947.56,268.70,953.90,348.78,957.90,610.69,1159.39,429.23,750.98,433.92,1145.81,632.61,774.23,632.58,960.00,779.00
0.733,cam1,IDLE_ATTENTIVE,CHAT_REGION,0.0025,1004.33,220.53,942.32,225.17,947.72,268.42,953.90,348.52,957.90,610.68,1159.56,428.97,750.83,433.66,1145.78,632.41,774.27,632.37,960.00,779.00
0.767,cam1,IDLE_ATTENTIVE,CHAT_REGION,0.0026,1004.34,220.35,942.15,224.91,947.86,268.14,953.90,348.27,957.90,610.68,1159.74,428.70,750.67,433.39,1145.76,632.21,774.32,632.16,960.00,779.00
0.800,cam1,IDLE_ATTENTIVE,CHAT_REGION,0.0026,1004.37,220.24,942.00,224.69,948.00,267.86,953.90,348.01,957.90,610.67,1159.91,428.44,750.51,433.13,1145.73,632.01,774.36,631.94,960.00,779.00
0.833,cam1,IDLE_ATTENTIVE,CHAT_REGION,0.0027,1004.34,220.10,941.82,224.48,948.13,267.60,953.91,347.77,957.90,610.66,1160.08,428.19,750.36,432.88,1145.70,631.82,774.41,631.74,960.00,779.00
0.867,cam1,IDLE_ATTENTIVE,CHAT_REGION,0.0026,1004.34,220.04,941.64,224.33,948.25,267.34,953.91,347.54,957.90,610.65,1160.24,427.94,750.21,432.64,1145.67,631.64,774.46,631.54,960.00,779.00
0.900,cam1,IDLE_ATTENTIVE,CHAT_REGION,0.0026,1004.31,219.93,941.46,224.16,948.37,267.12,953.91,347.34,957.90,610.65,1160.39,427.73,750.08,432.42,1145.64,631.47,774.50,631.36,960.00,779.00
0.933,cam1,IDLE_ATTENTIVE,CHAT_REGION,0.0024,1004.26,219.85,941.26,224.01,948.48,266.90,953.91,347.14,957.90,610.64,1160.53,427.52,749.94,432.21,1145.61,631.30,774.54,631.18,960.00,779.00
0.967,cam1,IDLE_ATTENTIVE,CHAT_REGION,0.0023,1004.29,219.78,941.17,223.89,948.58,266.71,953.91,346.96,957.90,610.64,1160.66,427.33,749.83,432.03,1145.59,631.16,774.58,631.02,960.00,779.00
1.000,cam1,IDLE_ATTENTIVE,CHAT_REGION,0.0022,1004.32,219.73,941.08,223.75,948.68,266.53,953.91,346.79,957.90,610.63,1160.79,427.16,749.71,431.85,1145.56,631.01,774.62,630.87,960.00,779.00
1.033,cam1,IDLE_ATTENTIVE,CHAT_REGION,0.0022,1004.19,219.60,940.82,223.59,948.77,266.36,953.92,346.64,957.90,610.63,1160.90,426.99,749.61,431.69,1145.54,630.89,774.66,630.73,960.00,779.00
1.067,cam1,IDLE_ATTENTIVE,CHAT_REGION,0.0020,1004.25,219.55,940.79,223.49,948.85,266.19,953.92,346.48,957.90,610.62,1161.01,426.82,749.51,431.52,1145.51,630.75,774.69,630.59,960.00,779.00
1.100,cam1,IDLE_ATTENTIVE,CHAT_REGION,0.0019,1004.24,219.54,940.69,223.44,948.93,266.06,953.92,346.36,957.90,610.62,1161.10,426.70,749.43,431.40,1145.49,630.65,774.72,630.48,960.00,779.00
1.133,cam1,IDLE_ATTENTIVE,CHAT_REGION,0.0019,1004.29,219.43,940.66,223.24,949.01,265.87,953.92,346.18,957.90,610.61,1161.23,426.51,749.31,431.21,1145.46,630.50,774.77,630.32,960.00,779.00
1.167,cam1,IDLE_ATTENTIVE,CHAT_REGION,0.0018,1004.31,219.40,940.61,223.16,949.08,265.80,953.92,346.11,957.90,610.61,1161.28,426.43,749.26,431.14,1145.44,630.44,774.79,630.25,960.00,779.00
1.200,cam1,IDLE_ATTENTIVE,CHAT_REGION,0.0016,1004.34,219.45,940.57,223.18,949.14,265.73,953.92,346.04,957.90,610.61,1161.34,426.36,749.21,431.06,1145.43,630.37,774.81,630.18,960.00,779.00
1.233,cam1,IDLE_ATTENTIVE,CHAT_REGION,0.0015,1004.35,219.46,940.52,223.15,949.20,265.65,953.92,345.96,957.90,610.61,1161.40,426.27,749.16,430.98,1145.42,630.30,774.83,630.11,960.00,779.00
1.267,cam1,IDLE_ATTENTIVE,CHAT_REGION,0.0016,1004.26,219.52,940.35,223.16,949.26,265.61,953.92,345.91,957.90,610.61,1161.43,426.22,749.13,430.93,1145.41,630.26,774.84,630.06,960.00,779.00
1.300,cam1,IDLE_ATTENTIVE,CHAT_REGION,0.0017,1004.26,219.63,940.27,223.22,949.31,265.58,953.92,345.87,957.90,610.61,1161.46,426.18,749.10,430.88,1145.40,630.23,774.85,630.03,960.00,779.00
1.333,cam1,IDLE_ATTENTIVE,CHAT_REGION,0.0017,1004.24,219.75,940.19,223.31,949.36,265.55,953.92,345.84,957.90,610.60,1161.48,426.14,749.08,430.85,1145.39,630.20,774.86,630.00,960.00,779.00
1.367,cam1,IDLE_ATTENTIVE,CHAT_REGION,0.0017,1004.19,219.91,940.08,223.44,949.40,265.57,953.92,345.84,957.90,610.60,1161.48,426.14,749.08,430.85,1145.39,630.20,774.86,630.00,960.00,779.00
1.400,cam1,IDLE_ATTENTIVE,CHAT_REGION,0.0016,1004.14,220.03,939.98,223.53,949.44,265.58,953.92,345.84,957.90,610.60,1161.49,426.14,749.08,430.85,1145.39,630.20,774.86,629.99,960.00,779.00
1.433,cam1,IDLE_ATTENTIVE,CHAT_REGION,0.0016,1004.17,220.12,939.97,223.58,949.48,265.60,953.92,345.84,957.90,610.60,1161.49,426.14,749.08,430.85,1145.39,630.20,774.86,630.00,960.00,779.00
1.467,cam1,IDLE_ATTENTIVE,CHAT_REGION,0.0015,1004.16,220.26,939.91,223.70,949.52,265.61,953.92,345.84,957.90,610.60,1161.49,426.14,749.08,430.85,1145.39,630.20,774.86,630.00,960.00,779.00
1.500,cam1,IDLE_ATTENTIVE,CHAT_REGION,0.0015,1004.04,220.32,939.75,223.77,949.55,265.64,953.92,345.85,957.90,610.61,1161.48,426.15,749.09,430.86,1145.39,630.21,774.86,630.01,960.00,779.00
1.533,cam1,IDLE_ATTENTIVE,CHAT_REGION,0.0016,1004.00,220.55,939.68,223.99,949.58,265.73,953.92,345.92,957.90,610.61,1161.43,426.22,749.13,430.93,1145.41,630.26,774.84,630.07,960.00,779.00
1.567,cam1,IDLE_ATTENTIVE,CHAT_REGION,0.0017,1003.93,220.56,939.56,223.97,949.60,265.70,953.92,345.88,957.90,610.61,1161.45,426.19,749.11,430.90,1145.40,630.24,774.85,630.04,960.00,779.00
1.600,cam1,IDLE_ATTENTIVE,CHAT_REGION,0.0017,1003.96,220.69,939.57,224.08,949.63,265.73,953.92,345.90,957.90,610.61,1161.44,426.20,749.12,430.91,1145.40,630.25,774.84,630.05,960.00,779.00
1.633,cam1,IDLE_ATTENTIVE,CHAT_REGION,0.0017,1003.95,220.75,939.54,224.13,949.65,265.73,953.92,345.89,957.90,610.61,1161.45,426.20,749.12,430.91,1145.40,630.25,774.84,630.05,960.00,779.00
1.667,cam1,IDLE_ATTENTIVE,CHAT_REGION,0.0018,1003.91,220.84,939.48,224.23,949.67,265.74,953.93,345.89,957.90,610.60,1161.44,426.20,749.12,430.91,1145.40,630.25,774.84,630.05,960.00,779.00
1.700,cam1,IDLE_ATTENTIVE,CHAT_REGION,0.0020,1003.84,220.95,939.38,224.33,949.69,265.81,953.92,345.95,957.90,610.61,1161.40,426.25,749.16,430.96,1145.41,630.30,774.83,630.10,960.00,779.00
1.733,cam1,IDLE_ATTENTIVE,CHAT_REGION,0.0020,1003.79,221.06,939.32,224.46,949.71,265.86,953.92,345.98,957.90,610.61,1161.38,426.29,749.18,431.00,1145.42,630.33,774.82,630.13,960.00,779.00
1.767,cam1,IDLE_ATTENTIVE,CHAT_REGION,0.0021,1003.87,221.14,939.41,224.51,949.72,265.91,953.92,346.02,957.90,610.61,1161.35,426.33,749.21,431.04,1145.43,630.36,774.81,630.17,960.00,779.00
1.800,cam1,IDLE_ATTENTIVE,CHAT_REGION,0.0021,1003.88,221.27,939.42,224.66,949.73,265.98,953.92,346.06,957.90,610.61,1161.31,426.38,749.24,431.09,1145.44,630.40,774.80,630.21,960.00,779.00
1.833,cam1,IDLE_ATTENTIVE,CHAT_REGION,0.0022,1003.92,221.38,939.48,224.75,949.74,266.06,953.92,346.13,957.90,610.61,1161.27,426.44,749.28,431.15,1145.45,630.45,774.78,630.27,960.00,779.00
1.867,cam1,IDLE_ATTENTIVE,CHAT_REGION,0.0021,1003.95,221.59,939.52,224.93,949.75,266.18,953.92,346.22,957.90,610.61,1161.20,426.55,749.35,431.25,1145.46,630.53,774.76,630.36,960.00,779.00
1.900,cam1,IDLE_ATTENTIVE,CHAT_REGION,0.0021,1003.93,221.72,939.49,225.06,949.76,266.30,953.92,346.31,957.90,610.62,1161.14,426.64,749.40,431.35,1145.48,630.61,774.73,630.44,960.00,779.00
1.933,cam1,IDLE_ATTENTIVE,CHAT_REGION,0.0021,1003.92,221.88,939.50,225.22,949.76,266.42,953.92,346.41,957.90,610.62,1161.07,426.74,749.47,431.45,1145.50,630.69,774.71,630.52,960.00,779.00
1.967,cam1,IDLE_ATTENTIVE,CHAT_REGION,0.0021,1003.86,222.08,939.45,225.44,949.76,266.58,953.92,346.53,957.90,610.62,1160.98,426.87,749.54,431.58,1145.52,630.79,774.68,630.63,960.00,779.00
2.000,cam1,IDLE_ATTENTIVE,CHAT_REGION,0.0020,1003.90,222.39,939.50,225.75,949.76,266.73,953.92,346.65,957.90,610.63,1160.90,427.00,749.62,431.70,1145.54,630.89,774.65,630.74,960.00,779.00
2.033,cam1,IDLE_ATTENTIVE,CHAT_REGION,0.0020,1003.92,222.58,939.54,225.93,949.76,266.88,953.92,346.76,957.90,610.63,1160.82,427.12,749.70,431.82,1145.55,630.99,774.63,630.84,960.00,779.00
2.067,cam1,IDLE_ATTENTIVE,CHAT_REGION,0.0021,1003.83,222.80,939.46,226.20,949.76,267.03,953.92,346.89,957.90,610.64,1160.72,427.25,749.78,431.96,1145.57,631.09,774.60,630.95,960.00,779.00
2.100,cam1,IDLE_ATTENTIVE,CHAT_REGION,0.0022,1003.84,223.06,939.51,226.47,949.75,267.24,953.92,347.05,957.90,610.64,1160.61,427.43,749.89,432.13,1145.60,631.23,774.56,631.10,960.00,779.00
2.133,cam1,IDLE_ATTENTIVE,CHAT_REGION,0.0025,1003.81,223.30,939.49,226.74,949.75,267.42,953.92,347.20,957.90,610.64,1160.50,427.58,749.99,432.28,1145.62,631.35,774.53,631.23,960.00,779.00
2.167,cam1,IDLE_ATTENTIVE,CHAT_REGION,0.0027,1003.77,223.59,939.48,227.05,949.74,267.61,953.92,347.35,957.90,610.65,1160.39,427.74,750.09,432.44,1145.64,631.48,774.50,631.37,960.00,779.00
2.200,cam1,IDLE_ATTENTIVE,CHAT_REGION,0.0031,1003.80,223.89,939.55,227.39,949.73,267.82,953.92,347.51,957.90,610.65,1160.26,427.91,750.21,432.61,1145.67,631.62,774.46,631.52,960.00,779.00
2.233,cam1,IDLE_ATTENTIVE,CHAT_REGION,0.0034,1003.75,224.12,939.54,227.64,949.72,268.02,953.92,347.67,957.90,610.65,1160.14,428.08,750.32,432.78,1145.69,631.76,774.43,631.67,960.00,779.00
2.267,cam1,IDLE_ATTENTIVE,CHAT_REGION,0.0038,1003.73,224.38,939.55,227.93,949.71,268.24,953.91,347.85,957.90,610.66,1160.01,428.26,750.44,432.96,1145.71,631.91,774.39,631.83,960.00,779.00
2.300,cam1,IDLE_ATTENTIVE,CHAT_REGION,0.0042,1003.71,224.68,939.57,228.25,949.70,268.47,953.91,348.03,957.90,610.66,1159.87,428.44,750.57,433.14,1145.73,632.06,774.35,631.99,960.00,779.00
2.333,cam1,IDLE_ATTENTIVE,CHAT_REGION,0.0046,1003.76,224.93,939.67,228.52,949.69,268.69,953.91,348.20,957.90,610.66,1159.74,428.63,750.69,433.33,1145.75,632.21,774.32,632.15,960.00,779.00
2.367,cam1,IDLE_ATTENTIVE,CHAT_REGION,0.0050,1003.74,225.22,939.70,228.83,949.68,268.92,953.91,348.39,957.90,610.67,1159.60,428.82,750.82,433.52,1145.77,632.36,774.28,632.31,960.00,779.00
2.400,cam1,IDLE_ATTENTIVE,CHAT_REGION,0.0056,1003.68,225.50,939.68,229.17,949.66,269.15,953.91,348.57,957.90,610.67,1159.46,429.01,750.95,433.71,1145.79,632.51,774.25,632.48,960.00,779.00
2.433,cam1,IDLE_ATTENTIVE,CHAT_REGION,0.0061,1003.67,225.83,939.69,229.49,949.65,269.39,953.91,348.76,957.90,610.67,1159.31,429.20,751.08,433.90,1145.81,632.67,774.22,632.65,960.00,779.00
2.467,cam1,IDLE_ATTENTIVE,CHAT_REGION,0.0065,1003.55,226.17,939.60,229.89,949.63,269.63,953.91,348.96,957.90,610.68,1159.17,429.40,751.21,434.11,1145.83,632.83,774.19,632.82,960.00,779.00
2.500,cam1,IDLE_ATTENTIVE,CHAT_REGION,0.0069,1003.51,226.46,939.59,230.21,949.62,269.88,953.91,349.15,957.90,610.68,1159.03,429.60,751.35,434.31,1145.85,632.98,774.15,632.99,960.00,779.00
2.533,cam1,IDLE_ATTENTIVE,CHAT_REGION,0.0072,1003.41,226.79,939.52,230.61,949.60,270.12,953.91,349.35,957.90,610.69,1158.88,429.80,751.48,434.51,1145.86,633.14,774.12,633.15,960.00,779.00
2.567,cam1,IDLE_ATTENTIVE,CAMERA_LENS,0.0076,1003.37,227.10,939.51,230.95,949.58,270.37,953.91,349.54,957.90,610.69,1158.74,430.00,751.61,434.71,1145.88,633.29,774.10,633.32,960.00,779.00
2.600,cam1,IDLE_ATTENTIVE,CAMERA_LENS,0.0080,1003.32,227.43,939.49,231.31,949.57,270.62,953.91,349.74,957.90,610.69,1158.60,430.20,751.74,434.91,1145.89,633.45,774.07,633.49,960.00,779.00
2.633,cam1,IDLE_ATTENTIVE,CAMERA_LENS,0.0083,1003.29,227.78,939.48,231.66,949.57,270.86,953.90,349.93,957.90,610.70,1158.46,430.39,751.87,435.10,1145.90,633.60,774.04,633.65,960.00,779.00
2.667,cam1,IDLE_ATTENTIVE,CAMERA_LENS,0.0088,1003.23,228.33,939.40,232.19,949.61,271.15,953.90,350.14,957.90,610.70,1158.31,430.60,752.01,435.32,1145.91,633.76,774.02,633.82,960.00,779.00
2.700,cam1,IDLE_ATTENTIVE,CAMERA_LENS,0.0092,1003.00,229.14,939.03,232.93,949.75,271.46,953.90,350.33,957.90,610.71,1158.17,430.79,752.14,435.51,1145.92,633.91,774.00,633.99,960.00,779.00
2.733,cam1,IDLE_ATTENTIVE,CAMERA_LENS,0.0097,1002.60,230.27,938.36,233.92,950.00,271.81,953.90,350.52,957.90,610.71,1158.03,430.98,752.27,435.70,1145.93,634.05,773.97,634.14,960.00,779.00
2.767,cam1,IDLE_ATTENTIVE,CAMERA_LENS,0.0101,1001.91,231.68,937.28,235.13,950.35,272.23,953.90,350.70,957.90,610.71,1157.90,431.16,752.39,435.89,1145.93,634.19,773.96,634.29,960.00,779.00
2.800,cam1,IDLE_ATTENTIVE,CAMERA_LENS,0.0106,1001.07,233.46,936.00,236.61,950.77,272.70,953.90,350.88,957.90,610.71,1157.76,431.34,752.51,436.07,1145.94,634.33,773.94,634.44,960.00,779.00
2.833,cam1,IDLE_ATTENTIVE,CAMERA_LENS,0.0111,999.91,235.54,934.37,238.32,951.23,273.21,953.90,351.04,957.90,610.72,1157.65,431.50,752.62,436.23,1145.94,634.45,773.92,634.58,960.00,779.00
2.867,cam1,IDLE_ATTENTIVE,CAMERA_LENS,0.0115,998.38,237.81,932.36,240.19,951.68,273.77,953.90,351.20,957.90,610.72,1157.53,431.66,752.73,436.40,1145.95,634.58,773.91,634.71,960.00,779.00
2.900,cam1,IDLE_ATTENTIVE,CAMERA_LENS,0.0121,996.67,240.21,930.25,242.11,952.08,274.34,953.90,351.34,957.90,610.72,1157.42,431.80,752.83,436.54,1145.95,634.68,773.90,634.83,960.00,779.00
2.933,cam1,IDLE_ATTENTIVE,CAMERA_LENS,0.0126,994.76,242.55,928.01,243.95,952.41,274.92,953.90,351.49,957.90,610.72,1157.31,431.94,752.93,436.68,1145.95,634.80,773.88,634.95,960.00,779.00
2.967,cam1,IDLE_ATTENTIVE,CAMERA_LENS,0.0132,992.98,244.66,926.01,245.56,952.67,275.44,953.90,351.61,957.90,610.72,1157.21,432.06,753.02,436.81,1145.95,634.89,773.87,635.05,960.00,779.00
3.000,cam1,IDLE_ATTENTIVE,CAMERA_LENS,0.0138,991.25,246.42,924.15,246.91,952.84,275.91,953.89,351.72,957.90,610.72,1157.13,432.17,753.10,436.92,1145.95,634.98,773.87,635.15,960.00,779.00
3.033,cam1,IDLE_ATTENTIVE,CAMERA_LENS,0.0144,989.88,247.88,922.71,248.04,952.95,276.32,953.89,351.83,957.90,610.72,1157.04,432.28,753.18,437.03,1145.95,635.07,773.86,635.25,960.00,779.00
3.067,cam1,IDLE_ATTENTIVE,CAMERA_LENS,0.0150,988.87,248.86,921.67,248.81,953.01,276.59,953.89,351.90,957.90,610.72,1156.97,432.35,753.24,437.10,1145.95,635.13,773.85,635.31,960.00,779.00
3.100,cam1,IDLE_ATTENTIVE,CAMERA_LENS,0.0155,988.38,249.40,921.18,249.23,953.04,276.76,953.89,351.95,957.90,610.72,1156.92,432.40,753.29,437.15,1145.95,635.18,773.85,635.37,960.00,779.00
3.133,cam1,IDLE_ATTENTIVE,CAMERA_LENS,0.0161,988.19,249.71,921.00,249.52,953.05,276.90,953.89,352.03,957.90,610.72,1156.86,432.48,753.35,437.23,1145.95,635.24,773.85,635.43,960.00,779.00
3.167,cam1,IDLE_ATTENTIVE,CAMERA_LENS,0.0168,988.16,249.76,920.98,249.57,953.05,276.97,953.89,352.07,957.90,610.72,1156.81,432.52,753.40,437.27,1145.95,635.29,773.84,635.49,960.00,779.00
3.200,cam1,IDLE_ATTENTIVE,CAMERA_LENS,0.0174,987.99,249.85,920.82,249.68,953.05,277.04,953.89,352.12,957.90,610.72,1156.76,432.57,753.44,437.32,1145.94,635.34,773.84,635.53,960.00,779.00
3.233,cam1,IDLE_ATTENTIVE,CAMERA_LENS,0.0179,987.98,249.90,920.82,249.73,953.05,277.10,953.89,352.17,957.90,610.72,1156.72,432.62,753.48,437.37,1145.94,635.38,773.84,635.58,960.00,779.00
3.267,cam1,IDLE_ATTENTIVE,CAMERA_LENS,0.0185,987.94,249.92,920.79,249.74,953.05,277.12,953.89,352.18,957.90,610.71,1156.69,432.62,753.51,437.38,1145.94,635.40,773.84,635.60,960.00,779.00
3.300,cam1,IDLE_ATTENTIVE,CAMERA_LENS,0.0192,987.98,249.90,920.84,249.74,953.05,277.12,953.89,352.18,957.90,610.71,1156.67,432.63,753.53,437.38,1145.94,635.41,773.84,635.62,960.00,779.00
3.333,cam1,IDLE_ATTENTIVE,CAMERA_LENS,0.0198,987.91,249.76,920.76,249.61,953.05,277.05,953.89,352.13,957.90,610.71,1156.69,432.58,753.51,437.33,1145.94,635.39,773.84,635.60,960.00,779.00
3.367,cam1,IDLE_ATTENTIVE,CAMERA_LENS,0.0204,987.80,249.77,920.66,249.60,953.05,277.05,953.89,352.13,957.90,610.70,1156.67,432.57,753.53,437.32,1145.94,635.40,773.84,635.61,960.00,779.00
3.400,cam1,IDLE_ATTENTIVE,CAMERA_LENS,0.0209,987.71,249.77,920.57,249.62,953.05,277.04,953.89,352.12,957.90,610.70,1156.66,432.56,753.54,437.31,1145.94,635.41,773.84,635.61,960.00,779.00
3.433,cam1,IDLE_ATTENTIVE,CAMERA_LENS,0.0215,987.69,249.79,920.55,249.63,953.05,277.05,953.89,352.12,957.90,610.70,1156.65,432.57,753.55,437.32,1145.94,635.42,773.84,635.63,960.00,779.00
3.467,cam1,IDLE_ATTENTIVE,CAMERA_LENS,0.0219,987.67,249.77,920.55,249.63,953.05,277.07,953.89,352.14,957.90,610.70,1156.63,432.58,753.57,437.33,1145.94,635.44,773.84,635.65,960.00,779.00
3.500,cam1,IDLE_ATTENTIVE,CAMERA_LENS,0.0224,987.69,249.73,920.56,249.59,953.05,277.05,953.89,352.12,957.90,610.69,1156.62,432.56,753.58,437.31,1145.94,635.44,773.84,635.65,960.00,779.00
3.533,cam1,IDLE_ATTENTIVE,CAMERA_LENS,0.0229,987.73,249.77,920.60,249.61,953.05,277.03,953.89,352.11,957.90,610.69,1156.62,432.55,753.58,437.30,1145.94,635.44,773.84,635.65,960.00,779.00
3.567,cam1,IDLE_ATTENTIVE,CAMERA_LENS,0.0233,987.66,249.77,920.54,249.60,953.05,277.03,953.89,352.11,957.90,610.69,1156.61,432.55,753.59,437.30,1145.94,635.45,773.84,635.66,960.00,779.00
3.600,cam1,IDLE_ATTENTIVE,CAMERA_LENS,0.0237,987.66,249.72,920.54,249.53,953.05,276.97,953.89,352.06,957.90,610.68,1156.63,432.50,753.57,437.25,1145.94,635.43,773.84,635.63,960.00,779.00
3.633,cam1,IDLE_ATTENTIVE,CAMERA_LENS,0.0241,987.65,249.68,920.53,249.48,953.05,276.95,953.89,352.04,957.90,610.68,1156.63,432.49,753.57,437.23,1145.94,635.43,773.84,635.63,960.00,779.00
3.667,cam1,IDLE_ATTENTIVE,CAMERA_LENS,0.0246,987.64,249.63,920.52,249.42,953.05,276.91,953.89,352.01,957.90,610.68,1156.63,432.46,753.57,437.21,1145.93,635.42,773.84,635.62,960.00,779.00
3.700,cam1,IDLE_ATTENTIVE,CAMERA_LENS,0.0250,987.60,249.48,920.48,249.30,953.05,276.87,953.89,351.98,957.90,610.68,1156.64,432.43,753.56,437.17,1145.93,635.40,773.84,635.60,960.00,779.00
3.733,cam1,IDLE_ATTENTIVE,CAMERA_LENS,0.0255,987.47,249.44,920.35,249.24,953.05,276.81,953.89,351.93,957.90,610.67,1156.66,432.38,753.55,437.13,1145.93,635.38,773.85,635.58,960.00,779.00
3.767,cam1,IDLE_ATTENTIVE,CAMERA_LENS,0.0260,987.52,249.39,920.39,249.21,953.05,276.79,953.89,351.92,957.90,610.67,1156.65,432.36,753.55,437.11,1145.93,635.38,773.85,635.58,960.00,779.00
3.800,cam1,IDLE_ATTENTIVE,CAMERA_LENS,0.0265,987.46,249.35,920.34,249.17,953.05,276.79,953.89,351.91,957.90,610.67,1156.64,432.36,753.56,437.10,1145.93,635.39,773.85,635.59,960.00,779.00
3.833,cam1,IDLE_ATTENTIVE,CAMERA_LENS,0.0269,987.38,249.41,920.27,249.26,953.05,276.84,953.89,351.95,957.90,610.66,1156.61,432.40,753.59,437.14,1145.93,635.42,773.84,635.63,960.00,779.00
3.867,cam1,IDLE_ATTENTIVE,CAMERA_LENS,0.0274,987.39,249.24,920.28,249.11,953.05,276.78,953.89,351.91,957.90,610.66,1156.62,432.36,753.58,437.10,1145.93,635.41,773.85,635.61,960.00,779.00
3.900,cam1,IDLE_ATTENTIVE,CAMERA_LENS,0.0280,987.42,249.23,920.31,249.10,953.05,276.76,953.89,351.89,957.90,610.66,1156.61,432.34,753.59,437.08,1145.93,635.41,773.85,635.61,960.00,779.00
3.933,cam1,IDLE_ATTENTIVE,CAMERA_LENS,0.0287,987.44,249.10,920.33,249.02,953.05,276.71,953.89,351.85,957.90,610.65,1156.62,432.30,753.58,437.04,1145.93,635.39,773.85,635.60,960.00,779.00
3.967,cam1,IDLE_ATTENTIVE,CAMERA_LENS,0.0293,987.40,248.89,920.29,248.81,953.05,276.60,953.89,351.77,957.90,610.65,1156.66,432.21,753.55,436.95,1145.93,635.35,773.85,635.55,960.00,779.00
4.000,cam1,IDLE_ATTENTIVE,CAMERA_LENS,0.0298,987.38,248.79,920.26,248.72,953.05,276.53,953.89,351.71,957.90,610.64,1156.68,432.16,753.53,436.90,1145.93,635.32,773.85,635.52,960.00,779.00
4.033,cam1,IDLE_ATTENTIVE,CAMERA_LENS,0.0304,987.48,248.63,920.35,248.56,953.05,276.39,953.89,351.61,957.90,610.64,1156.73,432.06,753.48,436.79,1145.93,635.26,773.86,635.45,960.00,779.00
4.067,cam1,IDLE_ATTENTIVE,CAMERA_LENS,0.0309,987.50,248.35,920.36,248.29,953.05,276.22,953.89,351.47,957.90,610.63,1156.81,431.93,753.41,436.66,1145.93,635.18,773.87,635.36,960.00,779.00
4.100,cam1,IDLE_ATTENTIVE,CAMERA_LENS,0.0314,987.55,248.10,920.39,248.02,953.05,276.04,953.89,351.34,957.90,610.62,1156.88,431.79,753.35,436.52,1145.93,635.10,773.87,635.27,960.00,779.00
4.133,cam1,IDLE_ATTENTIVE,CAMERA_LENS,0.0321,987.60,247.78,920.42,247.69,953.05,275.78,953.89,351.15,957.90,610.62,1156.99,431.60,753.25,436.32,1145.93,634.98,773.88,635.14,960.00,779.00
4.167,cam1,IDLE_ATTENTIVE,CAMERA_LENS,0.0327,987.69,247.38,920.49,247.27,953.06,275.52,953.89,350.95,957.90,610.61,1157.10,431.40,753.14,436.12,1145.93,634.85,773.90,635.01,960.00,779.00
4.200,cam1,IDLE_ATTENTIVE,CAMERA_LENS,0.0333,987.69,247.00,920.46,246.88,953.06,275.24,953.90,350.74,957.90,610.60,1157.23,431.19,753.03,435.91,1145.93,634.71,773.91,634.86,960.00,779.00
4.233,cam1,IDLE_ATTENTIVE,CAMERA_LENS,0.0339,987.84,246.53,920.58,246.39,953.06,274.92,953.90,350.49,957.90,610.59,1157.37,430.95,752.90,435.66,1145.93,634.55,773.93,634.68,960.00,779.00
4.267,cam1,IDLE_ATTENTIVE,CAMERA_LENS,0.0346,987.83,246.06,920.54,245.91,953.06,274.60,953.90,350.25,957.90,610.58,1157.52,430.70,752.77,435.41,1145.92,634.39,773.95,634.50,960.00,779.00
4.300,cam1,IDLE_ATTENTIVE,CAMERA_LENS,0.0352,987.85,245.57,920.53,245.43,953.06,274.26,953.90,349.99,957.90,610.57,1157.67,430.44,752.62,435.15,1145.92,634.21,773.97,634.32,960.00,779.00
4.333,cam1,IDLE_ATTENTIVE,CAMERA_LENS,0.0357,987.90,245.14,920.55,244.97,953.07,273.93,953.90,349.75,957.90,610.56,1157.83,430.19,752.49,434.89,1145.91,634.04,773.99,634.13,960.00,779.00
4.367,cam1,IDLE_ATTENTIVE,CAMERA_LENS,0.0362,987.99,244.61,920.61,244.44,953.07,273.59,953.90,349.49,957.90,610.55,1157.99,429.93,752.34,434.63,1145.90,633.86,774.02,633.93,960.00,779.00
4.400,cam1,IDLE_ATTENTIVE,CAMERA_LENS,0.0367,988.04,244.10,920.62,243.93,953.07,273.25,953.90,349.23,957.90,610.54,1158.15,429.67,752.19,434.36,1145.89,633.68,774.04,633.74,960.00,779.00
4.433,cam1,IDLE_ATTENTIVE,CAMERA_LENS,0.0373,988.13,243.55,920.68,243.35,953.07,272.90,953.90,348.96,957.90,610.53,1158.32,429.40,752.04,434.09,1145.88,633.49,774.08,633.53,960.00,779.00
4.467,cam1,IDLE_ATTENTIVE,CAMERA_LENS,0.0377,988.10,243.04,920.61,242.81,953.08,272.55,953.91,348.70,957.90,610.52,1158.49,429.12,751.88,433.81,1145.87,633.29,774.11,633.32,960.00,779.00
4.500,cam1,IDLE_ATTENTIVE,CAMERA_LENS,0.0382,988.12,242.53,920.59,242.32,953.08,272.19,953.91,348.42,957.90,610.50,1158.67,428.84,751.72,433.53,1145.85,633.09,774.14,633.10,960.00,779.00
4.533,cam1,IDLE_ATTENTIVE,CAMERA_LENS,0.0387,988.18,241.98,920.61,241.77,953.08,271.83,953.91,348.15,957.90,610.49,1158.84,428.56,751.56,433.25,1145.83,632.89,774.18,632.88,960.00,779.00
4.567,cam1,IDLE_ATTENTIVE,CAMERA_LENS,0.0393,988.20,241.40,920.60,241.21,953.08,271.46,953.91,347.88,957.90,610.48,1159.02,428.27,751.40,432.96,1145.81,632.68,774.22,632.66,960.00,779.00
4.600,cam1,IDLE_ATTENTIVE,CAMERA_LENS,0.0397,988.24,240.91,920.60,240.72,953.09,271.12,953.91,347.61,957.90,610.47,1159.19,428.00,751.24,432.68,1145.79,632.48,774.26,632.44,960.00,779.00
4.633,cam1,IDLE_ATTENTIVE,CAMERA_LENS,0.0402,988.39,240.34,920.72,240.15,953.09,270.78,953.91,347.36,957.90,610.46,1159.36,427.73,751.09,432.42,1145.77,632.28,774.30,632.23,960.00,779.00
4.667,cam1,IDLE_ATTENTIVE,CAMERA_LENS,0.0405,988.32,239.86,920.60,239.70,953.09,270.44,953.92,347.10,957.90,610.45,1159.53,427.46,750.93,432.15,1145.74,632.08,774.34,632.02,960.00,779.00
4.700,cam1,IDLE_ATTENTIVE,CAMERA_LENS,0.0407,988.39,239.40,920.65,239.23,953.09,270.13,953.92,346.87,957.90,610.44,1159.69,427.22,750.78,431.90,1145.71,631.89,774.38,631.81,960.00,779.00
4.733,cam1,IDLE_ATTENTIVE,CAMERA_LENS,0.0410,988.48,239.07,920.71,238.88,953.10,269.86,953.92,346.66,957.90,610.44,1159.83,427.00,750.66,431.69,1145.69,631.72,774.42,631.63,960.00,779.00
4.767,cam1,IDLE_ATTENTIVE,CAMERA_LENS,0.0414,988.56,238.64,920.75,238.46,953.10,269.57,953.92,346.44,957.90,610.43,1159.98,426.76,750.52,431.45,1145.67,631.54,774.46,631.44,960.00,779.00
4.800,cam1,IDLE_ATTENTIVE,CAMERA_LENS,0.0417,988.60,238.28,920.76,238.11,953.10,269.31,953.92,346.25,957.90,610.42,1160.11,426.56,750.40,431.25,1145.64,631.39,774.50,631.28,960.00,779.00
4.833,cam1,IDLE_ATTENTIVE,CAMERA_LENS,0.0422,988.61,237.86,920.75,237.69,953.10,269.06,953.92,346.06,957.90,610.41,1160.24,426.35,750.29,431.05,1145.62,631.23,774.54,631.11,960.00,779.00
4.867,cam1,IDLE_ATTENTIVE,CAMERA_LENS,0.0425,988.68,237.47,920.79,237.32,953.11,268.84,953.92,345.89,957.90,610.41,1160.35,426.17,750.18,430.87,1145.59,631.10,774.57,630.96,960.00,779.00
4.900,cam1,IDLE_ATTENTIVE,CAMERA_LENS,0.0428,988.68,237.07,920.78,236.93,953.11,268.63,953.93,345.74,957.90,610.40,1160.46,426.00,750.09,430.70,1145.57,630.97,774.61,630.83,960.00,779.00
4.933,cam1,IDLE_ATTENTIVE,CAMERA_LENS,0.0431,988.71,236.83,920.78,236.68,953.11,268.46,953.93,345.61,957.90,610.39,1160.55,425.86,750.01,430.56,1145.55,630.86,774.64,630.71,960.00,779.00
4.967,cam1,IDLE_ATTENTIVE,CAMERA_LENS,0.0433,988.73,236.63,920.78,236.50,953.11,268.30,953.93,345.48,957.90,610.39,1160.63,425.73,749.93,430.43,1145.53,630.76,774.66,630.60,960.00,779.00
5.000,cam1,IDLE_ATTENTIVE,CAMERA_LENS,0.0436,988.63,236.39,920.67,236.26,953.11,268.14,953.93,345.36,957.90,610.38,1160.72,425.60,749.85,430.30,1145.52,630.66,774.69,630.49,960.00,779.00
5.033,cam1,IDLE_ATTENTIVE,CAMERA_LENS,0.0438,988.70,236.19,920.72,236.07,953.11,268.02,953.93,345.27,957.90,610.38,1160.78,425.50,749.80,430.20,1145.50,630.58,774.71,630.41,960.00,779.00
5.067,cam1,IDLE_ATTENTIVE,CAMERA_LENS,0.0440,988.79,236.08,920.80,235.97,953.11,267.94,953.93,345.21,957.90,610.38,1160.82,425.44,749.76,430.14,1145.49,630.53,774.73,630.36,960.00,779.00
5.100,cam1,IDLE_ATTENTIVE,CAMERA_LENS,0.0442,988.82,236.00,920.83,235.88,953.11,267.87,953.93,345.16,957.90,610.37,1160.85,425.38,749.73,430.09,1145.48,630.49,774.74,630.31,960.00,779.00
5.133,cam1,IDLE_ATTENTIVE,CAMERA_LENS,0.0444,988.76,235.95,920.77,235.84,953.11,267.84,953.93,345.14,957.90,610.37,1160.86,425.35,749.72,430.06,1145.48,630.47,774.74,630.29,960.00,779.00
5.167,cam1,IDLE_ATTENTIVE,CAMERA_LENS,0.0446,988.83,235.93,920.84,235.81,953.11,267.82,953.93,345.12,957.90,610.37,1160.87,425.33,749.72,430.04,1145.48,630.46,774.74,630.28,960.00,779.00
5.200,cam1,IDLE_ATTENTIVE,CAMERA_LENS,0.0450,988.82,235.98,920.83,235.85,953.11,267.83,953.93,345.13,957.90,610.37,1160.86,425.34,749.73,430.05,1145.48,630.48,774.74,630.30,960.00,779.00
5.233,cam1,IDLE_ATTENTIVE,CAMERA_LENS,0.0453,988.82,235.97,920.83,235.86,953.11,267.84,953.93,345.13,957.90,610.37,1160.84,425.35,749.74,430.06,1145.48,630.49,774.74,630.31,960.00,779.00
5.267,cam1,IDLE_ATTENTIVE,CAMERA_LENS,0.0456,988.87,235.95,920.89,235.84,953.11,267.82,953.93,345.12,957.90,610.37,1160.84,425.33,749.74,430.04,1145.48,630.48,774.74,630.31,960.00,779.00
5.300,cam1,IDLE_ATTENTIVE,CAMERA_LENS,0.0458,988.83,235.86,920.84,235.73,953.11,267.78,953.93,345.08,957.90,610.36,1160.86,425.29,749.72,430.00,1145.48,630.45,774.75,630.28,960.00,779.00
5.333,cam1,IDLE_ATTENTIVE,CAMERA_LENS,0.0461,988.80,235.84,920.81,235.72,953.11,267.75,953.93,345.06,957.90,610.36,1160.87,425.27,749.72,429.98,1145.48,630.44,774.75,630.26,960.00,779.00
5.367,cam1,IDLE_ATTENTIVE,CAMERA_LENS,0.0465,988.79,235.75,920.80,235.63,953.12,267.70,953.93,345.02,957.90,610.36,1160.89,425.23,749.70,429.93,1145.47,630.41,774.76,630.23,960.00,779.00
5.400,cam1,IDLE_ATTENTIVE,CAMERA_LENS,0.0468,988.75,235.72,920.76,235.58,953.12,267.67,953.93,345.00,957.90,610.36,1160.90,425.20,749.69,429.91,1145.47,630.40,774.76,630.22,960.00,779.00
5.433,cam1,IDLE_ATTENTIVE,CAMERA_LENS,0.0473,988.77,235.73,920.78,235.59,953.12,267.65,953.93,344.98,957.90,610.35,1160.90,425.18,749.69,429.89,1145.47,630.39,774.76,630.21,960.00,779.00
5.467,cam1,IDLE_ATTENTIVE,CAMERA_LENS,0.0477,988.76,235.74,920.77,235.57,953.12,267.65,953.93,344.99,957.90,610.35,1160.89,425.19,749.71,429.90,1145.47,630.41,774.76,630.22,960.00,779.00
5.500,cam1,IDLE_ATTENTIVE,CAMERA_LENS,0.0480,988.77,235.73,920.78,235.55,953.12,267.62,953.93,344.96,957.90,610.35,1160.90,425.16,749.70,429.87,1145.47,630.39,774.76,630.21,960.00,779.00
5.533,cam1,IDLE_ATTENTIVE,CAMERA_LENS,0.0484,988.74,235.75,920.75,235.58,953.12,267.64,953.93,344.97,957.90,610.35,1160.88,425.17,749.71,429.88,1145.47,630.41,774.76,630.23,960.00,779.00
5.567,cam1,IDLE_ATTENTIVE,CAMERA_LENS,0.0487,988.80,235.72,920.82,235.58,953.12,267.63,953.93,344.97,957.90,610.35,1160.87,425.17,749.72,429.88,1145.47,630.41,774.75,630.23,960.00,779.00
5.600,cam1,IDLE_ATTENTIVE,CAMERA_LENS,0.0491,988.77,235.78,920.80,235.61,953.11,267.66,953.93,344.99,957.90,610.35,1160.85,425.19,749.74,429.90,1145.48,630.44,774.75,630.26,960.00,779.00
5.633,cam1,IDLE_ATTENTIVE,CAMERA_LENS,0.0495,988.78,235.89,920.82,235.70,953.11,267.74,953.93,345.05,957.90,610.35,1160.80,425.25,749.79,429.96,1145.49,630.50,774.73,630.32,960.00,779.00
5.667,cam1,IDLE_ATTENTIVE,CAMERA_LENS,0.0499,988.72,236.03,920.77,235.81,953.11,267.80,953.93,345.09,957.90,610.35,1160.75,425.30,749.83,430.01,1145.50,630.55,774.72,630.38,960.00,779.00
5.700,cam1,IDLE_ATTENTIVE,CAMERA_LENS,0.0504,988.72,236.08,920.79,235.89,953.11,267.87,953.93,345.15,957.90,610.34,1160.70,425.36,749.88,430.06,1145.51,630.61,774.70,630.44,960.00,779.00
5.733,cam1,IDLE_ATTENTIVE,CAMERA_LENS,0.0509,988.70,236.19,920.78,236.02,953.11,267.96,953.93,345.22,957.90,610.34,1160.63,425.43,749.94,430.14,1145.52,630.68,774.68,630.51,960.00,779.00
5.767,cam1,IDLE_ATTENTIVE,CAMERA_LENS,0.0513,988.68,236.38,920.78,236.22,953.11,268.10,953.93,345.32,957.90,610.35,1160.55,425.54,750.02,430.24,1145.54,630.78,774.65,630.62,960.00,779.00
5.800,cam1,IDLE_ATTENTIVE,CAMERA_LENS,0.0519,988.71,236.59,920.84,236.43,953.11,268.25,953.93,345.43,957.90,610.35,1160.44,425.67,750.12,430.37,1145.56,630.89,774.62,630.74,960.00,779.00
5.833,cam1,IDLE_ATTENTIVE,CAMERA_LENS,0.0524,988.78,236.70,920.92,236.53,953.11,268.35,953.93,345.50,957.90,610.35,1160.38,425.75,750.18,430.44,1145.58,630.96,774.60,630.82,960.00,779.00
5.867,cam1,IDLE_ATTENTIVE,CAMERA_LENS,0.0530,988.83,236.96,920.99,236.78,953.11,268.51,953.92,345.62,957.90,610.35,1160.28,425.87,750.27,430.57,1145.60,631.08,774.57,630.94,960.00,779.00
5.900,cam1,IDLE_ATTENTIVE,CAMERA_LENS,0.0535,988.82,237.22,921.01,237.05,953.10,268.68,953.92,345.75,957.90,610.35,1160.17,426.01,750.37,430.70,1145.62,631.20,774.54,631.07,960.00,779.00
5.933,cam1,IDLE_ATTENTIVE,CAMERA_LENS,0.0541,988.81,237.47,921.03,237.30,953.10,268.84,953.92,345.87,957.90,610.35,1160.06,426.14,750.47,430.83,1145.63,631.32,774.51,631.20,960.00,779.00
5.967,cam1,IDLE_ATTENTIVE,CAMERA_LENS,0.0547,988.73,237.69,920.98,237.54,953.10,269.03,953.92,346.01,957.90,610.35,1159.94,426.29,750.58,430.98,1145.66,631.45,774.48,631.35,960.00,779.00
6.000,cam1,IDLE_ATTENTIVE,CAMERA_LENS,0.0553,988.68,237.93,920.95,237.80,953.10,269.20,953.92,346.14,957.90,610.35,1159.83,426.43,750.68,431.12,1145.67,631.58,774.45,631.48,960.00,779.00
6.033,cam1,IDLE_ATTENTIVE,CAMERA_LENS,0.0558,988.82,238.19,921.12,238.06,953.10,269.40,953.92,346.29,957.90,610.35,1159.71,426.59,750.79,431.27,1145.69,631.71,774.42,631.62,960.00,779.00
6.067,cam1,IDLE_ATTENTIVE,CAMERA_LENS,0.0562,988.69,238.52,921.02,238.42,953.09,269.61,953.92,346.45,957.90,610.36,1159.58,426.76,750.91,431.44,1145.71,631.86,774.39,631.78,960.00,779.00
6.100,cam1,IDLE_ATTENTIVE,CAMERA_LENS,0.0566,988.63,238.82,920.99,238.72,953.09,269.84,953.92,346.62,957.90,610.36,1159.45,426.94,751.03,431.62,1145.73,632.01,774.35,631.94,960.00,779.00
6.133,cam1,IDLE_ATTENTIVE,CAMERA_LENS,0.0568,988.54,239.11,920.93,239.03,953.09,270.08,953.92,346.80,957.90,610.37,1159.31,427.13,751.16,431.81,1145.75,632.17,774.32,632.11,960.00,779.00
6.167,cam1,IDLE_ATTENTIVE,CAMERA_LENS,0.0571,988.55,239.48,920.97,239.36,953.09,270.30,953.91,346.96,957.90,610.37,1159.19,427.31,751.27,431.99,1145.77,632.31,774.29,632.26,960.00,779.00
6.200,cam1,IDLE_ATTENTIVE,CAMERA_LENS,0.0573,988.45,239.82,920.90,239.72,953.09,270.54,953.91,347.14,957.90,610.37,1159.05,427.50,751.39,432.17,1145.79,632.46,774.26,632.43,960.00,779.00
6.233,cam1,IDLE_ATTENTIVE,CAMERA_LENS,0.0574,988.42,240.16,920.90,240.05,953.08,270.79,953.91,347.33,957.90,610.38,1158.91,427.69,751.52,432.37,1145.80,632.62,774.23,632.59,960.00,779.00
6.267,cam1,IDLE_ATTENTIVE,CAMERA_LENS,0.0575,988.30,240.46,920.81,240.35,953.08,271.04,953.91,347.52,957.90,610.38,1158.78,427.89,751.64,432.56,1145.82,632.77,774.20,632.76,960.00,779.00
6.300,cam1,IDLE_ATTENTIVE,CAMERA_LENS,0.0576,988.31,240.86,920.85,240.72,953.08,271.29,953.91,347.70,957.90,610.39,1158.64,428.08,751.77,432.76,1145.83,632.93,774.18,632.93,960.00,779.00
6.333,cam1,IDLE_ATTENTIVE,CAMERA_LENS,0.0578,988.26,241.25,920.83,241.11,953.08,271.53,953.91,347.89,957.90,610.39,1158.51,428.28,751.89,432.95,1145.84,633.08,774.15,633.09,960.00,779.00
6.367,cam1,IDLE_ATTENTIVE,CAMERA_LENS,0.0581,988.44,241.64,921.04,241.49,953.08,271.78,953.91,348.07,957.90,610.40,1158.37,428.47,752.02,433.14,1145.85,633.23,774.12,633.26,960.00,779.00
6.400,cam1,IDLE_ATTENTIVE,CAMERA_LENS,0.0583,988.31,242.02,920.95,241.86,953.07,272.03,953.90,348.26,957.90,610.40,1158.23,428.66,752.14,433.34,1145.86,633.39,774.10,633.42,960.00,779.00
6.433,cam1,IDLE_ATTENTIVE,CAMERA_LENS,0.0586,988.27,242.29,920.93,242.15,953.07,272.26,953.90,348.43,957.90,610.41,1158.10,428.84,752.26,433.52,1145.87,633.53,774.08,633.57,960.00,779.00
6.467,cam1,IDLE_ATTENTIVE,CAMERA_LENS,0.0589,988.32,242.65,921.02,242.54,953.07,272.48,953.90,348.60,957.90,610.41,1157.98,429.02,752.38,433.69,1145.88,633.66,774.06,633.72,960.00,779.00
6.500,cam1,IDLE_ATTENTIVE,CAMERA_LENS,0.0592,988.25,242.99,920.98,242.88,953.07,272.71,953.90,348.77,957.90,610.41,1157.85,429.19,752.49,433.87,1145.89,633.80,774.04,633.87,960.00,779.00
6.533,cam1,IDLE_ATTENTIVE,CAMERA_LENS,0.0595,988.28,243.30,921.03,243.18,953.07,272.93,953.90,348.93,957.90,610.42,1157.73,429.36,752.61,434.04,1145.89,633.94,774.02,634.01,960.00,779.00
6.567,cam1,IDLE_ATTENTIVE,CAMERA_LENS,0.0598,988.15,243.64,920.93,243.51,953.06,273.15,953.90,349.11,957.90,610.42,1157.60,429.53,752.72,434.21,1145.90,634.07,774.00,634.16,960.00,779.00
6.600,cam1,IDLE_ATTENTIVE,MAIN_MONITOR_CENTER,0.0601,988.16,243.88,920.96,243.75,953.06,273.36,953.90,349.26,957.90,610.42,1157.49,429.69,752.83,434.37,1145.90,634.20,773.99,634.29,960.00,779.00
6.633,cam1,IDLE_ATTENTIVE,MAIN_MONITOR_CENTER,0.0605,988.19,244.19,921.03,244.04,953.06,273.57,953.90,349.42,957.90,610.43,1157.37,429.85,752.94,434.54,1145.90,634.33,773.97,634.44,960.00,779.00
6.667,cam1,IDLE_ATTENTIVE,MAIN_MONITOR_CENTER,0.0610,988.10,244.43,920.97,244.30,953.06,273.81,953.90,349.61,957.90,610.43,1157.23,430.04,753.07,434.73,1145.91,634.48,773.96,634.60,960.00,779.00
6.700,cam1,IDLE_ATTENTIVE,MAIN_MONITOR_CENTER,0.0614,988.02,244.41,920.92,244.25,953.06,273.91,953.89,349.75,957.90,610.43,1157.12,430.19,753.17,434.87,1145.91,634.59,773.95,634.72,960.00,779.00
6.733,cam1,IDLE_ATTENTIVE,MAIN_MONITOR_CENTER,0.0619,987.75,243.89,920.69,243.70,953.07,273.89,953.89,349.87,957.90,610.43,1157.02,430.31,753.26,434.99,1145.91,634.69,773.94,634.83,960.00,779.00
6.767,cam1,IDLE_ATTENTIVE,MAIN_MONITOR_CENTER,0.0623,987.53,243.09,920.51,242.85,953.08,273.78,953.89,349.97,957.90,610.43,1156.94,430.41,753.33,435.10,1145.91,634.78,773.93,634.93,960.00,779.00
6.800,cam1,IDLE_ATTENTIVE,MAIN_MONITOR_CENTER,0.0629,987.14,241.98,920.17,241.64,953.10,273.58,953.89,350.07,957.90,610.43,1156.86,430.51,753.41,435.20,1145.90,634.86,773.93,635.02,960.00,779.00
6.833,cam1,IDLE_ATTENTIVE,MAIN_MONITOR_CENTER,0.0634,986.78,240.73,919.87,240.29,953.14,273.35,953.89,350.15,957.90,610.43,1156.79,430.60,753.48,435.29,1145.90,634.94,773.92,635.09,960.00,779.00
6.867,cam1,IDLE_ATTENTIVE,MAIN_MONITOR_CENTER,0.0638,986.40,239.45,919.55,238.94,953.18,273.13,953.89,350.25,957.90,610.43,1156.71,430.69,753.55,435.38,1145.90,635.02,773.91,635.18,960.00,779.00
6.900,cam1,IDLE_ATTENTIVE,MAIN_MONITOR_CENTER,0.0642,986.12,238.35,919.33,237.78,953.23,272.95,953.89,350.34,957.90,610.44,1156.64,430.78,753.61,435.48,1145.90,635.09,773.91,635.26,960.00,779.00
6.933,cam1,IDLE_ATTENTIVE,MAIN_MONITOR_CENTER,0.0646,985.82,237.33,919.06,236.73,953.27,272.75,953.89,350.36,957.90,610.43,1156.61,430.81,753.64,435.50,1145.90,635.12,773.91,635.29,960.00,779.00
6.967,cam1,IDLE_ATTENTIVE,MAIN_MONITOR_CENTER,0.0650,985.74,236.76,919.02,236.14,953.30,272.63,953.89,350.39,957.90,610.43,1156.58,430.84,753.67,435.53,1145.90,635.15,773.91,635.32,960.00,779.00
7.000,cam1,IDLE_ATTENTIVE,MAIN_MONITOR_CENTER,0.0655,985.50,236.47,918.80,235.87,953.32,272.58,953.89,350.42,957.90,610.43,1156.55,430.86,753.70,435.55,1145.90,635.17,773.90,635.35,960.00,779.00
7.033,cam1,IDLE_ATTENTIVE,MAIN_MONITOR_CENTER,0.0660,985.46,236.40,918.76,235.84,953.32,272.58,953.89,350.43,957.90,610.43,1156.53,430.87,753.71,435.57,1145.90,635.19,773.90,635.37,960.00,779.00
7.067,cam1,IDLE_ATTENTIVE,MAIN_MONITOR_CENTER,0.0664,985.50,236.52,918.81,235.96,953.32,272.63,953.89,350.46,957.90,610.43,1156.50,430.90,753.75,435.60,1145.89,635.22,773.90,635.41,960.00,779.00
7.100,cam1,IDLE_ATTENTIVE,MAIN_MONITOR_CENTER,0.0668,985.43,236.76,918.74,236.23,953.31,272.69,953.89,350.48,957.90,610.43,1156.47,430.92,753.77,435.62,1145.89,635.25,773.90,635.43,960.00,779.00
7.133,cam1,IDLE_ATTENTIVE,MAIN_MONITOR_CENTER,0.0673,985.40,236.90,918.71,236.39,953.30,272.74,953.89,350.49,957.90,610.42,1156.45,430.93,753.79,435.63,1145.89,635.27,773.90,635.45,960.00,779.00
7.167,cam1,IDLE_ATTENTIVE,MAIN_MONITOR_CENTER,0.0677,985.42,237.03,918.73,236.51,953.30,272.75,953.89,350.47,957.90,610.42,1156.46,430.91,753.79,435.61,1145.89,635.26,773.90,635.44,960.00,779.00
7.200,cam1,IDLE_ATTENTIVE,MAIN_MONITOR_CENTER,0.0680,985.34,237.06,918.64,236.61,953.29,272.73,953.89,350.42,957.90,610.42,1156.48,430.87,753.77,435.56,1145.89,635.23,773.90,635.41,960.00,779.00
7.233,cam1,IDLE_ATTENTIVE,MAIN_MONITOR_CENTER,0.0683,985.36,237.24,918.66,236.80,953.28,272.76,953.89,350.42,957.90,610.42,1156.47,430.86,753.77,435.56,1145.89,635.24,773.90,635.42,960.00,779.00
7.267,cam1,IDLE_ATTENTIVE,MAIN_MONITOR_CENTER,0.0684,985.47,237.38,918.76,236.96,953.28,272.78,953.89,350.41,957.90,610.42,1156.47,430.86,753.77,435.55,1145.89,635.23,773.90,635.42,960.00,779.00
7.300,cam1,IDLE_ATTENTIVE,MAIN_MONITOR_CENTER,0.0686,985.51,237.46,918.79,237.07,953.27,272.80,953.89,350.41,957.90,610.42,1156.47,430.85,753.77,435.54,1145.89,635.23,773.90,635.42,960.00,779.00
7.333,cam1,IDLE_ATTENTIVE,MAIN_MONITOR_CENTER,0.0688,985.50,237.57,918.79,237.20,953.27,272.85,953.89,350.42,957.90,610.42,1156.46,430.86,753.79,435.56,1145.89,635.25,773.90,635.43,960.00,779.00
7.367,cam1,IDLE_ATTENTIVE,MAIN_MONITOR_CENTER,0.0691,985.58,237.66,918.86,237.29,953.26,272.86,953.89,350.41,957.90,610.41,1156.46,430.85,753.78,435.54,1145.89,635.24,773.90,635.43,960.00,779.00
7.400,cam1,IDLE_ATTENTIVE,MAIN_MONITOR_CENTER,0.0694,985.57,237.76,918.85,237.40,953.26,272.85,953.89,350.38,957.90,610.41,1156.47,430.82,753.78,435.52,1145.89,635.23,773.90,635.41,960.00,779.00
7.433,cam1,IDLE_ATTENTIVE,MAIN_MONITOR_CENTER,0.0696,985.64,237.88,918.92,237.50,953.25,272.86,953.89,350.37,957.90,610.41,1156.47,430.81,753.77,435.50,1145.89,635.22,773.91,635.41,960.00,779.00
7.467,cam1,IDLE_ATTENTIVE,MAIN_MONITOR_CENTER,0.0698,985.83,237.89,919.09,237.51,953.25,272.82,953.89,350.32,957.90,610.41,1156.50,430.76,753.75,435.45,1145.89,635.19,773.91,635.37,960.00,779.00
7.500,cam1,IDLE_ATTENTIVE,MAIN_MONITOR_CENTER,0.0700,985.81,237.96,919.08,237.59,953.24,272.85,953.89,350.32,957.90,610.41,1156.49,430.77,753.76,435.46,1145.89,635.20,773.91,635.38,960.00,779.00
7.533,cam1,IDLE_ATTENTIVE,MAIN_MONITOR_CENTER,0.0702,985.79,238.17,919.07,237.82,953.24,272.97,953.89,350.40,957.90,610.41,1156.44,430.84,753.81,435.53,1145.89,635.26,773.90,635.45,960.00,779.00
7.567,cam1,IDLE_ATTENTIVE,MAIN_MONITOR_CENTER,0.0703,985.73,238.33,919.01,238.01,953.24,273.02,953.89,350.42,957.90,610.41,1156.42,430.86,753.83,435.56,1145.89,635.28,773.90,635.47,960.00,779.00
7.600,cam1,IDLE_ATTENTIVE,MAIN_MONITOR_CENTER,0.0704,985.65,238.37,918.92,238.08,953.23,273.01,953.89,350.40,957.90,610.41,1156.43,430.84,753.82,435.53,1145.89,635.27,773.90,635.45,960.00,779.00
7.633,cam1,IDLE_ATTENTIVE,MAIN_MONITOR_CENTER,0.0705,985.55,238.40,918.82,238.13,953.23,273.01,953.89,350.38,957.90,610.41,1156.44,430.82,753.81,435.52,1145.89,635.26,773.90,635.44,960.00,779.00
7.667,cam1,IDLE_ATTENTIVE,MAIN_MONITOR_CENTER,0.0704,985.53,238.56,918.80,238.28,953.23,273.05,953.89,350.40,957.90,610.41,1156.42,430.85,753.82,435.54,1145.89,635.27,773.90,635.46,960.00,779.00
7.700,cam1,IDLE_ATTENTIVE,MAIN_MONITOR_CENTER,0.0704,985.52,238.55,918.78,238.29,953.22,273.02,953.89,350.37,957.90,610.41,1156.45,430.81,753.80,435.50,1145.89,635.24,773.91,635.43,960.00,779.00
7.733,cam1,IDLE_ATTENTIVE,MAIN_MONITOR_CENTER,0.0704,985.54,238.55,918.80,238.30,953.22,273.03,953.89,350.36,957.90,610.41,1156.46,430.80,753.79,435.49,1145.89,635.24,773.91,635.42,960.00,779.00
7.767,cam1,IDLE_ATTENTIVE,MAIN_MONITOR_CENTER,0.0705,985.51,238.63,918.77,238.39,953.22,273.02,953.89,350.34,957.90,610.41,1156.47,430.78,753.78,435.48,1145.89,635.23,773.91,635.41,960.00,779.00
7.800,cam1,IDLE_ATTENTIVE,MAIN_MONITOR_CENTER,0.0705,985.51,238.62,918.76,238.41,953.22,272.98,953.89,350.30,957.90,610.40,1156.50,430.74,753.75,435.43,1145.89,635.19,773.91,635.37,960.00,779.00
7.833,cam1,IDLE_ATTENTIVE,MAIN_MONITOR_CENTER,0.0706,985.53,238.72,918.78,238.50,953.21,273.00,953.89,350.30,957.90,610.40,1156.49,430.74,753.76,435.43,1145.89,635.20,773.91,635.38,960.00,779.00
7.867,cam1,IDLE_ATTENTIVE,MAIN_MONITOR_CENTER,0.0706,985.55,238.66,918.79,238.47,953.21,272.94,953.89,350.24,957.90,610.40,1156.53,430.68,753.72,435.37,1145.89,635.16,773.91,635.33,960.00,779.00
7.900,cam1,IDLE_ATTENTIVE,MAIN_MONITOR_CENTER,0.0707,985.55,238.59,918.78,238.41,953.21,272.85,953.89,350.17,957.90,610.40,1156.58,430.61,753.68,435.30,1145.89,635.10,773.91,635.28,960.00,779.00
7.933,cam1,IDLE_ATTENTIVE,MAIN_MONITOR_CENTER,0.0710,985.58,238.47,918.80,238.28,953.21,272.77,953.89,350.10,957.90,610.40,1156.62,430.54,753.64,435.23,1145.89,635.06,773.92,635.23,960.00,779.00
7.967,cam1,IDLE_ATTENTIVE,MAIN_MONITOR_CENTER,0.0712,985.59,238.27,918.79,238.10,953.21,272.66,953.89,350.01,957.90,610.39,1156.67,430.45,753.59,435.13,1145.90,635.00,773.92,635.16,960.00,779.00
8.000,cam1,IDLE_ATTENTIVE,MAIN_MONITOR_CENTER,0.0715,985.61,238.21,918.81,238.06,953.21,272.58,953.89,349.94,957.90,610.39,1156.71,430.38,753.56,435.06,1145.90,634.95,773.93,635.11,960.00,779.00
8.033,cam1,IDLE_ATTENTIVE,MAIN_MONITOR_CENTER,0.0718,985.61,238.08,918.78,237.94,953.21,272.46,953.89,349.83,957.90,610.38,1156.78,430.27,753.50,434.95,1145.90,634.88,773.93,635.03,960.00,779.00
8.067,cam1,IDLE_ATTENTIVE,MAIN_MONITOR_CENTER,0.0720,985.65,237.86,918.81,237.71,953.21,272.32,953.89,349.72,957.90,610.38,1156.85,430.15,753.43,434.84,1145.90,634.80,773.94,634.94,960.00,779.00
8.100,cam1,IDLE_ATTENTIVE,MAIN_MONITOR_CENTER,0.0721,985.60,237.53,918.74,237.39,953.21,272.13,953.89,349.57,957.90,610.38,1156.95,430.00,753.34,434.68,1145.90,634.69,773.95,634.83,960.00,779.00
8.133,cam1,IDLE_ATTENTIVE,MAIN_MONITOR_CENTER,0.0722,985.68,237.36,918.80,237.23,953.21,271.97,953.90,349.44,957.90,610.37,1157.03,429.87,753.26,434.55,1145.90,634.59,773.96,634.72,960.00,779.00
8.167,cam1,IDLE_ATTENTIVE,MAIN_MONITOR_CENTER,0.0723,985.74,237.09,918.84,236.96,953.21,271.80,953.90,349.30,957.90,610.37,1157.13,429.73,753.17,434.40,1145.90,634.49,773.97,634.61,960.00,779.00
8.200,cam1,IDLE_ATTENTIVE,MAIN_MONITOR_CENTER,0.0722,985.69,236.76,918.77,236.61,953.21,271.59,953.90,349.14,957.90,610.36,1157.24,429.56,753.07,434.23,1145.90,634.36,773.98,634.47,960.00,779.00
8.233,cam1,IDLE_ATTENTIVE,MAIN_MONITOR_CENTER,0.0722,985.70,236.45,918.75,236.31,953.21,271.37,953.90,348.97,957.90,610.36,1157.36,429.39,752.96,434.06,1145.89,634.23,773.99,634.33,960.00,779.00
8.267,cam1,IDLE_ATTENTIVE,MAIN_MONITOR_CENTER,0.0721,985.62,236.20,918.64,236.03,953.21,271.15,953.90,348.79,957.90,610.35,1157.49,429.20,752.84,433.88,1145.89,634.09,774.01,634.18,960.00,779.00
8.300,cam1,IDLE_ATTENTIVE,MAIN_MONITOR_CENTER,0.0719,985.70,235.83,918.69,235.62,953.21,270.90,953.90,348.59,957.90,610.35,1157.63,429.00,752.71,433.67,1145.89,633.93,774.03,634.01,960.00,779.00
8.333,cam1,IDLE_ATTENTIVE,MAIN_MONITOR_CENTER,0.0717,985.73,235.48,918.69,235.30,953.21,270.63,953.90,348.39,957.90,610.34,1157.78,428.79,752.58,433.46,1145.88,633.77,774.05,633.84,960.00,779.00
8.367,cam1,IDLE_ATTENTIVE,MAIN_MONITOR_CENTER,0.0716,985.74,235.12,918.67,234.95,953.21,270.38,953.90,348.19,957.90,610.34,1157.92,428.58,752.45,433.25,1145.87,633.61,774.07,633.66,960.00,779.00
8.400,cam1,IDLE_ATTENTIVE,MAIN_MONITOR_CENTER,0.0715,985.76,234.79,918.65,234.59,953.21,270.13,953.90,347.99,957.90,610.33,1158.06,428.38,752.32,433.05,1145.86,633.45,774.09,633.49,960.00,779.00
8.433,cam1,IDLE_ATTENTIVE,MAIN_MONITOR_CENTER,0.0715,985.78,234.39,918.64,234.19,953.22,269.86,953.91,347.78,957.90,610.33,1158.21,428.16,752.18,432.83,1145.85,633.28,774.12,633.31,960.00,779.00
8.467,cam1,IDLE_ATTENTIVE,MAIN_MONITOR_CENTER,0.0714,985.86,233.97,918.69,233.74,953.22,269.57,953.91,347.56,957.90,610.32,1158.37,427.93,752.04,432.60,1145.84,633.10,774.15,633.12,960.00,779.00
8.500,cam1,IDLE_ATTENTIVE,MAIN_MONITOR_CENTER,0.0714,985.98,233.55,918.77,233.31,953.22,269.29,953.91,347.34,957.90,610.31,1158.53,427.70,751.89,432.36,1145.83,632.92,774.18,632.92,960.00,779.00
8.533,cam1,IDLE_ATTENTIVE,MAIN_MONITOR_CENTER,0.0713,985.90,233.15,918.65,232.88,953.22,269.00,953.91,347.12,957.90,610.31,1158.69,427.47,751.74,432.14,1145.81,632.74,774.21,632.72,960.00,779.00
8.567,cam1,IDLE_ATTENTIVE,MAIN_MONITOR_CENTER,0.0711,986.00,232.81,918.72,232.52,953.22,268.73,953.91,346.91,957.90,610.30,1158.85,427.24,751.60,431.91,1145.80,632.56,774.24,632.53,960.00,779.00
8.600,cam1,IDLE_ATTENTIVE,MAIN_MONITOR_CENTER,0.0710,986.10,232.42,918.78,232.13,953.22,268.46,953.91,346.70,957.90,610.30,1159.01,427.02,751.46,431.69,1145.78,632.38,774.28,632.34,960.00,779.00
8.633,cam1,IDLE_ATTENTIVE,MAIN_MONITOR_CENTER,0.0708,985.99,232.04,918.64,231.76,953.23,268.20,953.92,346.49,957.90,610.29,1159.16,426.80,751.32,431.48,1145.76,632.20,774.31,632.15,960.00,779.00
8.667,cam1,IDLE_ATTENTIVE,MAIN_MONITOR_CENTER,0.0707,986.04,231.69,918.66,231.37,953.23,267.93,953.92,346.29,957.90,610.28,1159.31,426.58,751.18,431.26,1145.74,632.03,774.35,631.96,960.00,779.00
8.700,cam1,IDLE_ATTENTIVE,MAIN_MONITOR_CENTER,0.0706,985.96,231.38,918.55,231.06,953.23,267.70,953.92,346.11,957.90,610.28,1159.44,426.40,751.06,431.07,1145.72,631.87,774.38,631.80,960.00,779.00
8.733,cam1,IDLE_ATTENTIVE,MAIN_MONITOR_CENTER,0.0707,986.03,231.00,918.59,230.69,953.23,267.45,953.92,345.92,957.90,610.27,1159.58,426.19,750.93,430.87,1145.70,631.71,774.42,631.62,960.00,779.00
8.767,cam1,IDLE_ATTENTIVE,MAIN_MONITOR_CENTER,0.0707,986.05,230.61,918.58,230.30,953.24,267.22,953.92,345.74,957.90,610.27,1159.72,425.99,750.81,430.67,1145.68,631.55,774.45,631.45,960.00,779.00
8.800,cam1,IDLE_ATTENTIVE,MAIN_MONITOR_CENTER,0.0707,986.01,230.31,918.52,230.00,953.24,267.00,953.92,345.57,957.90,610.26,1159.84,425.81,750.69,430.50,1145.65,631.40,774.49,631.29,960.00,779.00
8.833,cam1,IDLE_ATTENTIVE,MAIN_MONITOR_CENTER,0.0708,986.13,229.96,918.60,229.65,953.24,266.78,953.92,345.40,957.90,610.26,1159.97,425.62,750.58,430.31,1145.63,631.25,774.52,631.13,960.00,779.00
8.867,cam1,IDLE_ATTENTIVE,MAIN_MONITOR_CENTER,0.0709,986.24,229.67,918.70,229.33,953.24,266.59,953.93,345.26,957.90,610.25,1160.07,425.47,750.49,430.16,1145.61,631.13,774.55,631.00,960.00,779.00
8.900,cam1,IDLE_ATTENTIVE,MAIN_MONITOR_CENTER,0.0709,986.32,229.30,918.75,228.97,953.24,266.39,953.93,345.10,957.90,610.25,1160.19,425.30,750.38,429.99,1145.59,630.99,774.59,630.85,960.00,779.00
8.933,cam1,IDLE_ATTENTIVE,MAIN_MONITOR_CENTER,0.0709,986.49,229.06,918.91,228.74,953.24,266.25,953.93,345.00,957.90,610.24,1160.27,425.18,750.31,429.88,1145.58,630.90,774.61,630.75,960.00,779.00
8.967,cam1,IDLE_ATTENTIVE,MAIN_MONITOR_CENTER,0.0709,986.64,228.73,919.03,228.41,953.25,266.08,953.93,344.86,957.90,610.24,1160.37,425.04,750.21,429.74,1145.55,630.77,774.64,630.62,960.00,779.00
9.000,cam1,IDLE_ATTENTIVE,MAIN_MONITOR_CENTER,0.0708,986.73,228.44,919.10,228.11,953.25,265.93,953.93,344.75,957.90,610.24,1160.45,424.92,750.14,429.62,1145.54,630.67,774.67,630.51,960.00,779.00
9.033,cam1,IDLE_ATTENTIVE,MAIN_MONITOR_CENTER,0.0707,986.87,228.24,919.24,227.88,953.25,265.85,953.93,344.69,957.90,610.23,1160.50,424.85,750.09,429.55,1145.53,630.61,774.68,630.45,960.00,779.00
9.067,cam1,IDLE_ATTENTIVE,MAIN_MONITOR_CENTER,0.0705,987.06,227.96,919.41,227.60,953.25,265.71,953.93,344.59,957.90,610.23,1160.59,424.74,750.02,429.44,1145.51,630.52,774.71,630.34,960.00,779.00
9.100,cam1,IDLE_ATTENTIVE,MAIN_MONITOR_CENTER,0.0704,987.22,227.78,919.55,227.39,953.25,265.61,953.93,344.51,957.90,610.23,1160.65,424.65,749.96,429.36,1145.50,630.44,774.73,630.26,960.00,779.00
9.133,cam1,IDLE_ATTENTIVE,MAIN_MONITOR_CENTER,0.0703,987.47,227.58,919.80,227.18,953.25,265.55,953.93,344.47,957.90,610.23,1160.69,424.60,749.93,429.31,1145.49,630.40,774.74,630.22,960.00,779.00
9.167,cam1,IDLE_ATTENTIVE,MAIN_MONITOR_CENTER,0.0701,987.61,227.51,919.94,227.08,953.25,265.53,953.93,344.45,957.90,610.23,1160.70,424.59,749.91,429.30,1145.48,630.38,774.74,630.20,960.00,779.00
9.200,cam1,IDLE_ATTENTIVE,MAIN_MONITOR_CENTER,0.0699,987.94,227.39,920.26,226.93,953.25,265.51,953.93,344.44,957.90,610.23,1160.72,424.57,749.90,429.29,1145.48,630.37,774.75,630.18,960.00,779.00
9.233,cam1,IDLE_ATTENTIVE,MAIN_MONITOR_CENTER,0.0698,988.20,227.32,920.52,226.86,953.25,265.50,953.93,344.44,957.90,610.23,1160.72,424.57,749.89,429.28,1145.48,630.36,774.75,630.18,960.00,779.00
9.267,cam1,IDLE_ATTENTIVE,MAIN_MONITOR_CENTER,0.0696,988.38,227.26,920.71,226.79,953.25,265.53,953.93,344.46,957.90,610.23,1160.71,424.59,749.90,429.30,1145.48,630.38,774.75,630.20,960.00,779.00
9.300,cam1,IDLE_ATTENTIVE,MAIN_MONITOR_CENTER,0.0694,988.55,227.19,920.89,226.71,953.26,265.57,953.93,344.50,957.90,610.23,1160.69,424.64,749.92,429.35,1145.49,630.41,774.74,630.23,960.00,779.00
9.333,cam1,IDLE_ATTENTIVE,MAIN_MONITOR_CENTER,0.0692,988.73,227.13,921.07,226.66,953.26,265.57,953.93,344.50,957.90,610.24,1160.69,424.64,749.92,429.35,1145.49,630.41,774.74,630.23,960.00,779.00
9.367,cam1,IDLE_ATTENTIVE,MAIN_MONITOR_CENTER,0.0690,988.93,227.13,921.28,226.62,953.26,265.59,953.93,344.52,957.90,610.24,1160.68,424.66,749.93,429.37,1145.49,630.42,774.73,630.24,960.00,779.00
9.400,cam1,IDLE_ATTENTIVE,MAIN_MONITOR_CENTER,0.0687,989.06,227.12,921.41,226.59,953.26,265.63,953.93,344.56,957.90,610.24,1160.66,424.70,749.95,429.41,1145.50,630.45,774.73,630.27,960.00,779.00
9.433,cam1,IDLE_ATTENTIVE,MAIN_MONITOR_CENTER,0.0684,989.16,227.15,921.52,226.59,953.26,265.67,953.93,344.59,957.90,610.24,1160.64,424.74,749.96,429.45,1145.50,630.47,774.72,630.30,960.00,779.00
9.467,cam1,IDLE_ATTENTIVE,MAIN_MONITOR_CENTER,0.0680,989.25,227.17,921.62,226.58,953.26,265.73,953.93,344.64,957.90,610.25,1160.61,424.80,749.99,429.50,1145.51,630.51,774.71,630.34,960.00,779.00
9.500,cam1,IDLE_ATTENTIVE,MAIN_MONITOR_CENTER,0.0676,989.48,227.19,921.85,226.62,953.26,265.78,953.93,344.68,957.90,610.25,1160.59,424.84,750.00,429.54,1145.51,630.54,774.70,630.37,960.00,779.00
9.533,cam1,IDLE_ATTENTIVE,MAIN_MONITOR_CENTER,0.0670,989.49,227.22,921.87,226.64,953.26,265.84,953.93,344.74,957.90,610.25,1160.57,424.90,750.03,429.61,1145.52,630.58,774.69,630.41,960.00,779.00
9.567,cam1,IDLE_ATTENTIVE,MAIN_MONITOR_CENTER,0.0665,989.55,227.27,921.93,226.68,953.26,265.89,953.93,344.77,957.90,610.26,1160.55,424.94,750.04,429.64,1145.52,630.60,774.69,630.43,960.00,779.00
9.600,cam1,IDLE_ATTENTIVE,MAIN_MONITOR_CENTER,0.0661,989.59,227.39,921.98,226.79,953.26,265.96,953.93,344.84,957.90,610.26,1160.51,425.01,750.07,429.72,1145.53,630.65,774.68,630.49,960.00,779.00
9.633,cam1,IDLE_ATTENTIVE,MAIN_MONITOR_CENTER,0.0655,989.73,227.54,922.13,226.91,953.26,266.05,953.93,344.91,957.90,610.27,1160.47,425.09,750.11,429.79,1145.54,630.71,774.66,630.55,960.00,779.00
9.667,cam1,IDLE_ATTENTIVE,MAIN_MONITOR_CENTER,0.0650,989.83,227.68,922.24,227.03,953.26,266.14,953.93,344.99,957.90,610.27,1160.43,425.18,750.15,429.88,1145.55,630.76,774.65,630.61,960.00,779.00
9.700,cam1,IDLE_ATTENTIVE,MAIN_MONITOR_CENTER,0.0644,989.83,227.89,922.25,227.25,953.26,266.27,953.93,345.09,957.90,610.28,1160.36,425.29,750.21,429.99,1145.56,630.85,774.63,630.70,960.00,779.00
9.733,cam1,IDLE_ATTENTIVE,MAIN_MONITOR_CENTER,0.0638,989.77,228.08,922.21,227.45,953.26,266.42,953.93,345.21,957.90,610.28,1160.29,425.42,750.27,430.12,1145.58,630.94,774.60,630.80,960.00,779.00
9.767,cam1,IDLE_ATTENTIVE,MAIN_MONITOR_CENTER,0.0633,989.75,228.26,922.20,227.64,953.26,266.54,953.92,345.31,957.90,610.29,1160.23,425.53,750.33,430.23,1145.59,631.02,774.58,630.88,960.00,779.00
9.800,cam1,IDLE_ATTENTIVE,MAIN_MONITOR_CENTER,0.0627,989.66,228.43,922.11,227.78,953.26,266.66,953.92,345.41,957.90,610.29,1160.18,425.64,750.37,430.33,1145.60,631.09,774.57,630.96,960.00,779.00
9.833,cam1,IDLE_ATTENTIVE,MAIN_MONITOR_CENTER,0.0621,989.66,228.65,922.12,227.98,953.25,266.81,953.92,345.53,957.90,610.30,1160.10,425.77,750.44,430.46,1145.62,631.19,774.54,631.06,960.00,779.00
9.867,cam1,IDLE_ATTENTIVE,MAIN_MONITOR_CENTER,0.0616,989.66,228.87,922.14,228.18,953.25,266.96,953.92,345.65,957.90,610.31,1160.02,425.90,750.51,430.59,1145.63,631.28,774.52,631.16,960.00,779.00
9.900,cam1,IDLE_ATTENTIVE,MAIN_MONITOR_CENTER,0.0610,989.68,229.07,922.18,228.39,953.25,267.11,953.92,345.78,957.90,610.31,1159.95,426.04,750.58,430.72,1145.65,631.38,774.50,631.27,960.00,779.00
9.933,cam1,IDLE_ATTENTIVE,MAIN_MONITOR_CENTER,0.0604,989.74,229.34,922.26,228.65,953.25,267.31,953.92,345.94,957.90,610.32,1159.84,426.21,750.67,430.89,1145.67,631.51,774.47,631.40,960.00,779.00
9.967,cam1,IDLE_ATTENTIVE,MAIN_MONITOR_CENTER,0.0599,989.63,229.59,922.17,228.91,953.25,267.50,953.92,346.09,957.90,610.33,1159.75,426.37,750.76,431.05,1145.68,631.63,774.44,631.53,960.00,779.00
10.000,cam1,IDLE_ATTENTIVE,MAIN_MONITOR_CENTER,0.0594,989.67,229.87,922.23,229.16,953.25,267.68,953.92,346.23,957.90,610.34,1159.65,426.53,750.85,431.21,1145.70,631.74,774.41,631.65,960.00,779.00
10.033,cam1,IDLE_ATTENTIVE,MAIN_MONITOR_CENTER,0.0591,989.64,230.10,922.22,229.38,953.25,267.87,953.92,346.38,957.90,610.34,1159.55,426.69,750.93,431.37,1145.71,631.86,774.39,631.78,960.00,779.00
10.067,cam1,IDLE_ATTENTIVE,MAIN_MONITOR_CENTER,0.0588,989.70,230.28,922.31,229.58,953.25,268.03,953.91,346.51,957.90,610.35,1159.46,426.83,751.02,431.51,1145.73,631.97,774.36,631.90,960.00,779.00
10.100,cam1,IDLE_ATTENTIVE,MAIN_MONITOR_CENTER,0.0586,989.62,230.49,922.25,229.79,953.25,268.23,953.91,346.67,957.90,610.35,1159.36,426.99,751.11,431.67,1145.74,632.09,774.34,632.03,960.00,779.00
10.133,cam1,IDLE_ATTENTIVE,MAIN_MONITOR_CENTER,0.0584,989.59,230.81,922.23,230.08,953.25,268.41,953.91,346.82,957.90,610.36,1159.25,427.15,751.21,431.83,1145.76,632.22,774.31,632.16,960.00,779.00
10.167,cam1,IDLE_ATTENTIVE,MAIN_MONITOR_CENTER,0.0583,989.58,231.03,922.25,230.32,953.25,268.62,953.91,346.98,957.90,610.36,1159.14,427.32,751.31,432.00,1145.77,632.35,774.28,632.30,960.00,779.00
10.200,cam1,IDLE_ATTENTIVE,MAIN_MONITOR_CENTER,0.0581,989.47,231.29,922.17,230.58,953.25,268.82,953.91,347.14,957.90,610.37,1159.03,427.50,751.41,432.17,1145.79,632.48,774.26,632.45,960.00,779.00
10.233,cam1,IDLE_ATTENTIVE,MAIN_MONITOR_CENTER,0.0580,989.38,231.58,922.10,230.86,953.25,269.02,953.91,347.30,957.90,610.38,1158.92,427.67,751.51,432.34,1145.80,632.61,774.23,632.58,960.00,779.00
10.267,cam1,IDLE_ATTENTIVE,MAIN_MONITOR_CENTER,0.0578,989.32,231.86,922.06,231.18,953.25,269.22,953.91,347.46,957.90,610.38,1158.81,427.83,751.61,432.50,1145.81,632.74,774.21,632.72,960.00,779.00
10.300,cam1,IDLE_ATTENTIVE,MAIN_MONITOR_CENTER,0.0578,989.33,232.15,922.09,231.48,953.25,269.42,953.91,347.62,957.90,610.39,1158.70,428.00,751.71,432.67,1145.82,632.86,774.19,632.86,960.00,779.00
10.333,cam1,IDLE_ATTENTIVE,MAIN_MONITOR_CENTER,0.0576,989.35,232.45,922.14,231.76,953.25,269.62,953.91,347.77,957.90,610.39,1158.59,428.16,751.81,432.83,1145.84,632.99,774.17,632.99,960.00,779.00
10.367,cam1,IDLE_ATTENTIVE,MAIN_MONITOR_CENTER,0.0574,989.28,232.71,922.09,232.03,953.24,269.82,953.90,347.94,957.90,610.40,1158.48,428.33,751.91,433.00,1145.85,633.11,774.14,633.12,960.00,779.00
10.400,cam1,IDLE_ATTENTIVE,MAIN_MONITOR_CENTER,0.0570,989.21,232.98,922.04,232.30,953.24,270.03,953.90,348.10,957.90,610.40,1158.37,428.50,752.01,433.18,1145.85,633.23,774.12,633.26,960.00,779.00
10.433,cam1,IDLE_ATTENTIVE,MAIN_MONITOR_CENTER,0.0566,989.22,233.30,922.08,232.63,953.24,270.24,953.90,348.27,957.90,610.41,1158.27,428.68,752.10,433.35,1145.86,633.36,774.10,633.39,960.00,779.00
10.467,cam1,IDLE_ATTENTIVE,MAIN_MONITOR_CENTER,0.0562,989.14,233.58,922.02,232.92,953.24,270.46,953.90,348.45,957.90,610.42,1158.15,428.86,752.21,433.54,1145.87,633.49,774.08,633.53,960.00,779.00
10.500,cam1,IDLE_ATTENTIVE,MAIN_MONITOR_CENTER,0.0557,989.06,233.89,921.96,233.22,953.24,270.67,953.90,348.61,957.90,610.43,1158.05,429.03,752.30,433.71,1145.88,633.61,774.06,633.66,960.00,779.00
10.533,cam1,IDLE_ATTENTIVE,MAIN_MONITOR_CENTER,0.0553,989.15,234.21,922.07,233.52,953.24,270.87,953.90,348.77,957.90,610.43,1157.95,429.20,752.39,433.87,1145.89,633.72,774.05,633.79,960.00,779.00
10.567,cam1,IDLE_ATTENTIVE,MAIN_MONITOR_CENTER,0.0550,989.09,234.51,922.03,233.84,953.24,271.08,953.90,348.94,957.90,610.44,1157.84,429.37,752.49,434.05,1145.89,633.85,774.03,633.92,960.00,779.00
10.600,cam1,IDLE_ATTENTIVE,MAIN_MONITOR_CENTER,0.0547,989.00,234.80,921.96,234.17,953.24,271.29,953.90,349.11,957.90,610.45,1157.74,429.54,752.59,434.22,1145.90,633.97,774.01,634.05,960.00,779.00
10.633,cam1,IDLE_ATTENTIVE,MAIN_MONITOR_CENTER,0.0544,989.01,235.07,921.99,234.44,953.24,271.50,953.89,349.27,957.90,610.45,1157.63,429.71,752.68,434.39,1145.90,634.09,774.00,634.18,960.00,779.00
10.667,cam1,IDLE_ATTENTIVE,MAIN_MONITOR_CENTER,0.0540,988.94,235.23,921.95,234.63,953.24,271.67,953.89,349.42,957.90,610.46,1157.54,429.86,752.76,434.54,1145.90,634.19,773.99,634.29,960.00,779.00
10.700,cam1,IDLE_ATTENTIVE,MAIN_MONITOR_CENTER,0.0537,989.00,235.49,922.02,234.87,953.24,271.85,953.89,349.56,957.90,610.46,1157.46,430.00,752.84,434.68,1145.91,634.28,773.97,634.39,960.00,779.00
10.733,cam1,IDLE_ATTENTIVE,MAIN_MONITOR_CENTER,0.0534,988.89,235.85,921.93,235.23,953.24,272.05,953.89,349.72,957.90,610.47,1157.35,430.16,752.94,434.85,1145.91,634.40,773.96,634.52,960.00,779.00
10.767,cam1,IDLE_ATTENTIVE,MAIN_MONITOR_CENTER,0.0530,988.87,236.06,921.93,235.43,953.24,272.21,953.89,349.85,957.90,610.47,1157.28,430.29,753.00,434.98,1145.91,634.49,773.95,634.61,960.00,779.00
10.800,cam1,IDLE_ATTENTIVE,MAIN_MONITOR_CENTER,0.0526,988.81,236.25,921.89,235.63,953.24,272.37,953.89,349.98,957.90,610.48,1157.20,430.42,753.07,435.11,1145.91,634.57,773.94,634.70,960.00,779.00
10.833,cam1,IDLE_ATTENTIVE,MAIN_MONITOR_CENTER,0.0521,988.78,236.44,921.87,235.81,953.24,272.51,953.89,350.09,957.90,610.49,1157.14,430.54,753.13,435.23,1145.91,634.65,773.93,634.78,960.00,779.00
10.867,cam1,IDLE_ATTENTIVE,MAIN_MONITOR_CENTER,0.0516,988.73,236.63,921.83,236.03,953.24,272.65,953.89,350.20,957.90,610.49,1157.08,430.65,753.19,435.34,1145.91,634.72,773.93,634.86,960.00,779.00
10.900,cam1,IDLE_ATTENTIVE,MAIN_MONITOR_CENTER,0.0511,988.71,236.81,921.82,236.20,953.24,272.78,953.89,350.31,957.90,610.50,1157.01,430.76,753.24,435.46,1145.92,634.79,773.92,634.94,960.00,779.00
10.933,cam1,IDLE_ATTENTIVE,MAIN_MONITOR_CENTER,0.0506,988.68,236.99,921.80,236.39,953.24,272.91,953.89,350.41,957.90,610.50,1156.96,430.86,753.29,435.56,1145.92,634.85,773.91,635.00,960.00,779.00
10.967,cam1,IDLE_ATTENTIVE,MAIN_MONITOR_CENTER,0.0500,988.73,237.14,921.86,236.54,953.24,273.01,953.89,350.50,957.90,610.51,1156.92,430.95,753.33,435.65,1145.92,634.90,773.91,635.06,960.00,779.00
11.000,cam1,IDLE_ATTENTIVE,MAIN_MONITOR_CENTER,0.0494,988.75,237.32,921.89,236.71,953.24,273.15,953.89,350.61,957.90,610.52,1156.86,431.07,753.38,435.77,1145.92,634.97,773.90,635.13,960.00,779.00
11.033,cam1,IDLE_ATTENTIVE,MAIN_MONITOR_CENTER,0.0488,988.70,237.48,921.85,236.86,953.24,273.25,953.89,350.70,957.90,610.52,1156.82,431.15,753.42,435.85,1145.92,635.02,773.90,635.18,960.00,779.00
11.067,cam1,IDLE_ATTENTIVE,MAIN_MONITOR_CENTER,0.0482,988.67,237.63,921.82,237.01,953.24,273.35,953.89,350.78,957.90,610.53,1156.78,431.23,753.45,435.93,1145.92,635.06,773.89,635.23,960.00,779.00
11.100,cam1,IDLE_ATTENTIVE,MAIN_MONITOR_CENTER,0.0475,988.69,237.76,921.86,237.14,953.24,273.47,953.89,350.87,957.90,610.53,1156.74,431.33,753.49,436.03,1145.92,635.12,773.89,635.29,960.00,779.00
11.133,cam1,IDLE_ATTENTIVE,DESK_GENERAL,0.0469,988.71,237.97,921.89,237.34,953.24,273.62,953.88,351.00,957.90,610.54,1156.67,431.45,753.55,436.16,1145.92,635.19,773.88,635.37,960.00,779.00
11.167,cam1,IDLE_ATTENTIVE,DESK_GENERAL,0.0462,988.74,237.95,921.92,237.34,953.24,273.65,953.88,351.02,957.90,610.54,1156.67,431.47,753.55,436.18,1145.92,635.19,773.88,635.37,960.00,779.00
11.200,cam1,IDLE_ATTENTIVE,DESK_GENERAL,0.0455,988.79,237.97,921.97,237.35,953.24,273.66,953.88,351.03,957.90,610.55,1156.69,431.48,753.53,436.19,1145.92,635.18,773.88,635.37,960.00,779.00
11.233,cam1,IDLE_ATTENTIVE,DESK_GENERAL,0.0448,988.85,237.66,922.02,237.08,953.23,273.61,953.88,351.05,957.90,610.55,1156.69,431.50,753.53,436.21,1145.92,635.18,773.88,635.37,960.00,779.00
11.267,cam1,IDLE_ATTENTIVE,DESK_GENERAL,0.0442,989.21,236.50,922.43,235.98,953.19,273.35,953.88,351.05,957.90,610.55,1156.71,431.51,753.51,436.21,1145.92,635.17,773.88,635.35,960.00,779.00
11.300,cam1,IDLE_ATTENTIVE,DESK_GENERAL,0.0437,989.84,234.18,923.13,233.83,953.08,272.84,953.88,351.04,957.90,610.56,1156.73,431.50,753.49,436.20,1145.92,635.15,773.88,635.33,960.00,779.00
11.333,cam1,IDLE_ATTENTIVE,DESK_GENERAL,0.0432,990.69,230.88,924.12,230.76,952.86,272.14,953.88,351.03,957.90,610.56,1156.75,431.49,753.47,436.19,1145.92,635.13,773.88,635.31,960.00,779.00
11.367,cam1,IDLE_ATTENTIVE,DESK_GENERAL,0.0428,991.59,227.11,925.24,227.20,952.51,271.39,953.88,351.04,957.90,610.56,1156.75,431.50,753.47,436.21,1145.92,635.14,773.88,635.31,960.00,779.00
11.400,cam1,IDLE_ATTENTIVE,DESK_GENERAL,0.0425,992.17,223.14,926.10,223.49,952.00,270.67,953.88,351.07,957.90,610.56,1156.74,431.53,753.48,436.24,1145.92,635.15,773.88,635.33,960.00,779.00
11.433,cam1,IDLE_ATTENTIVE,DESK_GENERAL,0.0422,992.51,219.52,926.75,220.06,951.39,270.04,953.88,351.10,957.90,610.56,1156.74,431.55,753.48,436.26,1145.92,635.16,773.88,635.34,960.00,779.00
11.467,cam1,IDLE_ATTENTIVE,DESK_GENERAL,0.0419,992.54,216.55,927.09,217.23,950.75,269.61,953.88,351.15,957.90,610.57,1156.71,431.60,753.50,436.31,1145.92,635.19,773.88,635.37,960.00,779.00
11.500,cam1,IDLE_ATTENTIVE,DESK_GENERAL,0.0415,992.48,214.36,927.29,215.10,950.21,269.28,953.88,351.15,957.90,610.57,1156.72,431.60,753.50,436.31,1145.92,635.18,773.88,635.36,960.00,779.00
11.533,cam1,IDLE_ATTENTIVE,DESK_GENERAL,0.0412,992.26,213.08,927.24,213.90,949.84,269.15,953.88,351.19,957.90,610.57,1156.70,431.65,753.52,436.36,1145.92,635.21,773.88,635.39,960.00,779.00
11.567,cam1,IDLE_ATTENTIVE,DESK_GENERAL,0.0409,992.05,212.45,927.09,213.34,949.67,269.06,953.88,351.18,957.90,610.57,1156.71,431.64,753.50,436.35,1145.92,635.19,773.88,635.38,960.00,779.00
11.600,cam1,IDLE_ATTENTIVE,DESK_GENERAL,0.0406,992.03,212.35,927.08,213.23,949.64,269.05,953.88,351.18,957.90,610.57,1156.72,431.64,753.49,436.35,1145.92,635.19,773.88,635.37,960.00,779.00
11.633,cam1,IDLE_ATTENTIVE,DESK_GENERAL,0.0404,992.11,212.86,927.10,213.74,949.75,269.13,953.88,351.20,957.90,610.58,1156.71,431.66,753.50,436.37,1145.92,635.20,773.88,635.38,960.00,779.00
11.667,cam1,IDLE_ATTENTIVE,DESK_GENERAL,0.0402,992.24,213.41,927.18,214.26,949.85,269.23,953.88,351.24,957.90,610.58,1156.70,431.69,753.52,436.41,1145.92,635.22,773.87,635.40,960.00,779.00
11.700,cam1,IDLE_ATTENTIVE,DESK_GENERAL,0.0400,992.37,213.88,927.29,214.73,949.95,269.33,953.88,351.27,957.90,610.58,1156.68,431.73,753.53,436.44,1145.92,635.23,773.87,635.42,960.00,779.00
11.733,cam1,IDLE_ATTENTIVE,DESK_GENERAL,0.0396,992.46,214.30,927.32,215.15,950.04,269.38,953.88,351.26,957.90,610.58,1156.70,431.71,753.51,436.43,1145.92,635.22,773.87,635.40,960.00,779.00
11.767,cam1,IDLE_ATTENTIVE,DESK_GENERAL,0.0392,992.55,214.69,927.37,215.51,950.12,269.42,953.88,351.24,957.90,610.58,1156.72,431.70,753.49,436.41,1145.92,635.20,773.87,635.38,960.00,779.00
11.800,cam1,IDLE_ATTENTIVE,DESK_GENERAL,0.0389,992.53,214.96,927.30,215.81,950.20,269.41,953.88,351.19,957.90,610.58,1156.76,431.65,753.45,436.36,1145.92,635.16,773.88,635.34,960.00,779.00
11.833,cam1,IDLE_ATTENTIVE,DESK_GENERAL,0.0386,992.58,215.27,927.30,216.09,950.28,269.43,953.88,351.16,957.90,610.58,1156.79,431.62,753.43,436.33,1145.93,635.13,773.88,635.31,960.00,779.00
11.867,cam1,IDLE_ATTENTIVE,DESK_GENERAL,0.0383,992.67,215.46,927.34,216.27,950.35,269.36,953.88,351.06,957.90,610.58,1156.87,431.51,753.35,436.23,1145.93,635.05,773.88,635.22,960.00,779.00
11.900,cam1,IDLE_ATTENTIVE,DESK_GENERAL,0.0379,992.81,215.57,927.44,216.35,950.42,269.24,953.88,350.91,957.90,610.58,1156.98,431.36,753.25,436.07,1145.93,634.93,773.89,635.10,960.00,779.00
11.933,cam1,IDLE_ATTENTIVE,DESK_GENERAL,0.0376,992.87,215.65,927.45,216.41,950.49,269.13,953.89,350.77,957.90,610.58,1157.08,431.23,753.16,435.93,1145.93,634.83,773.90,634.98,960.00,779.00
11.967,cam1,IDLE_ATTENTIVE,DESK_GENERAL,0.0371,992.89,215.73,927.41,216.47,950.55,269.00,953.89,350.62,957.90,610.58,1157.19,431.08,753.06,435.79,1145.93,634.71,773.91,634.86,960.00,779.00
12.000,cam3,IDLE_ATTENTIVE,DESK_GENERAL,0.0366,910.85,211.44,850.30,212.64,915.44,264.47,931.20,347.25,985.97,611.69,1118.10,437.22,772.00,426.02,911.92,649.08,613.32,619.76,983.68,782.63
12.033,cam3,IDLE_ATTENTIVE,DESK_GENERAL,0.0362,911.05,211.42,850.49,212.60,915.77,264.25,931.55,347.03,985.98,611.69,1118.44,437.00,772.12,425.80,912.01,648.92,613.45,619.60,983.68,782.63
12.067,cam3,IDLE_ATTENTIVE,DESK_GENERAL,0.0358,911.20,211.37,850.64,212.55,916.12,264.04,931.90,346.82,986.00,611.69,1118.79,436.79,772.24,425.59,912.10,648.75,613.57,619.43,983.68,782.63
12.100,cam3,IDLE_ATTENTIVE,DESK_GENERAL,0.0354,911.56,211.21,850.99,212.36,916.56,263.77,932.32,346.56,986.01,611.68,1119.20,436.53,772.39,425.34,912.21,648.56,613.72,619.24,983.68,782.63
12.133,cam3,IDLE_ATTENTIVE,DESK_GENERAL,0.0351,911.81,211.11,851.25,212.22,916.97,263.53,932.71,346.32,986.03,611.68,1119.58,436.29,772.52,425.10,912.31,648.38,613.87,619.06,983.68,782.63
12.167,cam3,IDLE_ATTENTIVE,DESK_GENERAL,0.0347,912.16,210.95,851.59,212.04,917.42,263.27,933.13,346.07,986.04,611.67,1119.99,436.04,772.67,424.85,912.41,648.18,614.02,618.87,983.68,782.63
12.200,cam3,IDLE_ATTENTIVE,DESK_GENERAL,0.0343,912.50,210.77,851.92,211.85,917.86,263.01,933.55,345.83,986.06,611.67,1120.39,435.79,772.82,424.61,912.52,647.99,614.18,618.68,983.68,782.63
12.233,cam3,IDLE_ATTENTIVE,DESK_GENERAL,0.0340,912.88,210.61,852.30,211.66,918.38,262.71,934.01,345.55,986.08,611.66,1120.85,435.51,772.99,424.33,912.63,647.78,614.35,618.47,983.68,782.63
12.267,cam3,IDLE_ATTENTIVE,DESK_GENERAL,0.0338,913.36,210.37,852.74,211.42,918.88,262.44,934.46,345.29,986.10,611.65,1121.28,435.25,773.15,424.08,912.74,647.57,614.52,618.27,983.68,782.63
12.300,cam3,IDLE_ATTENTIVE,DESK_GENERAL,0.0336,913.83,210.11,853.18,211.17,919.41,262.14,934.93,345.02,986.12,611.65,1121.73,434.97,773.33,423.81,912.86,647.36,614.69,618.06,983.68,782.63
12.333,cam3,IDLE_ATTENTIVE,DESK_GENERAL,0.0335,914.45,209.87,853.74,210.89,919.96,261.84,935.40,344.75,986.14,611.64,1122.19,434.69,773.52,423.53,912.97,647.15,614.88,617.85,983.68,782.63
12.367,cam3,IDLE_ATTENTIVE,DESK_GENERAL,0.0334,915.04,209.59,854.30,210.56,920.51,261.55,935.88,344.48,986.16,611.63,1122.65,434.41,773.70,423.27,913.09,646.94,615.06,617.65,983.68,782.63
12.400,cam3,IDLE_ATTENTIVE,DESK_GENERAL,0.0333,915.53,209.31,854.77,210.28,921.05,261.26,936.35,344.22,986.19,611.62,1123.10,434.14,773.88,423.00,913.20,646.73,615.24,617.44,983.68,782.63
12.433,cam3,IDLE_ATTENTIVE,DESK_GENERAL,0.0332,916.05,209.06,855.26,210.00,921.55,260.99,936.78,343.97,986.21,611.62,1123.51,433.89,774.05,422.76,913.31,646.53,615.41,617.25,983.68,782.63
12.467,cam3,IDLE_ATTENTIVE,DESK_GENERAL,0.0331,916.60,208.75,855.78,209.68,922.09,260.71,937.24,343.72,986.23,611.61,1123.95,433.63,774.23,422.50,913.42,646.32,615.60,617.05,983.68,782.63
12.500,cam3,IDLE_ATTENTIVE,DESK_GENERAL,0.0331,917.07,208.50,856.24,209.42,922.59,260.45,937.67,343.49,986.25,611.60,1124.36,433.38,774.41,422.26,913.52,646.13,615.77,616.86,983.68,782.63
12.533,cam3,IDLE_ATTENTIVE,DESK_GENERAL,0.0332,917.66,208.22,856.77,209.14,923.10,260.19,938.10,343.25,986.28,611.60,1124.78,433.13,774.58,422.03,913.63,645.94,615.94,616.68,983.68,782.63
12.567,cam3,IDLE_ATTENTIVE,DESK_GENERAL,0.0333,918.19,207.92,857.26,208.87,923.63,259.92,938.54,343.02,986.30,611.59,1125.19,432.88,774.76,421.79,913.73,645.75,616.12,616.49,983.68,782.63
12.600,cam3,IDLE_ATTENTIVE,DESK_GENERAL,0.0333,918.68,207.66,857.72,208.60,924.09,259.68,938.93,342.81,986.32,611.58,1125.57,432.66,774.92,421.57,913.83,645.57,616.28,616.32,983.68,782.63
12.633,cam3,IDLE_ATTENTIVE,DESK_GENERAL,0.0331,919.12,207.41,858.13,208.35,924.52,259.46,939.29,342.61,986.34,611.58,1125.92,432.45,775.06,421.37,913.92,645.40,616.44,616.15,983.68,782.63
12.667,cam3,IDLE_ATTENTIVE,DESK_GENERAL,0.0329,919.56,207.18,858.54,208.11,924.92,259.26,939.63,342.43,986.35,611.57,1126.24,432.26,775.19,421.19,914.01,645.24,616.59,616.00,983.68,782.63
12.700,cam3,IDLE_ATTENTIVE,DESK_GENERAL,0.0327,919.73,207.02,858.73,207.95,925.22,259.10,939.88,342.29,986.36,611.57,1126.49,432.11,775.28,421.04,914.08,645.11,616.71,615.88,983.68,782.63
12.733,cam3,IDLE_ATTENTIVE,DESK_GENERAL,0.0325,919.96,206.88,858.96,207.80,925.52,258.94,940.14,342.15,986.37,611.57,1126.75,431.96,775.38,420.90,914.15,644.99,616.83,615.76,983.68,782.63
12.767,cam3,IDLE_ATTENTIVE,DESK_GENERAL,0.0324,920.07,206.78,859.07,207.75,925.70,258.85,940.30,342.06,986.38,611.57,1126.90,431.87,775.44,420.81,914.19,644.91,616.90,615.69,983.68,782.63
12.800,cam3,IDLE_ATTENTIVE,SECONDARY_MONITOR,0.0323,920.21,206.73,859.19,207.70,925.83,258.79,940.42,342.00,986.38,611.56,1127.02,431.80,775.49,420.75,914.22,644.85,616.95,615.63,983.68,782.63
12.833,cam3,IDLE_ATTENTIVE,SECONDARY_MONITOR,0.0321,920.40,206.61,859.36,207.59,925.99,258.70,940.54,341.93,986.39,611.56,1127.14,431.73,775.53,420.68,914.25,644.79,617.01,615.57,983.68,782.63
12.867,cam3,IDLE_ATTENTIVE,SECONDARY_MONITOR,0.0320,920.43,206.61,859.38,207.59,926.03,258.68,940.57,341.91,986.39,611.56,1127.17,431.71,775.54,420.66,914.26,644.77,617.03,615.55,983.68,782.63
12.900,cam3,IDLE_ATTENTIVE,SECONDARY_MONITOR,0.0319,920.43,206.60,859.40,207.58,926.08,258.66,940.61,341.89,986.39,611.56,1127.21,431.68,775.55,420.64,914.27,644.75,617.05,615.53,983.68,782.63
12.933,cam3,IDLE_ATTENTIVE,SECONDARY_MONITOR,0.0319,920.18,206.77,859.21,207.72,926.03,258.70,940.56,341.91,986.38,611.56,1127.16,431.71,775.53,420.66,914.26,644.77,617.03,615.55,983.68,782.63
12.967,cam3,IDLE_ATTENTIVE,SECONDARY_MONITOR,0.0319,919.63,206.95,858.89,207.79,926.05,258.73,940.55,341.92,986.38,611.56,1127.16,431.71,775.53,420.66,914.26,644.78,617.03,615.56,983.68,782.63
13.000,cam3,IDLE_ATTENTIVE,SECONDARY_MONITOR,0.0319,918.60,207.41,858.22,208.12,926.01,258.81,940.49,341.95,986.38,611.56,1127.09,431.75,775.50,420.70,914.24,644.80,617.00,615.58,983.68,782.63
13.033,cam3,IDLE_ATTENTIVE,SECONDARY_MONITOR,0.0318,917.20,207.98,857.40,208.45,926.08,258.87,940.50,341.94,986.38,611.56,1127.11,431.74,775.50,420.69,914.25,644.80,617.01,615.58,983.68,782.63
13.067,cam3,IDLE_ATTENTIVE,SECONDARY_MONITOR,0.0319,915.29,208.75,856.24,208.92,926.04,259.01,940.44,341.98,986.38,611.57,1127.04,431.78,775.48,420.73,914.23,644.83,616.98,615.61,983.68,782.63
13.100,cam3,IDLE_ATTENTIVE,SECONDARY_MONITOR,0.0318,912.98,209.61,854.90,209.43,926.09,259.13,940.44,341.97,986.38,611.57,1127.05,431.77,775.48,420.72,914.23,644.82,616.98,615.60,983.68,782.63
13.133,cam3,IDLE_ATTENTIVE,SECONDARY_MONITOR,0.0318,910.17,210.65,853.29,210.09,926.16,259.25,940.49,341.95,986.38,611.56,1127.10,431.75,775.50,420.70,914.25,644.80,617.01,615.58,983.68,782.63
13.167,cam3,IDLE_ATTENTIVE,SECONDARY_MONITOR,0.0318,906.76,211.89,851.35,210.84,926.03,259.47,940.43,341.98,986.37,611.57,1127.04,431.78,775.47,420.73,914.23,644.83,616.98,615.61,983.68,782.63
13.200,cam3,IDLE_ATTENTIVE,SECONDARY_MONITOR,0.0318,903.16,213.08,849.47,211.49,926.08,259.61,940.54,341.92,986.38,611.56,1127.14,431.72,775.52,420.67,914.26,644.78,617.03,615.56,983.68,782.63
13.233,cam3,IDLE_ATTENTIVE,SECONDARY_MONITOR,0.0318,899.14,214.43,847.35,212.26,925.90,259.85,940.52,341.93,986.38,611.56,1127.13,431.73,775.51,420.68,914.25,644.79,617.02,615.57,983.68,782.63
13.267,cam3,IDLE_ATTENTIVE,SECONDARY_MONITOR,0.0318,894.81,215.85,845.12,213.07,925.57,260.14,940.45,341.97,986.38,611.57,1127.06,431.77,775.48,420.72,914.24,644.82,616.99,615.60,983.68,782.63
13.300,cam3,IDLE_ATTENTIVE,SECONDARY_MONITOR,0.0319,890.51,217.27,842.96,213.87,925.18,260.45,940.37,342.01,986.37,611.57,1126.98,431.81,775.45,420.76,914.22,644.86,616.95,615.64,983.68,782.63
13.333,cam3,IDLE_ATTENTIVE,SECONDARY_MONITOR,0.0319,886.28,218.59,840.91,214.60,924.75,260.76,940.30,342.05,986.37,611.57,1126.91,431.86,775.42,420.80,914.20,644.89,616.92,615.67,983.68,782.63
13.367,cam3,IDLE_ATTENTIVE,SECONDARY_MONITOR,0.0319,882.27,219.84,839.01,215.30,924.29,261.06,940.22,342.09,986.37,611.57,1126.84,431.90,775.39,420.84,914.18,644.93,616.89,615.70,983.68,782.63
13.400,cam3,IDLE_ATTENTIVE,SECONDARY_MONITOR,0.0319,878.56,220.96,837.32,215.90,923.84,261.33,940.17,342.12,986.36,611.57,1126.78,431.93,775.37,420.87,914.16,644.95,616.86,615.73,983.68,782.63
13.433,cam3,IDLE_ATTENTIVE,SECONDARY_MONITOR,0.0319,875.17,222.00,835.79,216.45,923.25,261.66,939.99,342.21,986.35,611.57,1126.62,432.03,775.30,420.97,914.12,645.03,616.78,615.80,983.68,782.63
13.467,cam3,IDLE_ATTENTIVE,SECONDARY_MONITOR,0.0317,872.42,222.83,834.56,216.90,922.80,261.90,939.89,342.26,986.34,611.57,1126.52,432.09,775.25,421.02,914.10,645.07,616.75,615.84,983.68,782.63
13.500,cam3,IDLE_ATTENTIVE,SECONDARY_MONITOR,0.0315,870.19,223.52,833.55,217.27,922.33,262.15,939.73,342.34,986.33,611.58,1126.38,432.17,775.18,421.10,914.06,645.14,616.69,615.90,983.68,782.63
13.533,cam3,IDLE_ATTENTIVE,SECONDARY_MONITOR,0.0312,868.42,224.12,832.70,217.62,921.90,262.37,939.55,342.43,986.32,611.58,1126.21,432.27,775.09,421.19,914.03,645.20,616.62,615.97,983.68,782.63
13.567,cam3,IDLE_ATTENTIVE,SECONDARY_MONITOR,0.0309,867.05,224.68,831.96,217.98,921.41,262.62,939.27,342.58,986.30,611.59,1125.95,432.42,774.97,421.34,913.96,645.32,616.51,616.08,983.68,782.63
13.600,cam3,IDLE_ATTENTIVE,SECONDARY_MONITOR,0.0306,866.25,225.02,831.52,218.18,921.09,262.78,939.08,342.67,986.28,611.59,1125.77,432.52,774.88,421.44,913.92,645.40,616.44,616.15,983.68,782.63
13.633,cam3,IDLE_ATTENTIVE,SECONDARY_MONITOR,0.0303,865.79,225.28,831.19,218.37,920.82,262.92,938.88,342.77,986.27,611.60,1125.59,432.63,774.79,421.53,913.88,645.47,616.37,616.22,983.68,782.63
13.667,cam3,IDLE_ATTENTIVE,SECONDARY_MONITOR,0.0299,865.47,225.48,830.89,218.57,920.55,263.06,938.68,342.87,986.25,611.60,1125.40,432.74,774.69,421.64,913.84,645.55,616.30,616.30,983.68,782.63
13.700,cam3,IDLE_ATTENTIVE,SECONDARY_MONITOR,0.0294,865.37,225.86,830.40,218.99,920.11,263.23,938.42,342.99,986.23,611.61,1125.13,432.87,774.60,421.75,913.79,645.64,616.22,616.38,983.68,782.63
13.733,cam3,IDLE_ATTENTIVE,SECONDARY_MONITOR,0.0288,865.23,226.35,829.83,219.52,919.63,263.42,938.14,343.12,986.21,611.61,1124.83,433.02,774.50,421.87,913.74,645.73,616.13,616.47,983.68,782.63
13.767,cam3,IDLE_ATTENTIVE,SECONDARY_MONITOR,0.0283,865.07,226.72,829.32,219.94,919.14,263.62,937.85,343.26,986.18,611.62,1124.51,433.18,774.39,422.00,913.68,645.84,616.04,616.58,983.68,782.63
13.800,cam3,IDLE_ATTENTIVE,SECONDARY_MONITOR,0.0278,864.87,227.14,828.78,220.39,918.64,263.83,937.54,343.41,986.16,611.63,1124.19,433.35,774.28,422.14,913.62,645.95,615.94,616.68,983.68,782.63
13.833,cam3,IDLE_ATTENTIVE,SECONDARY_MONITOR,0.0273,864.66,227.54,828.26,220.84,918.18,264.03,937.25,343.54,986.14,611.63,1123.89,433.50,774.18,422.26,913.57,646.05,615.85,616.78,983.68,782.63
13.867,cam3,IDLE_ATTENTIVE,SECONDARY_MONITOR,0.0268,864.39,227.91,827.72,221.27,917.65,264.26,936.92,343.71,986.11,611.64,1123.54,433.69,774.05,422.42,913.50,646.18,615.74,616.90,983.68,782.63
13.900,cam3,IDLE_ATTENTIVE,SECONDARY_MONITOR,0.0263,864.18,228.28,827.22,221.67,917.16,264.48,936.60,343.86,986.09,611.65,1123.21,433.86,773.94,422.56,913.44,646.29,615.64,617.01,983.68,782.63
13.933,cam3,IDLE_ATTENTIVE,SECONDARY_MONITOR,0.0257,863.84,228.72,826.64,222.14,916.63,264.71,936.26,344.03,986.06,611.66,1122.85,434.04,773.81,422.72,913.38,646.41,615.53,617.12,983.68,782.63
13.967,cam3,IDLE_ATTENTIVE,SECONDARY_MONITOR,0.0250,863.58,229.14,826.10,222.60,916.11,264.94,935.92,344.19,986.03,611.66,1122.50,434.23,773.67,422.87,913.32,646.53,615.43,617.24,983.68,782.63
14.000,cam3,IDLE_ATTENTIVE,SECONDARY_MONITOR,0.0243,863.21,229.55,825.51,223.07,915.59,265.18,935.57,344.36,986.00,611.67,1122.15,434.41,773.54,423.03,913.25,646.65,615.32,617.35,983.68,782.63
14.033,cam3,IDLE_ATTENTIVE,SECONDARY_MONITOR,0.0237,862.89,229.98,824.95,223.53,915.05,265.43,935.21,344.54,985.97,611.68,1121.78,434.61,773.40,423.20,913.18,646.77,615.21,617.48,983.68,782.63
14.067,cam3,IDLE_ATTENTIVE,SECONDARY_MONITOR,0.0231,862.64,230.46,824.43,224.01,914.51,265.68,934.84,344.73,985.95,611.69,1121.40,434.81,773.26,423.38,913.11,646.91,615.09,617.61,983.68,782.63
14.100,cam3,IDLE_ATTENTIVE,SECONDARY_MONITOR,0.0225,862.26,230.94,823.85,224.50,913.98,265.93,934.48,344.91,985.92,611.70,1121.04,435.01,773.12,423.55,913.04,647.03,614.98,617.74,983.68,782.63
14.133,cam3,IDLE_ATTENTIVE,SECONDARY_MONITOR,0.0220,861.80,231.40,823.27,224.97,913.47,266.18,934.13,345.09,985.89,611.70,1120.68,435.20,772.99,423.72,912.97,647.16,614.87,617.86,983.68,782.63
14.167,cam3,IDLE_ATTENTIVE,SECONDARY_MONITOR,0.0214,861.39,231.81,822.72,225.39,912.95,266.43,933.77,345.27,985.86,611.71,1120.31,435.40,772.85,423.89,912.90,647.28,614.76,617.98,983.68,782.63
14.200,cam3,IDLE_ATTENTIVE,SECONDARY_MONITOR,0.0208,861.01,232.30,822.17,225.87,912.44,266.67,933.41,345.45,985.83,611.72,1119.95,435.60,772.71,424.06,912.84,647.41,614.66,618.10,983.68,782.63
14.233,cam3,IDLE_ATTENTIVE,SECONDARY_MONITOR,0.0201,860.72,232.71,821.67,226.28,911.91,266.93,933.04,345.64,985.81,611.73,1119.58,435.80,772.57,424.23,912.77,647.53,614.55,618.23,983.68,782.63
14.267,cam3,IDLE_ATTENTIVE,SECONDARY_MONITOR,0.0195,860.31,233.19,821.12,226.74,911.39,267.19,932.68,345.83,985.78,611.74,1119.21,436.00,772.42,424.41,912.70,647.66,614.44,618.36,983.68,782.63
14.300,cam3,IDLE_ATTENTIVE,SECONDARY_MONITOR,0.0189,859.95,233.60,820.60,227.17,910.86,267.45,932.30,346.02,985.75,611.75,1118.83,436.21,772.28,424.59,912.63,647.79,614.33,618.49,983.68,782.63
14.333,cam3,IDLE_ATTENTIVE,SECONDARY_MONITOR,0.0181,859.63,234.00,820.12,227.56,910.36,267.70,931.94,346.20,985.72,611.76,1118.47,436.40,772.13,424.76,912.57,647.91,614.23,618.61,983.68,782.63
14.367,cam3,IDLE_ATTENTIVE,SECONDARY_MONITOR,0.0175,859.19,234.41,819.58,227.98,909.85,267.95,931.58,346.39,985.69,611.76,1118.11,436.60,771.99,424.94,912.50,648.03,614.13,618.73,983.68,782.63
14.400,cam3,IDLE_ATTENTIVE,SECONDARY_MONITOR,0.0168,858.81,234.84,819.06,228.41,909.36,268.20,931.23,346.57,985.66,611.77,1117.76,436.80,771.85,425.11,912.44,648.14,614.03,618.84,983.68,782.63
14.433,cam3,IDLE_ATTENTIVE,SECONDARY_MONITOR,0.0160,858.28,235.30,818.48,228.88,908.87,268.45,930.87,346.75,985.63,611.78,1117.40,436.99,771.70,425.28,912.37,648.26,613.94,618.96,983.68,782.63
14.467,cam3,IDLE_ATTENTIVE,SECONDARY_MONITOR,0.0151,857.90,235.70,817.99,229.27,908.40,268.68,930.53,346.92,985.59,611.79,1117.07,437.17,771.56,425.44,912.32,648.36,613.86,619.06,983.68,782.63
14.500,cam3,IDLE_ATTENTIVE,SECONDARY_MONITOR,0.0143,857.40,236.11,817.45,229.68,907.91,268.93,930.17,347.11,985.56,611.80,1116.71,437.37,771.41,425.61,912.26,648.47,613.76,619.18,983.68,782.63
14.533,cam3,IDLE_ATTENTIVE,SECONDARY_MONITOR,0.0136,856.97,236.52,816.95,230.08,907.46,269.16,929.84,347.28,985.53,611.81,1116.38,437.55,771.28,425.77,912.20,648.57,613.68,619.28,983.68,782.63
14.567,cam3,IDLE_ATTENTIVE,SECONDARY_MONITOR,0.0128,856.40,236.99,816.37,230.52,906.93,269.44,929.45,347.49,985.50,611.82,1116.00,437.77,771.12,425.96,912.13,648.70,613.58,619.41,983.68,782.63
14.600,cam3,IDLE_ATTENTIVE,SECONDARY_MONITOR,0.0120,856.09,237.35,815.93,230.89,906.52,269.64,929.15,347.64,985.47,611.83,1115.70,437.93,770.99,426.11,912.08,648.79,613.50,619.51,983.68,782.63
14.633,cam3,IDLE_ATTENTIVE,SECONDARY_MONITOR,0.0111,855.87,237.61,815.60,231.14,906.13,269.83,928.86,347.78,985.44,611.83,1115.42,438.08,770.87,426.23,912.04,648.87,613.44,619.59,983.68,782.63
14.667,cam3,IDLE_ATTENTIVE,SECONDARY_MONITOR,0.0103,855.45,237.97,815.14,231.48,905.70,270.06,928.54,347.95,985.41,611.84,1115.10,438.26,770.73,426.39,911.99,648.96,613.37,619.68,983.68,782.63
14.700,cam3,IDLE_ATTENTIVE,SECONDARY_MONITOR,0.0093,855.16,238.31,814.74,231.83,905.32,270.24,928.26,348.09,985.38,611.85,1114.83,438.41,770.61,426.51,911.95,649.03,613.31,619.76,983.68,782.63
14.733,cam3,IDLE_ATTENTIVE,SECONDARY_MONITOR,0.0084,854.79,238.62,814.32,232.15,904.94,270.43,927.98,348.23,985.35,611.86,1114.55,438.55,770.48,426.64,911.91,649.11,613.25,619.84,983.68,782.63
14.767,cam3,IDLE_ATTENTIVE,SECONDARY_MONITOR,0.0074,854.49,238.82,813.97,232.37,904.59,270.60,927.72,348.36,985.32,611.87,1114.30,438.69,770.37,426.76,911.87,649.17,613.20,619.91,983.68,782.63
14.800,cam3,IDLE_ATTENTIVE,SECONDARY_MONITOR,0.0065,854.26,239.08,813.65,232.61,904.23,270.78,927.44,348.50,985.29,611.88,1114.03,438.84,770.25,426.88,911.84,649.24,613.14,619.98,983.68,782.63
14.833,cam3,IDLE_ATTENTIVE,SECONDARY_MONITOR,0.0057,853.99,239.38,813.33,232.85,903.89,270.96,927.19,348.63,985.27,611.89,1113.78,438.97,770.14,427.00,911.80,649.31,613.08,620.05,983.68,782.63
14.867,cam3,IDLE_ATTENTIVE,SECONDARY_MONITOR,0.0050,853.69,239.63,813.01,233.08,903.59,271.11,926.96,348.74,985.24,611.89,1113.55,439.09,770.05,427.10,911.77,649.37,613.04,620.11,983.68,782.63
14.900,cam3,IDLE_ATTENTIVE,SECONDARY_MONITOR,0.0043,853.54,239.75,812.81,233.19,903.34,271.22,926.78,348.83,985.22,611.90,1113.37,439.19,769.96,427.18,911.74,649.41,613.01,620.16,983.68,782.63
14.933,cam3,IDLE_ATTENTIVE,SECONDARY_MONITOR,0.0035,853.19,240.02,812.45,233.44,902.99,271.40,926.51,348.97,985.19,611.91,1113.11,439.33,769.85,427.30,911.71,649.48,612.95,620.23,983.68,782.63
14.967,cam3,IDLE_ATTENTIVE,SECONDARY_MONITOR,0.0026,852.80,240.23,812.09,233.65,902.68,271.56,926.27,349.08,985.17,611.91,1112.88,439.46,769.75,427.41,911.67,649.54,612.90,620.29,983.68,782.63
15.000,cam3,IDLE_ATTENTIVE,SECONDARY_MONITOR,0.0018,852.54,240.43,811.82,233.84,902.45,271.67,926.10,349.17,985.14,611.92,1112.70,439.55,769.67,427.48,911.65,649.58,612.87,620.33,983.68,782.63
15.033,cam3,IDLE_ATTENTIVE,SECONDARY_MONITOR,0.0010,852.27,240.65,811.55,234.02,902.17,271.81,925.89,349.27,985.12,611.93,1112.49,439.66,769.57,427.57,911.63,649.63,612.84,620.39,983.68,782.63
15.067,cam3,IDLE_ATTENTIVE,SECONDARY_MONITOR,0.0002,852.00,240.73,811.32,234.10,901.95,271.91,925.72,349.35,985.10,611.93,1112.33,439.74,769.50,427.64,911.61,649.66,612.81,620.42,983.68,782.63
15.100,cam3,IDLE_ATTENTIVE,SECONDARY_MONITOR,-0.0006,851.86,240.88,811.17,234.25,901.88,271.94,925.66,349.37,985.10,611.93,1112.27,439.77,769.48,427.65,911.61,649.65,612.81,620.42,983.70,782.62
15.133,cam3,IDLE_ATTENTIVE,SECONDARY_MONITOR,-0.0014,851.67,241.06,810.97,234.43,901.72,272.02,925.55,349.43,985.11,611.93,1112.16,439.84,769.44,427.70,911.60,649.67,612.80,620.44,983.73,782.61
15.167,cam3,IDLE_ATTENTIVE,SECONDARY_MONITOR,-0.0021,851.55,241.11,810.88,234.47,901.68,272.03,925.52,349.44,985.12,611.93,1112.12,439.85,769.44,427.70,911.60,649.67,612.80,620.44,983.76,782.61
15.200,cam3,IDLE_ATTENTIVE,SECONDARY_MONITOR,-0.0028,851.48,241.15,810.83,234.47,901.61,272.06,925.48,349.46,985.13,611.93,1112.06,439.88,769.43,427.72,911.60,649.67,612.80,620.44,983.78,782.60
15.233,cam3,IDLE_ATTENTIVE,SECONDARY_MONITOR,-0.0034,851.42,241.15,810.79,234.47,901.57,272.07,925.45,349.47,985.14,611.93,1112.03,439.90,769.43,427.72,911.61,649.66,612.81,620.43,983.80,782.59
15.267,cam3,IDLE_ATTENTIVE,SECONDARY_MONITOR,-0.0040,851.34,241.13,810.75,234.46,901.56,272.07,925.44,349.47,985.15,611.93,1112.01,439.90,769.44,427.70,911.62,649.64,612.82,620.42,983.83,782.58
15.300,cam3,IDLE_ATTENTIVE,SECONDARY_MONITOR,-0.0047,851.30,241.20,810.70,234.51,901.54,272.07,925.43,349.47,985.17,611.92,1111.99,439.91,769.44,427.70,911.62,649.63,612.83,620.40,983.85,782.58
15.333,cam3,IDLE_ATTENTIVE,SECONDARY_MONITOR,-0.0053,851.26,241.26,810.65,234.56,901.50,272.08,925.40,349.48,985.18,611.92,1111.95,439.93,769.44,427.70,911.63,649.62,612.83,620.40,983.87,782.57
15.367,cam3,IDLE_ATTENTIVE,SECONDARY_MONITOR,-0.0059,851.16,241.27,810.59,234.57,901.48,272.09,925.38,349.48,985.19,611.92,1111.93,439.93,769.44,427.69,911.63,649.61,612.84,620.39,983.90,782.56
15.400,cam3,IDLE_ATTENTIVE,SECONDARY_MONITOR,-0.0066,851.04,241.43,810.44,234.71,901.33,272.17,925.27,349.55,985.19,611.92,1111.82,440.00,769.41,427.74,911.62,649.64,612.82,620.42,983.92,782.55
15.433,cam3,IDLE_ATTENTIVE,SECONDARY_MONITOR,-0.0072,850.72,241.55,810.23,234.82,901.22,272.23,925.19,349.59,985.20,611.92,1111.72,440.05,769.38,427.78,911.61,649.66,612.81,620.44,983.94,782.55
15.467,cam3,IDLE_ATTENTIVE,SECONDARY_MONITOR,-0.0077,850.49,241.63,810.05,234.92,901.09,272.30,925.09,349.65,985.20,611.92,1111.62,440.11,769.35,427.83,911.59,649.68,612.79,620.46,983.96,782.54
15.500,cam3,IDLE_ATTENTIVE,SECONDARY_MONITOR,-0.0080,850.56,241.53,810.13,234.81,901.13,272.27,925.11,349.63,985.21,611.92,1111.63,440.10,769.37,427.80,911.61,649.66,612.80,620.44,983.97,782.54
15.533,cam3,IDLE_ATTENTIVE,SECONDARY_MONITOR,-0.0084,850.58,241.54,810.11,234.85,901.14,272.25,925.12,349.61,985.22,611.92,1111.62,440.09,769.39,427.78,911.61,649.64,612.81,620.43,983.98,782.53
15.567,cam3,IDLE_ATTENTIVE,SECONDARY_MONITOR,-0.0088,850.55,241.52,810.13,234.79,901.16,272.23,925.13,349.60,985.23,611.92,1111.62,440.08,769.40,427.76,911.62,649.62,612.83,620.41,984.00,782.53
15.600,cam3,IDLE_ATTENTIVE,SECONDARY_MONITOR,-0.0093,850.57,241.52,810.18,234.73,901.19,272.20,925.16,349.58,985.24,611.91,1111.64,440.07,769.42,427.73,911.64,649.60,612.84,620.39,984.02,782.52
15.633,cam3,IDLE_ATTENTIVE,SECONDARY_MONITOR,-0.0097,850.75,241.40,810.30,234.63,901.26,272.15,925.21,349.54,985.25,611.91,1111.67,440.04,769.45,427.69,911.65,649.57,612.87,620.35,984.03,782.52
15.667,cam3,IDLE_ATTENTIVE,SECONDARY_MONITOR,-0.0102,850.57,241.46,810.18,234.66,901.15,272.21,925.12,349.59,985.25,611.91,1111.58,440.09,769.42,427.73,911.64,649.59,612.85,620.37,984.05,782.51
15.700,cam3,IDLE_ATTENTIVE,SECONDARY_MONITOR,-0.0106,850.58,241.36,810.23,234.57,901.20,272.18,925.15,349.56,985.26,611.91,1111.60,440.07,769.45,427.70,911.65,649.56,612.87,620.35,984.06,782.51
15.733,cam3,IDLE_ATTENTIVE,SECONDARY_MONITOR,-0.0109,850.49,241.41,810.14,234.63,901.11,272.23,925.07,349.60,985.26,611.91,1111.51,440.12,769.43,427.73,911.64,649.58,612.86,620.37,984.08,782.50
15.767,cam3,IDLE_ATTENTIVE,SECONDARY_MONITOR,-0.0114,850.41,241.41,810.11,234.60,901.09,272.23,925.05,349.61,985.27,611.91,1111.48,440.13,769.43,427.73,911.65,649.58,612.86,620.37,984.09,782.50
15.800,cam3,IDLE_ATTENTIVE,SECONDARY_MONITOR,-0.0120,850.30,241.38,810.09,234.57,901.13,272.20,925.08,349.59,985.28,611.91,1111.50,440.11,769.44,427.70,911.66,649.55,612.88,620.34,984.11,782.49
15.833,cam3,IDLE_ATTENTIVE,SECONDARY_MONITOR,-0.0125,850.31,241.33,810.14,234.49,901.19,272.16,925.12,349.56,985.29,611.90,1111.53,440.09,769.47,427.67,911.68,649.52,612.90,620.31,984.13,782.49
15.867,cam3,IDLE_ATTENTIVE,SECONDARY_MONITOR,-0.0129,850.35,241.20,810.23,234.36,901.28,272.09,925.19,349.51,985.30,611.90,1111.59,440.05,769.50,427.61,911.70,649.48,612.93,620.27,984.15,782.48
15.900,cam3,IDLE_ATTENTIVE,SECONDARY_MONITOR,-0.0135,850.57,240.89,810.50,234.08,901.57,271.91,925.41,349.37,985.33,611.90,1111.78,439.92,769.59,427.47,911.75,649.38,613.01,620.16,984.17,782.47
15.933,cam3,IDLE_ATTENTIVE,SECONDARY_MONITOR,-0.0141,850.67,240.74,810.65,233.94,901.76,271.78,925.55,349.28,985.35,611.89,1111.92,439.83,769.65,427.37,911.80,649.31,613.07,620.09,984.19,782.47
15.967,cam3,IDLE_ATTENTIVE,SECONDARY_MONITOR,-0.0148,850.87,240.52,810.90,233.70,902.01,271.61,925.74,349.15,985.37,611.89,1112.09,439.71,769.73,427.25,911.85,649.22,613.14,619.99,984.22,782.46
16.000,cam3,IDLE_ATTENTIVE,SECONDARY_MONITOR,-0.0154,851.16,240.14,811.27,233.31,902.39,271.37,926.03,348.97,985.39,611.88,1112.36,439.54,769.85,427.07,911.92,649.09,613.24,619.86,984.24,782.45
16.033,cam3,IDLE_ATTENTIVE,SECONDARY_MONITOR,-0.0159,851.63,239.74,811.73,232.92,902.79,271.11,926.34,348.78,985.42,611.87,1112.64,439.36,769.98,426.87,911.99,648.95,613.35,619.71,984.26,782.45
16.067,cam3,IDLE_ATTENTIVE,SECONDARY_MONITOR,-0.0164,851.92,239.43,812.05,232.63,903.16,270.88,926.62,348.60,985.44,611.86,1112.90,439.19,770.09,426.70,912.06,648.83,613.45,619.58,984.28,782.44
16.100,cam3,IDLE_ATTENTIVE,SECONDARY_MONITOR,-0.0170,852.31,239.01,812.48,232.24,903.60,270.60,926.95,348.39,985.47,611.86,1113.21,438.99,770.23,426.49,912.14,648.68,613.57,619.43,984.29,782.43
16.133,cam3,IDLE_ATTENTIVE,SECONDARY_MONITOR,-0.0174,852.93,238.48,813.08,231.75,904.15,270.25,927.38,348.13,985.50,611.85,1113.61,438.73,770.40,426.23,912.25,648.49,613.72,619.24,984.31,782.43
16.167,cam3,IDLE_ATTENTIVE,SECONDARY_MONITOR,-0.0179,853.40,238.06,813.59,231.31,904.66,269.94,927.76,347.90,985.53,611.84,1113.96,438.50,770.56,426.00,912.34,648.33,613.86,619.06,984.33,782.42
16.200,cam3,IDLE_ATTENTIVE,SECONDARY_MONITOR,-0.0184,853.89,237.52,814.14,230.81,905.21,269.59,928.19,347.64,985.56,611.83,1114.36,438.25,770.73,425.74,912.44,648.14,614.02,618.87,984.35,782.42
16.233,cam3,IDLE_ATTENTIVE,SECONDARY_MONITOR,-0.0189,854.34,237.00,814.66,230.35,905.79,269.24,928.63,347.37,985.59,611.82,1114.77,437.99,770.91,425.47,912.55,647.95,614.18,618.67,984.36,782.41
16.267,cam3,IDLE_ATTENTIVE,SECONDARY_MONITOR,-0.0193,854.83,236.46,815.25,229.83,906.38,268.88,929.09,347.10,985.62,611.81,1115.19,437.72,771.10,425.20,912.66,647.75,614.35,618.47,984.38,782.41
16.300,cam3,IDLE_ATTENTIVE,SECONDARY_MONITOR,-0.0198,855.37,235.89,815.84,229.30,906.96,268.52,929.54,346.83,985.66,611.80,1115.60,437.46,771.29,424.94,912.77,647.56,614.52,618.26,984.40,782.40
16.333,cam3,IDLE_ATTENTIVE,SECONDARY_MONITOR,-0.0202,855.94,235.40,816.43,228.83,907.55,268.17,929.99,346.56,985.69,611.80,1116.02,437.19,771.47,424.67,912.87,647.36,614.70,618.06,984.41,782.40
16.367,cam3,IDLE_ATTENTIVE,SECONDARY_MONITOR,-0.0204,856.50,234.83,817.05,228.28,908.14,267.82,930.44,346.30,985.72,611.79,1116.44,436.92,771.66,424.40,912.98,647.17,614.87,617.86,984.42,782.39
16.400,cam3,IDLE_ATTENTIVE,SECONDARY_MONITOR,-0.0207,857.12,234.24,817.70,227.72,908.75,267.45,930.90,346.03,985.74,611.78,1116.87,436.65,771.86,424.13,913.09,646.97,615.05,617.65,984.43,782.39
16.433,cam3,IDLE_ATTENTIVE,SECONDARY_MONITOR,-0.0209,857.64,233.72,818.28,227.23,909.32,267.12,931.34,345.77,985.77,611.77,1117.27,436.40,772.04,423.87,913.20,646.78,615.22,617.46,984.44,782.39
16.467,cam3,IDLE_ATTENTIVE,SECONDARY_MONITOR,-0.0212,858.16,233.22,818.83,226.79,909.88,266.79,931.77,345.52,985.80,611.76,1117.67,436.15,772.22,423.62,913.30,646.59,615.40,617.27,984.45,782.38
16.500,cam3,IDLE_ATTENTIVE,SECONDARY_MONITOR,-0.0215,858.69,232.72,819.41,226.29,910.43,266.47,932.19,345.28,985.83,611.75,1118.05,435.90,772.40,423.38,913.41,646.41,615.57,617.08,984.46,782.38
16.533,cam3,IDLE_ATTENTIVE,SECONDARY_MONITOR,-0.0219,859.11,232.33,819.91,225.88,910.92,266.18,932.56,345.07,985.85,611.75,1118.40,435.69,772.56,423.17,913.50,646.24,615.73,616.91,984.47,782.38
16.567,cam3,IDLE_ATTENTIVE,SECONDARY_MONITOR,-0.0224,859.69,231.90,820.44,225.46,911.37,265.92,932.91,344.87,985.88,611.74,1118.72,435.49,772.70,422.97,913.59,646.08,615.88,616.74,984.49,782.37
16.600,cam3,IDLE_ATTENTIVE,SECONDARY_MONITOR,-0.0229,860.08,231.60,820.86,225.15,911.79,265.67,933.23,344.69,985.90,611.73,1119.02,435.30,772.84,422.78,913.67,645.93,616.02,616.59,984.51,782.36
16.633,cam3,IDLE_ATTENTIVE,SECONDARY_MONITOR,-0.0234,860.52,231.28,821.30,224.82,912.20,265.44,933.54,344.51,985.93,611.73,1119.31,435.12,772.97,422.60,913.75,645.79,616.16,616.44,984.53,782.36
16.667,cam3,IDLE_ATTENTIVE,SECONDARY_MONITOR,-0.0239,860.99,230.83,821.80,224.39,912.66,265.18,933.89,344.31,985.96,611.72,1119.63,434.92,773.12,422.40,913.84,645.63,616.31,616.28,984.54,782.35
16.700,cam3,IDLE_ATTENTIVE,SECONDARY_MONITOR,-0.0243,861.20,230.52,822.12,224.09,913.00,264.99,934.14,344.17,985.98,611.71,1119.87,434.77,773.22,422.25,913.91,645.51,616.43,616.16,984.56,782.35
16.733,cam3,IDLE_ATTENTIVE,SECONDARY_MONITOR,-0.0247,861.43,230.24,822.45,223.80,913.36,264.78,934.42,344.02,986.00,611.71,1120.12,434.62,773.34,422.09,913.98,645.38,616.56,616.03,984.57,782.34
16.767,cam3,IDLE_ATTENTIVE,SECONDARY_MONITOR,-0.0250,861.68,230.00,822.72,223.59,913.63,264.63,934.62,343.90,986.01,611.70,1120.30,434.50,773.43,421.97,914.03,645.29,616.65,615.93,984.59,782.34
16.800,cam3,IDLE_ATTENTIVE,SECONDARY_MONITOR,-0.0253,861.85,229.81,822.93,223.39,913.80,264.53,934.75,343.83,986.03,611.70,1120.41,434.43,773.49,421.90,914.07,645.23,616.71,615.87,984.60,782.34
16.833,cam3,IDLE_ATTENTIVE,SECONDARY_MONITOR,-0.0256,861.85,229.67,823.00,223.30,913.93,264.46,934.84,343.78,986.04,611.70,1120.49,434.38,773.53,421.84,914.10,645.18,616.76,615.82,984.61,782.33
16.867,cam3,IDLE_ATTENTIVE,SECONDARY_MONITOR,-0.0258,861.86,229.58,823.08,223.22,914.03,264.40,934.90,343.74,986.04,611.70,1120.55,434.34,773.57,421.80,914.12,645.14,616.79,615.78,984.61,782.33
16.900,cam3,IDLE_ATTENTIVE,SECONDARY_MONITOR,-0.0260,861.88,229.55,823.14,223.16,914.09,264.37,934.94,343.72,986.05,611.69,1120.57,434.32,773.59,421.77,914.13,645.12,616.82,615.76,984.62,782.33
16.933,cam3,IDLE_ATTENTIVE,SECONDARY_MONITOR,-0.0263,861.73,229.58,823.04,223.20,914.00,264.42,934.86,343.76,986.05,611.69,1120.49,434.37,773.57,421.81,914.11,645.15,616.79,615.79,984.63,782.32
16.967,cam3,IDLE_ATTENTIVE,SECONDARY_MONITOR,-0.0265,861.62,229.66,822.98,223.23,913.97,264.44,934.82,343.77,986.05,611.69,1120.44,434.39,773.56,421.82,914.11,645.16,616.78,615.80,984.64,782.32
17.000,cam3,IDLE_ATTENTIVE,SECONDARY_MONITOR,-0.0267,861.62,229.63,823.01,223.17,913.96,264.44,934.80,343.78,986.05,611.69,1120.42,434.40,773.56,421.82,914.11,645.16,616.78,615.80,984.65,782.32
17.033,cam3,IDLE_ATTENTIVE,SECONDARY_MONITOR,-0.0268,861.65,229.60,823.09,223.09,914.00,264.42,934.82,343.77,986.06,611.69,1120.42,434.39,773.57,421.81,914.11,645.15,616.79,615.79,984.65,782.32
17.067,cam3,IDLE_ATTENTIVE,SECONDARY_MONITOR,-0.0270,861.59,229.59,823.10,223.05,914.00,264.43,934.81,343.77,986.06,611.69,1120.40,434.40,773.57,421.81,914.12,645.15,616.79,615.78,984.66,782.32
17.100,cam3,IDLE_ATTENTIVE,SECONDARY_MONITOR,-0.0272,861.61,229.54,823.14,222.99,914.03,264.41,934.82,343.76,986.07,611.69,1120.41,434.39,773.59,421.79,914.12,645.14,616.80,615.77,984.67,782.31
17.133,cam3,IDLE_ATTENTIVE,SECONDARY_MONITOR,-0.0276,861.56,229.50,823.12,222.97,914.01,264.42,934.80,343.77,986.07,611.69,1120.38,434.40,773.58,421.80,914.12,645.14,616.80,615.77,984.68,782.31
17.167,cam3,IDLE_ATTENTIVE,SECONDARY_MONITOR,-0.0279,861.42,229.56,823.03,223.02,913.94,264.46,934.73,343.80,986.07,611.69,1120.31,434.44,773.56,421.83,914.11,645.16,616.78,615.79,984.69,782.31
17.200,cam3,IDLE_ATTENTIVE,SECONDARY_MONITOR,-0.0281,861.25,229.56,822.95,223.02,913.88,264.50,934.67,343.84,986.07,611.69,1120.25,434.48,773.54,421.86,914.10,645.18,616.76,615.81,984.70,782.30
17.233,cam3,IDLE_ATTENTIVE,SECONDARY_MONITOR,-0.0284,861.20,229.58,822.93,223.01,913.86,264.51,934.65,343.85,986.08,611.69,1120.22,434.49,773.53,421.86,914.10,645.18,616.76,615.82,984.71,782.30
17.267,cam3,IDLE_ATTENTIVE,SECONDARY_MONITOR,-0.0288,861.17,229.60,822.92,223.00,913.83,264.52,934.61,343.86,986.08,611.69,1120.18,434.51,773.52,421.87,914.10,645.19,616.76,615.82,984.72,782.30
17.300,cam3,IDLE_ATTENTIVE,SECONDARY_MONITOR,-0.0292,861.04,229.63,822.86,222.99,913.74,264.57,934.53,343.90,986.09,611.69,1120.11,434.55,773.50,421.91,914.08,645.21,616.73,615.84,984.74,782.29
17.333,cam3,IDLE_ATTENTIVE,SECONDARY_MONITOR,-0.0296,860.96,229.64,822.83,222.98,913.68,264.61,934.48,343.93,986.09,611.69,1120.05,434.59,773.48,421.93,914.08,645.22,616.72,615.86,984.75,782.29
17.367,cam3,IDLE_ATTENTIVE,SECONDARY_MONITOR,-0.0300,860.87,229.70,822.77,223.01,913.63,264.64,934.43,343.95,986.10,611.69,1120.00,434.62,773.46,421.95,914.07,645.24,616.71,615.87,984.77,782.28
17.400,cam3,IDLE_ATTENTIVE,SECONDARY_MONITOR,-0.0304,860.61,229.82,822.62,223.08,913.52,264.70,934.33,344.01,986.10,611.69,1119.91,434.67,773.42,422.00,914.05,645.27,616.68,615.90,984.78,782.28
17.433,cam3,IDLE_ATTENTIVE,SECONDARY_MONITOR,-0.0308,860.51,229.89,822.55,223.14,913.49,264.72,934.29,344.02,986.10,611.69,1119.87,434.69,773.41,422.01,914.05,645.27,616.67,615.90,984.79,782.27
17.467,cam3,IDLE_ATTENTIVE,SECONDARY_MONITOR,-0.0311,860.41,229.93,822.49,223.15,913.42,264.76,934.23,344.06,986.11,611.69,1119.80,434.73,773.39,422.04,914.04,645.29,616.65,615.92,984.81,782.27
17.500,cam3,IDLE_ATTENTIVE,SECONDARY_MONITOR,-0.0315,860.37,229.99,822.43,223.19,913.30,264.83,934.13,344.11,986.11,611.69,1119.71,434.79,773.35,422.09,914.02,645.33,616.62,615.96,984.82,782.26
17.533,cam3,IDLE_ATTENTIVE,SECONDARY_MONITOR,-0.0320,860.17,230.12,822.21,223.34,913.11,264.93,933.97,344.20,986.11,611.69,1119.55,434.88,773.29,422.17,913.99,645.38,616.56,616.02,984.84,782.26
17.567,cam3,IDLE_ATTENTIVE,SECONDARY_MONITOR,-0.0324,860.04,230.14,822.12,223.37,913.02,264.98,933.89,344.23,986.11,611.69,1119.48,434.92,773.26,422.21,913.97,645.41,616.54,616.04,984.85,782.25
17.600,cam3,IDLE_ATTENTIVE,SECONDARY_MONITOR,-0.0327,859.78,230.29,821.91,223.50,912.82,265.10,933.72,344.32,986.11,611.69,1119.32,435.02,773.19,422.30,913.94,645.47,616.48,616.10,984.86,782.25
17.633,cam3,IDLE_ATTENTIVE,SECONDARY_MONITOR,-0.0331,859.60,230.48,821.72,223.63,912.61,265.22,933.55,344.42,986.10,611.69,1119.15,435.12,773.12,422.39,913.90,645.54,616.41,616.17,984.88,782.25
17.667,cam3,IDLE_ATTENTIVE,SECONDARY_MONITOR,-0.0334,859.26,230.64,821.47,223.78,912.38,265.35,933.36,344.52,986.10,611.70,1118.97,435.23,773.05,422.49,913.86,645.61,616.34,616.24,984.89,782.24
17.700,cam3,IDLE_ATTENTIVE,SECONDARY_MONITOR,-0.0337,859.05,230.80,821.28,223.91,912.19,265.46,933.20,344.61,986.10,611.70,1118.82,435.32,772.99,422.57,913.83,645.67,616.29,616.30,984.90,782.24
17.733,cam3,IDLE_ATTENTIVE,SECONDARY_MONITOR,-0.0341,858.79,231.00,821.07,224.03,911.96,265.60,933.00,344.71,986.09,611.70,1118.63,435.44,772.91,422.67,913.79,645.74,616.22,616.38,984.91,782.23
17.767,cam3,IDLE_ATTENTIVE,SECONDARY_MONITOR,-0.0344,858.40,231.18,820.79,224.19,911.72,265.73,932.81,344.82,986.09,611.70,1118.44,435.55,772.83,422.77,913.75,645.81,616.14,616.45,984.92,782.23
17.800,cam3,IDLE_ATTENTIVE,SECONDARY_MONITOR,-0.0349,857.85,231.44,820.38,224.43,911.37,265.93,932.52,344.98,986.08,611.71,1118.18,435.71,772.72,422.92,913.69,645.92,616.04,616.56,984.94,782.23
17.833,cam3,IDLE_ATTENTIVE,SECONDARY_MONITOR,-0.0353,857.42,231.66,820.07,224.60,911.08,266.10,932.29,345.11,986.08,611.71,1117.95,435.85,772.62,423.05,913.64,646.01,615.95,616.65,984.96,782.22
17.867,cam3,IDLE_ATTENTIVE,SECONDARY_MONITOR,-0.0356,857.02,231.86,819.77,224.76,910.79,266.27,932.05,345.24,986.07,611.71,1117.73,435.99,772.53,423.17,913.59,646.10,615.87,616.75,984.97,782.22
17.900,cam3,IDLE_ATTENTIVE,SECONDARY_MONITOR,-0.0358,856.53,232.08,819.42,224.96,910.51,266.44,931.82,345.37,986.06,611.72,1117.51,436.12,772.44,423.30,913.54,646.19,615.78,616.84,984.97,782.21
17.933,cam3,IDLE_ATTENTIVE,SECONDARY_MONITOR,-0.0360,856.15,232.31,819.10,225.16,910.19,266.62,931.56,345.51,986.05,611.72,1117.26,436.27,772.34,423.43,913.48,646.29,615.68,616.95,984.98,782.21
17.967,cam3,IDLE_ATTENTIVE,SECONDARY_MONITOR,-0.0361,855.78,232.56,818.79,225.37,909.90,266.80,931.32,345.64,986.04,611.72,1117.03,436.41,772.25,423.56,913.43,646.39,615.59,617.04,984.99,782.21
18.000,cam3,IDLE_ATTENTIVE,SECONDARY_MONITOR,-0.0363,855.39,232.85,818.43,225.63,909.56,267.00,931.05,345.80,986.03,611.73,1116.76,436.57,772.14,423.71,913.36,646.50,615.49,617.16,984.99,782.21
18.033,cam3,IDLE_ATTENTIVE,SECONDARY_MONITOR,-0.0365,854.79,233.13,817.97,225.93,909.20,267.21,930.76,345.96,986.02,611.73,1116.49,436.74,772.03,423.87,913.30,646.61,615.38,617.27,985.00,782.21
18.067,cam3,IDLE_ATTENTIVE,SECONDARY_MONITOR,-0.0366,854.32,233.40,817.60,226.17,908.87,267.40,930.49,346.11,986.01,611.73,1116.23,436.90,771.92,424.02,913.24,646.72,615.28,617.39,985.00,782.21
18.100,cam3,IDLE_ATTENTIVE,SECONDARY_MONITOR,-0.0366,853.91,233.75,817.23,226.46,908.53,267.61,930.21,346.27,986.00,611.74,1115.96,437.06,771.82,424.17,913.18,646.83,615.18,617.50,985.00,782.21
18.133,cam3,IDLE_ATTENTIVE,SECONDARY_MONITOR,-0.0367,853.51,234.02,816.90,226.67,908.19,267.81,929.94,346.43,985.98,611.74,1115.69,437.23,771.71,424.32,913.12,646.94,615.08,617.62,985.01,782.20
18.167,cam3,IDLE_ATTENTIVE,SECONDARY_MONITOR,-0.0367,853.13,234.37,816.51,226.99,907.83,268.03,929.64,346.60,985.97,611.75,1115.41,437.40,771.60,424.48,913.05,647.06,614.97,617.74,985.01,782.20
18.200,cam3,IDLE_ATTENTIVE,SECONDARY_MONITOR,-0.0368,852.76,234.70,816.15,227.26,907.46,268.25,929.34,346.77,985.95,611.75,1115.12,437.57,771.48,424.65,912.98,647.18,614.86,617.87,985.01,782.20
18.233,cam3,IDLE_ATTENTIVE,SECONDARY_MONITOR,-0.0368,852.32,235.00,815.75,227.55,907.09,268.47,929.05,346.94,985.94,611.76,1114.84,437.75,771.37,424.81,912.92,647.30,614.76,617.99,985.01,782.20
18.267,cam3,IDLE_ATTENTIVE,SECONDARY_MONITOR,-0.0367,852.00,235.28,815.43,227.79,906.74,268.69,928.76,347.11,985.92,611.76,1114.56,437.92,771.26,424.97,912.85,647.41,614.65,618.11,985.01,782.20
18.300,cam3,IDLE_ATTENTIVE,SECONDARY_MONITOR,-0.0367,851.46,235.61,815.00,228.09,906.37,268.91,928.46,347.28,985.91,611.77,1114.27,438.09,771.15,425.14,912.78,647.53,614.55,618.24,985.01,782.20
18.333,cam3,IDLE_ATTENTIVE,SECONDARY_MONITOR,-0.0366,851.02,235.90,814.61,228.37,906.01,269.14,928.17,347.45,985.89,611.77,1113.99,438.27,771.04,425.30,912.72,647.65,614.44,618.36,985.01,782.20
18.367,cam3,IDLE_ATTENTIVE,SECONDARY_MONITOR,-0.0367,850.63,236.24,814.23,228.66,905.64,269.36,927.87,347.62,985.88,611.78,1113.70,438.44,770.93,425.47,912.65,647.77,614.34,618.48,985.01,782.20
18.400,cam3,IDLE_ATTENTIVE,SECONDARY_MONITOR,-0.0368,850.16,236.54,813.86,228.91,905.29,269.58,927.59,347.79,985.87,611.78,1113.43,438.61,770.82,425.63,912.59,647.88,614.24,618.60,985.01,782.20
18.433,cam3,IDLE_ATTENTIVE,SECONDARY_MONITOR,-0.0369,849.70,236.87,813.47,229.18,904.91,269.81,927.29,347.97,985.85,611.79,1113.14,438.79,770.70,425.80,912.52,647.99,614.14,618.72,985.01,782.20
18.467,cam3,IDLE_ATTENTIVE,SECONDARY_MONITOR,-0.0369,849.29,237.17,813.10,229.46,904.56,270.03,927.00,348.14,985.84,611.79,1112.86,438.96,770.59,425.96,912.46,648.10,614.04,618.84,985.02,782.20
18.500,cam3,IDLE_ATTENTIVE,SECONDARY_MONITOR,-0.0369,848.96,237.49,812.78,229.71,904.23,270.24,926.73,348.30,985.82,611.80,1112.61,439.12,770.49,426.11,912.40,648.21,613.96,618.95,985.02,782.20
18.533,cam3,IDLE_ATTENTIVE,SECONDARY_MONITOR,-0.0370,848.56,237.79,812.43,229.96,903.87,270.46,926.45,348.47,985.81,611.80,1112.33,439.29,770.38,426.27,912.34,648.32,613.86,619.07,985.02,782.20
18.567,cam3,IDLE_ATTENTIVE,SECONDARY_MONITOR,-0.0369,848.17,238.04,812.11,230.17,903.55,270.66,926.19,348.62,985.79,611.81,1112.08,439.45,770.29,426.42,912.28,648.42,613.77,619.18,985.01,782.20
18.600,cam3,IDLE_ATTENTIVE,SECONDARY_MONITOR,-0.0367,847.84,238.29,811.81,230.41,903.27,270.84,925.96,348.76,985.78,611.81,1111.85,439.58,770.20,426.55,912.23,648.51,613.70,619.28,985.01,782.20
18.633,cam3,IDLE_ATTENTIVE,SECONDARY_MONITOR,-0.0367,847.44,238.56,811.48,230.65,902.98,271.03,925.72,348.90,985.77,611.82,1111.62,439.73,770.12,426.69,912.18,648.61,613.62,619.38,985.01,782.20
18.667,cam3,IDLE_ATTENTIVE,SECONDARY_MONITOR,-0.0368,847.08,238.85,811.17,230.90,902.72,271.19,925.51,349.03,985.76,611.82,1111.42,439.85,770.04,426.81,912.14,648.68,613.55,619.46,985.01,782.20
18.700,cam3,IDLE_ATTENTIVE,SECONDARY_MONITOR,-0.0369,846.88,239.07,810.95,231.07,902.44,271.36,925.28,349.16,985.75,611.82,1111.21,439.99,769.95,426.93,912.09,648.77,613.48,619.55,985.01,782.20
18.733,cam3,IDLE_ATTENTIVE,SECONDARY_MONITOR,-0.0368,846.58,239.29,810.69,231.26,902.19,271.53,925.08,349.29,985.74,611.83,1111.00,440.11,769.88,427.05,912.04,648.85,613.42,619.64,985.01,782.20
18.767,cam3,IDLE_ATTENTIVE,SECONDARY_MONITOR,-0.0366,846.47,239.41,810.59,231.35,902.07,271.60,924.98,349.35,985.73,611.83,1110.90,440.17,769.84,427.11,912.02,648.89,613.38,619.68,985.00,782.21
18.800,cam3,IDLE_ATTENTIVE,SECONDARY_MONITOR,-0.0365,846.11,239.62,810.32,231.52,901.85,271.75,924.79,349.46,985.72,611.83,1110.72,440.28,769.78,427.21,911.98,648.96,613.32,619.76,985.00,782.21
18.833,cam3,IDLE_ATTENTIVE,SECONDARY_MONITOR,-0.0364,845.87,239.77,810.15,231.65,901.70,271.84,924.67,349.54,985.71,611.83,1110.59,440.36,769.73,427.28,911.95,649.01,613.28,619.82,984.99,782.21
18.867,cam3,IDLE_ATTENTIVE,SECONDARY_MONITOR,-0.0362,845.62,239.93,809.95,231.80,901.52,271.96,924.52,349.62,985.70,611.84,1110.45,440.44,769.68,427.37,911.92,649.07,613.24,619.88,984.99,782.21
18.900,cam3,IDLE_ATTENTIVE,SECONDARY_MONITOR,-0.0362,845.45,240.03,809.80,231.90,901.38,272.05,924.40,349.69,985.69,611.84,1110.33,440.52,769.64,427.43,911.89,649.11,613.20,619.93,984.99,782.21
18.933,cam3,IDLE_ATTENTIVE,SECONDARY_MONITOR,-0.0361,845.40,240.13,809.71,231.96,901.22,272.15,924.27,349.78,985.68,611.84,1110.19,440.60,769.60,427.51,911.86,649.16,613.16,619.98,984.99,782.21
18.967,cam3,IDLE_ATTENTIVE,SECONDARY_MONITOR,-0.0361,845.22,240.21,809.59,232.02,901.09,272.24,924.15,349.84,985.68,611.84,1110.08,440.67,769.56,427.57,911.84,649.21,613.12,620.03,984.99,782.21
19.000,cam3,IDLE_ATTENTIVE,SECONDARY_MONITOR,-0.0361,845.18,240.34,809.51,232.11,900.96,272.32,924.05,349.91,985.67,611.85,1109.98,440.73,769.52,427.63,911.82,649.24,613.09,620.07,984.99,782.21
19.033,cam3,IDLE_ATTENTIVE,SECONDARY_MONITOR,-0.0362,845.01,240.44,809.36,232.22,900.85,272.39,923.96,349.96,985.67,611.85,1109.89,440.78,769.49,427.68,911.80,649.28,613.07,620.11,984.99,782.21
19.067,cam3,IDLE_ATTENTIVE,SECONDARY_MONITOR,-0.0362,844.84,240.40,809.31,232.18,900.81,272.42,923.92,349.99,985.67,611.85,1109.85,440.81,769.47,427.70,911.79,649.29,613.06,620.12,984.99,782.21
19.100,cam3,IDLE_ATTENTIVE,SECONDARY_MONITOR,-0.0363,844.72,240.47,809.21,232.25,900.73,272.47,923.85,350.03,985.67,611.85,1109.78,440.85,769.45,427.74,911.78,649.31,613.04,620.15,984.99,782.21
19.133,cam3,IDLE_ATTENTIVE,SECONDARY_MONITOR,-0.0363,844.77,240.49,809.22,232.28,900.74,272.47,923.84,350.03,985.66,611.85,1109.77,440.85,769.45,427.74,911.78,649.32,613.04,620.15,984.99,782.21
19.167,cam3,IDLE_ATTENTIVE,SECONDARY_MONITOR,-0.0361,844.86,240.41,809.32,232.18,900.80,272.44,923.88,350.00,985.66,611.85,1109.80,440.83,769.47,427.71,911.78,649.30,613.05,620.13,984.99,782.21
19.200,cam3,IDLE_ATTENTIVE,SECONDARY_MONITOR,-0.0360,844.84,240.44,809.31,232.18,900.77,272.46,923.85,350.02,985.66,611.85,1109.76,440.85,769.47,427.73,911.78,649.31,613.04,620.15,984.98,782.21
19.233,cam3,IDLE_ATTENTIVE,SECONDARY_MONITOR,-0.0356,844.78,240.44,809.29,232.18,900.72,272.49,923.81,350.04,985.65,611.85,1109.71,440.87,769.46,427.75,911.76,649.34,613.02,620.17,984.97,782.22
19.267,cam3,IDLE_ATTENTIVE,SECONDARY_MONITOR,-0.0352,844.92,240.32,809.44,232.04,900.84,272.41,923.90,349.99,985.65,611.85,1109.78,440.82,769.50,427.70,911.78,649.31,613.04,620.15,984.95,782.22
19.300,cam3,IDLE_ATTENTIVE,SECONDARY_MONITOR,-0.0348,844.79,240.37,809.36,232.09,900.77,272.46,923.84,350.02,985.64,611.85,1109.70,440.86,769.49,427.73,911.76,649.34,613.01,620.18,984.94,782.23
19.333,cam3,IDLE_ATTENTIVE,SECONDARY_MONITOR,-0.0343,844.72,240.36,809.34,232.10,900.80,272.45,923.85,350.02,985.63,611.85,1109.70,440.85,769.50,427.73,911.76,649.34,613.01,620.18,984.92,782.23
19.367,cam3,IDLE_ATTENTIVE,SECONDARY_MONITOR,-0.0339,844.65,240.36,809.32,232.11,900.79,272.45,923.83,350.02,985.62,611.86,1109.67,440.86,769.51,427.73,911.75,649.36,613.00,620.20,984.90,782.24
19.400,cam3,IDLE_ATTENTIVE,SECONDARY_MONITOR,-0.0334,844.67,240.26,809.37,232.04,900.82,272.44,923.85,350.01,985.62,611.86,1109.67,440.85,769.52,427.72,911.75,649.36,613.00,620.20,984.89,782.24
19.433,cam3,IDLE_ATTENTIVE,SECONDARY_MONITOR,-0.0328,844.69,240.22,809.43,231.98,900.88,272.40,923.89,349.98,985.61,611.86,1109.69,440.82,769.55,427.69,911.75,649.35,613.00,620.19,984.87,782.25
19.467,cam3,IDLE_ATTENTIVE,SECONDARY_MONITOR,-0.0322,844.68,240.23,809.45,231.96,900.86,272.42,923.86,350.00,985.60,611.86,1109.65,440.84,769.55,427.71,911.74,649.38,612.98,620.22,984.84,782.26
19.500,cam3,IDLE_ATTENTIVE,SECONDARY_MONITOR,-0.0316,844.79,240.14,809.58,231.85,900.95,272.36,923.93,349.96,985.59,611.86,1109.69,440.80,769.58,427.67,911.74,649.36,612.99,620.20,984.82,782.26
19.533,cam3,IDLE_ATTENTIVE,SECONDARY_MONITOR,-0.0309,844.74,240.06,809.62,231.77,901.01,272.33,923.96,349.93,985.58,611.86,1109.71,440.78,769.61,427.65,911.74,649.36,612.99,620.20,984.80,782.27
19.567,cam3,IDLE_ATTENTIVE,SECONDARY_MONITOR,-0.0302,844.73,240.04,809.64,231.72,900.96,272.36,923.92,349.96,985.57,611.86,1109.65,440.80,769.60,427.67,911.73,649.39,612.97,620.23,984.77,782.28
19.600,cam3,IDLE_ATTENTIVE,SECONDARY_MONITOR,-0.0296,844.78,239.94,809.73,231.63,901.04,272.32,923.97,349.92,985.56,611.86,1109.68,440.77,769.64,427.64,911.73,649.38,612.97,620.22,984.75,782.29
19.633,cam3,IDLE_ATTENTIVE,SECONDARY_MONITOR,-0.0290,844.73,239.91,809.72,231.61,901.04,272.32,923.96,349.93,985.55,611.87,1109.65,440.78,769.64,427.65,911.72,649.40,612.96,620.24,984.73,782.29
19.667,cam3,IDLE_ATTENTIVE,SECONDARY_MONITOR,-0.0283,844.83,239.74,809.87,231.48,901.18,272.24,924.07,349.86,985.54,611.87,1109.73,440.72,769.69,427.58,911.74,649.37,612.98,620.21,984.70,782.30
19.700,cam3,IDLE_ATTENTIVE,SECONDARY_MONITOR,-0.0277,844.96,239.60,810.04,231.32,901.33,272.15,924.17,349.79,985.54,611.87,1109.81,440.65,769.75,427.52,911.75,649.34,613.00,620.18,984.68,782.31
19.733,cam3,IDLE_ATTENTIVE,SECONDARY_MONITOR,-0.0270,844.96,239.60,810.07,231.30,901.35,272.13,924.18,349.79,985.52,611.87,1109.81,440.64,769.76,427.51,911.75,649.35,613.00,620.19,984.66,782.32
19.767,cam3,IDLE_ATTENTIVE,SECONDARY_MONITOR,-0.0263,844.97,239.57,810.12,231.27,901.41,272.10,924.23,349.76,985.51,611.87,1109.83,440.62,769.79,427.49,911.75,649.34,613.00,620.18,984.63,782.32
19.800,cam3,IDLE_ATTENTIVE,SECONDARY_MONITOR,-0.0257,844.96,239.53,810.15,231.23,901.44,272.08,924.24,349.75,985.51,611.87,1109.82,440.61,769.81,427.48,911.75,649.35,612.99,620.19,984.61,782.33
19.833,cam3,IDLE_ATTENTIVE,SECONDARY_MONITOR,-0.0253,844.95,239.46,810.20,231.17,901.52,272.04,924.29,349.71,985.50,611.87,1109.86,440.58,769.84,427.45,911.75,649.34,613.00,620.18,984.59,782.34
19.867,cam3,IDLE_ATTENTIVE,SECONDARY_MONITOR,-0.0248,844.93,239.44,810.21,231.14,901.50,272.05,924.27,349.73,985.49,611.87,1109.82,440.59,769.83,427.46,911.74,649.35,612.99,620.20,984.58,782.34
19.900,cam3,IDLE_ATTENTIVE,SECONDARY_MONITOR,-0.0243,844.93,239.43,810.24,231.13,901.54,272.03,924.29,349.71,985.49,611.87,1109.83,440.58,769.85,427.44,911.74,649.35,612.99,620.19,984.56,782.35
19.933,cam3,IDLE_ATTENTIVE,SECONDARY_MONITOR,-0.0239,845.04,239.36,810.35,231.06,901.65,271.96,924.38,349.66,985.48,611.87,1109.90,440.53,769.89,427.39,911.76,649.33,613.01,620.17,984.55,782.35
19.967,cam3,IDLE_ATTENTIVE,SECONDARY_MONITOR,-0.0236,845.08,239.28,810.43,230.97,901.73,271.91,924.43,349.62,985.48,611.87,1109.94,440.49,769.92,427.36,911.76,649.31,613.02,620.15,984.53,782.36
20.000,cam3,IDLE_ATTENTIVE,SECONDARY_MONITOR,-0.0233,845.27,239.08,810.67,230.76,901.95,271.78,924.60,349.52,985.48,611.87,1110.08,440.39,769.99,427.26,911.80,649.26,613.07,620.09,984.52,782.36
20.033,cam3,IDLE_ATTENTIVE,SECONDARY_MONITOR,-0.0229,845.37,238.96,810.79,230.66,902.07,271.70,924.69,349.46,985.48,611.87,1110.16,440.34,770.04,427.21,911.81,649.23,613.09,620.06,984.51,782.36
20.067,cam3,IDLE_ATTENTIVE,SECONDARY_MONITOR,-0.0227,845.45,238.85,810.93,230.55,902.24,271.60,924.82,349.38,985.49,611.87,1110.27,440.26,770.09,427.13,911.84,649.18,613.13,620.01,984.50,782.37
20.100,cam3,IDLE_ATTENTIVE,SECONDARY_MONITOR,-0.0224,845.59,238.68,811.12,230.38,902.42,271.49,924.95,349.30,985.49,611.87,1110.38,440.18,770.15,427.05,911.86,649.14,613.16,619.96,984.49,782.37
20.133,cam3,IDLE_ATTENTIVE,SECONDARY_MONITOR,-0.0221,845.76,238.51,811.34,230.20,902.66,271.34,925.13,349.19,985.49,611.87,1110.54,440.07,770.23,426.94,911.90,649.07,613.22,619.89,984.48,782.37
20.167,cam3,IDLE_ATTENTIVE,SECONDARY_MONITOR,-0.0218,845.99,238.33,811.59,230.01,902.90,271.19,925.31,349.08,985.50,611.86,1110.70,439.96,770.31,426.84,911.94,649.01,613.27,619.82,984.47,782.38
20.200,cam3,IDLE_ATTENTIVE,SECONDARY_MONITOR,-0.0215,846.31,238.04,811.93,229.75,903.23,270.99,925.57,348.92,985.50,611.86,1110.93,439.81,770.41,426.69,911.99,648.92,613.34,619.72,984.46,782.38
20.233,cam3,IDLE_ATTENTIVE,SECONDARY_MONITOR,-0.0210,846.58,237.81,812.21,229.53,903.51,270.81,925.78,348.79,985.51,611.86,1111.12,439.69,770.51,426.56,912.03,648.84,613.41,619.64,984.44,782.39
20.267,cam3,IDLE_ATTENTIVE,SECONDARY_MONITOR,-0.0206,846.97,237.51,812.57,229.27,903.82,270.62,926.02,348.65,985.51,611.85,1111.33,439.55,770.61,426.42,912.08,648.76,613.47,619.55,984.43,782.39
20.300,cam3,IDLE_ATTENTIVE,SECONDARY_MONITOR,-0.0202,847.33,237.23,812.92,228.96,904.08,270.47,926.21,348.53,985.51,611.85,1111.50,439.43,770.69,426.31,912.12,648.69,613.53,619.48,984.41,782.40
20.333,cam3,IDLE_ATTENTIVE,SECONDARY_MONITOR,-0.0198,847.54,237.00,813.18,228.76,904.37,270.29,926.44,348.39,985.52,611.85,1111.70,439.29,770.79,426.18,912.16,648.61,613.60,619.39,984.40,782.40
20.367,cam3,IDLE_ATTENTIVE,SECONDARY_MONITOR,-0.0193,847.84,236.71,813.49,228.52,904.67,270.11,926.66,348.26,985.52,611.85,1111.90,439.16,770.88,426.05,912.21,648.53,613.67,619.30,984.38,782.41
20.400,cam3,IDLE_ATTENTIVE,SECONDARY_MONITOR,-0.0188,848.11,236.39,813.83,228.23,905.01,269.90,926.93,348.10,985.53,611.84,1112.13,439.01,771.00,425.90,912.26,648.44,613.75,619.20,984.36,782.41
20.433,cam3,IDLE_ATTENTIVE,SECONDARY_MONITOR,-0.0183,848.46,236.02,814.24,227.90,905.43,269.65,927.25,347.91,985.54,611.84,1112.41,438.82,771.13,425.71,912.33,648.32,613.84,619.08,984.34,782.42
20.467,cam3,IDLE_ATTENTIVE,SECONDARY_MONITOR,-0.0177,848.82,235.64,814.69,227.53,905.86,269.39,927.58,347.71,985.54,611.84,1112.71,438.62,771.28,425.52,912.40,648.20,613.95,618.95,984.32,782.42
20.500,cam3,IDLE_ATTENTIVE,SECONDARY_MONITOR,-0.0172,849.22,235.27,815.12,227.18,906.24,269.16,927.87,347.54,985.55,611.83,1112.97,438.45,771.40,425.36,912.46,648.10,614.04,618.84,984.30,782.43
20.533,cam3,IDLE_ATTENTIVE,SECONDARY_MONITOR,-0.0166,849.60,234.91,815.51,226.88,906.64,268.93,928.18,347.36,985.56,611.83,1113.24,438.27,771.53,425.18,912.52,647.99,614.14,618.72,984.28,782.44
20.567,cam3,IDLE_ATTENTIVE,SECONDARY_MONITOR,-0.0161,850.04,234.54,815.97,226.52,907.05,268.68,928.50,347.17,985.56,611.83,1113.53,438.08,771.67,425.00,912.59,647.87,614.24,618.60,984.26,782.44
20.600,cam3,IDLE_ATTENTIVE,SECONDARY_MONITOR,-0.0157,850.46,234.13,816.42,226.16,907.48,268.42,928.83,346.98,985.57,611.82,1113.83,437.89,771.81,424.81,912.66,647.74,614.35,618.46,984.25,782.45
20.633,cam3,IDLE_ATTENTIVE,KEYBOARD_REGION,-0.0154,850.90,233.77,816.86,225.84,907.91,268.18,929.15,346.79,985.59,611.82,1114.12,437.70,771.95,424.63,912.73,647.62,614.46,618.33,984.24,782.45
20.667,cam3,IDLE_ATTENTIVE,KEYBOARD_REGION,-0.0149,851.40,233.41,817.31,225.52,908.32,267.93,929.48,346.60,985.59,611.81,1114.42,437.51,772.08,424.44,912.80,647.50,614.57,618.20,984.22,782.46
20.700,cam3,IDLE_ATTENTIVE,KEYBOARD_REGION,-0.0144,851.96,232.96,817.83,225.15,908.80,267.66,929.82,346.40,985.60,611.81,1114.73,437.31,772.23,424.26,912.87,647.37,614.69,618.07,984.20,782.46
20.733,cam3,IDLE_ATTENTIVE,KEYBOARD_REGION,-0.0138,852.99,232.32,818.64,224.63,909.44,267.32,930.17,346.20,985.61,611.80,1115.04,437.10,772.38,424.06,912.94,647.24,614.81,617.93,984.18,782.47
20.767,cam3,IDLE_ATTENTIVE,KEYBOARD_REGION,-0.0132,854.70,231.29,819.92,223.77,910.28,266.91,930.53,346.00,985.62,611.80,1115.36,436.90,772.53,423.87,913.02,647.11,614.93,617.80,984.16,782.48
20.800,cam3,IDLE_ATTENTIVE,KEYBOARD_REGION,-0.0127,857.16,229.91,821.71,222.62,911.37,266.41,930.88,345.80,985.63,611.80,1115.69,436.69,772.68,423.67,913.10,646.98,615.05,617.65,984.14,782.48
20.833,cam3,IDLE_ATTENTIVE,KEYBOARD_REGION,-0.0122,860.52,228.03,824.11,221.07,912.69,265.82,931.21,345.61,985.64,611.79,1115.99,436.50,772.82,423.49,913.17,646.85,615.17,617.52,984.12,782.49
20.867,cam3,IDLE_ATTENTIVE,KEYBOARD_REGION,-0.0117,864.69,225.79,827.02,219.28,914.26,265.15,931.55,345.42,985.65,611.79,1116.30,436.30,772.96,423.30,913.24,646.72,615.29,617.39,984.11,782.49
20.900,cam3,IDLE_ATTENTIVE,KEYBOARD_REGION,-0.0112,869.60,223.20,830.48,217.17,916.04,264.41,931.90,345.23,985.66,611.78,1116.61,436.11,773.11,423.11,913.32,646.59,615.42,617.25,984.09,782.50
20.933,cam3,IDLE_ATTENTIVE,KEYBOARD_REGION,-0.0106,875.18,220.27,834.40,214.81,917.95,263.64,932.24,345.04,985.66,611.78,1116.92,435.91,773.25,422.93,913.39,646.47,615.54,617.12,984.07,782.51
20.967,cam3,IDLE_ATTENTIVE,KEYBOARD_REGION,-0.0100,881.20,217.16,838.69,212.26,919.93,262.86,932.56,344.86,985.67,611.78,1117.21,435.73,773.39,422.75,913.46,646.35,615.65,616.99,984.04,782.51
21.000,cam3,IDLE_ATTENTIVE,KEYBOARD_REGION,-0.0093,887.53,213.98,843.20,209.64,921.93,262.09,932.89,344.68,985.67,611.77,1117.51,435.54,773.54,422.57,913.53,646.22,615.77,616.86,984.02,782.52
21.033,cam3,IDLE_ATTENTIVE,KEYBOARD_REGION,-0.0087,893.76,210.81,847.70,207.05,923.82,261.39,933.18,344.52,985.68,611.77,1117.77,435.37,773.67,422.42,913.59,646.11,615.88,616.75,984.00,782.53
21.067,cam3,IDLE_ATTENTIVE,KEYBOARD_REGION,-0.0081,899.87,207.78,852.15,204.56,925.68,260.71,933.53,344.33,985.69,611.77,1118.08,435.17,773.81,422.23,913.67,645.98,616.01,616.61,983.98,782.54
21.100,cam3,IDLE_ATTENTIVE,KEYBOARD_REGION,-0.0076,905.70,205.00,856.43,202.23,927.36,260.12,933.86,344.15,985.69,611.76,1118.38,434.99,773.96,422.06,913.74,645.86,616.13,616.48,983.95,782.54
21.133,cam3,IDLE_ATTENTIVE,KEYBOARD_REGION,-0.0071,910.84,202.53,860.22,200.20,928.84,259.62,934.16,343.99,985.70,611.76,1118.65,434.81,774.09,421.89,913.81,645.74,616.25,616.36,983.94,782.55
21.167,cam3,THINKING,KEYBOARD_REGION,-0.0066,915.37,200.44,863.56,198.45,930.03,259.25,934.39,343.87,985.70,611.76,1118.86,434.68,774.19,421.77,913.86,645.66,616.33,616.27,983.92,782.55
21.200,cam3,THINKING,KEYBOARD_REGION,-0.0061,919.16,198.70,866.42,196.98,931.10,258.90,934.67,343.71,985.71,611.75,1119.11,434.52,774.31,421.62,913.92,645.55,616.44,616.16,983.90,782.56
21.233,cam3,THINKING,KEYBOARD_REGION,-0.0057,922.18,197.37,868.69,195.84,931.93,258.65,934.90,343.59,985.72,611.75,1119.31,434.40,774.41,421.51,913.97,645.46,616.53,616.07,983.89,782.56
21.267,cam3,THINKING,KEYBOARD_REGION,-0.0052,924.45,196.33,870.44,194.96,932.59,258.45,935.11,343.48,985.72,611.75,1119.51,434.28,774.50,421.39,914.02,645.38,616.61,615.99,983.87,782.57
21.300,cam3,THINKING,KEYBOARD_REGION,-0.0048,925.90,195.66,871.54,194.42,933.04,258.31,935.27,343.39,985.72,611.75,1119.65,434.19,774.58,421.31,914.05,645.32,616.67,615.93,983.85,782.57
21.333,cam3,THINKING,KEYBOARD_REGION,-0.0044,927.00,195.19,872.40,194.00,933.45,258.17,935.48,343.28,985.72,611.75,1119.83,434.07,774.67,421.20,914.10,645.24,616.75,615.85,983.84,782.58
21.367,cam3,THINKING,KEYBOARD_REGION,-0.0039,927.45,194.95,872.78,193.80,933.64,258.10,935.59,343.23,985.72,611.75,1119.93,434.01,774.72,421.14,914.12,645.21,616.79,615.81,983.82,782.58
21.400,cam3,THINKING,KEYBOARD_REGION,-0.0035,927.60,194.87,872.93,193.73,933.76,258.05,935.67,343.18,985.72,611.75,1120.00,433.96,774.76,421.10,914.14,645.18,616.82,615.78,983.81,782.59
21.433,cam3,THINKING,KEYBOARD_REGION,-0.0031,926.92,195.16,872.20,194.06,933.45,258.05,935.74,343.16,985.71,611.75,1120.10,433.92,774.76,421.09,914.14,645.16,616.83,615.77,983.79,782.59
21.467,cam3,THINKING,KEYBOARD_REGION,-0.0028,926.40,195.51,871.58,194.40,933.21,258.03,935.84,343.11,985.71,611.75,1120.23,433.86,774.77,421.05,914.16,645.13,616.86,615.74,983.78,782.60
21.500,cam3,THINKING,KEYBOARD_REGION,-0.0025,925.85,195.82,870.97,194.71,932.91,258.04,935.89,343.09,985.71,611.75,1120.31,433.83,774.77,421.04,914.16,645.12,616.87,615.73,983.77,782.60
21.533,cam3,THINKING,KEYBOARD_REGION,-0.0022,925.21,196.14,870.32,195.04,932.63,258.05,935.94,343.08,985.70,611.75,1120.39,433.81,774.76,421.04,914.17,645.11,616.87,615.73,983.76,782.60
21.567,cam3,THINKING,KEYBOARD_REGION,-0.0018,924.58,196.47,869.64,195.40,932.30,258.09,935.94,343.08,985.70,611.75,1120.43,433.80,774.73,421.06,914.16,645.13,616.86,615.74,983.75,782.61
21.600,cam3,THINKING,KEYBOARD_REGION,-0.0016,924.12,196.70,869.15,195.66,932.16,258.05,936.08,343.02,985.70,611.75,1120.59,433.72,774.76,421.00,914.19,645.08,616.91,615.69,983.74,782.61
21.633,cam3,THINKING,KEYBOARD_REGION,-0.0011,923.79,196.90,868.77,195.87,932.06,258.00,936.23,342.95,985.70,611.75,1120.77,433.64,774.80,420.94,914.21,645.03,616.96,615.64,983.72,782.62
21.667,cam3,THINKING,KEYBOARD_REGION,-0.0008,923.22,197.23,868.18,196.21,931.80,258.03,936.26,342.94,985.69,611.75,1120.82,433.62,774.79,420.95,914.21,645.03,616.95,615.65,983.71,782.62
21.700,cam3,THINKING,KEYBOARD_REGION,-0.0004,922.72,197.51,867.68,196.49,931.62,258.03,936.33,342.91,985.69,611.75,1120.92,433.58,774.79,420.93,914.22,645.01,616.97,615.63,983.70,782.63
21.733,cam3,THINKING,KEYBOARD_REGION,-0.0002,922.13,197.89,867.06,196.85,931.25,258.11,936.25,342.96,985.68,611.75,1120.88,433.63,774.73,420.99,914.19,645.06,616.92,615.68,983.69,782.63
21.767,cam3,THINKING,KEYBOARD_REGION,0.0001,921.67,198.17,866.58,197.14,931.03,258.14,936.27,342.96,985.68,611.75,1120.93,433.61,774.72,421.00,914.19,645.06,616.92,615.68,983.68,782.63
21.800,cam3,THINKING,KEYBOARD_REGION,0.0004,921.16,198.53,866.05,197.50,930.77,258.19,936.26,342.98,985.68,611.75,1120.95,433.62,774.70,421.02,914.18,645.08,616.90,615.70,983.68,782.63
21.833,cam3,THINKING,KEYBOARD_REGION,0.0006,920.95,198.72,865.78,197.69,930.72,258.16,936.39,342.92,985.69,611.75,1121.11,433.55,774.74,420.98,914.20,645.04,616.94,615.66,983.68,782.63
21.867,cam3,THINKING,KEYBOARD_REGION,0.0008,920.60,198.97,865.40,197.94,930.54,258.18,936.42,342.92,985.70,611.74,1121.17,433.53,774.73,420.98,914.20,645.03,616.94,615.66,983.68,782.63
21.900,cam3,THINKING,KEYBOARD_REGION,0.0011,920.13,199.23,864.91,198.23,930.31,258.23,936.40,342.94,985.70,611.74,1121.18,433.55,774.70,421.01,914.19,645.06,616.91,615.69,983.68,782.63
21.933,cam3,THINKING,KEYBOARD_REGION,0.0012,919.86,199.43,864.60,198.44,930.16,258.25,936.44,342.93,985.70,611.74,1121.25,433.53,774.70,421.01,914.19,645.05,616.92,615.68,983.68,782.63
21.967,cam3,THINKING,KEYBOARD_REGION,0.0013,919.42,199.71,864.17,198.71,929.93,258.31,936.41,342.96,985.70,611.74,1121.25,433.55,774.66,421.05,914.18,645.07,616.89,615.71,983.68,782.63
22.000,cam3,THINKING,KEYBOARD_REGION,0.0015,919.05,200.00,863.78,198.97,929.68,258.38,936.34,343.00,985.70,611.74,1121.22,433.59,774.62,421.10,914.15,645.11,616.85,615.75,983.68,782.63
22.033,cam3,THINKING,KEYBOARD_REGION,0.0017,918.42,200.37,863.14,199.36,929.28,258.52,936.17,343.10,985.70,611.75,1121.09,433.69,774.53,421.21,914.10,645.20,616.77,615.84,983.68,782.63
22.067,cam3,THINKING,KEYBOARD_REGION,0.0017,917.90,200.68,862.64,199.67,929.01,258.61,936.09,343.15,985.69,611.75,1121.04,433.73,774.47,421.27,914.08,645.24,616.72,615.88,983.68,782.63
22.100,cam3,THINKING,KEYBOARD_REGION,0.0016,917.20,201.05,861.97,200.08,928.61,258.76,935.89,343.26,985.68,611.75,1120.89,433.84,774.36,421.39,914.03,645.32,616.63,615.97,983.68,782.63
22.133,cam3,THINKING,KEYBOARD_REGION,0.0017,916.81,201.32,861.53,200.36,928.29,258.87,935.76,343.35,985.67,611.75,1120.79,433.92,774.28,421.48,913.99,645.39,616.57,616.04,983.68,782.63
22.167,cam3,THINKING,KEYBOARD_REGION,0.0017,916.43,201.51,861.12,200.60,928.01,258.97,935.64,343.41,985.67,611.76,1120.71,433.98,774.21,421.55,913.96,645.44,616.51,616.09,983.68,782.63
22.200,cam3,THINKING,KEYBOARD_REGION,0.0016,916.01,201.82,860.68,200.89,927.67,259.10,935.48,343.51,985.65,611.76,1120.59,434.07,774.12,421.66,913.92,645.51,616.44,616.17,983.68,782.63
22.233,cam3,THINKING,KEYBOARD_REGION,0.0016,915.53,202.12,860.19,201.20,927.30,259.25,935.28,343.62,985.64,611.76,1120.44,434.18,774.01,421.77,913.87,645.60,616.36,616.25,983.68,782.63
22.267,cam3,THINKING,KEYBOARD_REGION,0.0015,915.02,202.46,859.70,201.51,926.95,259.39,935.09,343.72,985.63,611.77,1120.29,434.29,773.91,421.89,913.82,645.68,616.27,616.34,983.68,782.63
22.300,cam3,THINKING,KEYBOARD_REGION,0.0015,914.61,202.76,859.26,201.81,926.60,259.53,934.90,343.83,985.62,611.77,1120.15,434.39,773.81,422.01,913.77,645.77,616.19,616.43,983.68,782.63
22.333,cam3,THINKING,KEYBOARD_REGION,0.0014,914.04,203.06,858.70,202.14,926.21,259.70,934.68,343.96,985.61,611.77,1119.96,434.52,773.69,422.14,913.71,645.86,616.09,616.53,983.68,782.63
22.367,cam3,THINKING,KEYBOARD_REGION,0.0012,913.57,203.40,858.20,202.48,925.80,259.87,934.43,344.10,985.59,611.78,1119.76,434.66,773.56,422.28,913.66,645.97,616.00,616.63,983.68,782.63
22.400,cam3,THINKING,KEYBOARD_REGION,0.0010,912.98,203.68,857.68,202.76,925.44,260.02,934.22,344.22,985.58,611.78,1119.59,434.78,773.44,422.41,913.61,646.05,615.91,616.72,983.68,782.63
22.433,cam3,THINKING,KEYBOARD_REGION,0.0008,912.48,203.98,857.18,203.07,925.04,260.20,933.97,344.36,985.56,611.79,1119.39,434.91,773.32,422.56,913.55,646.16,615.81,616.83,983.68,782.63
22.467,cam3,THINKING,KEYBOARD_REGION,0.0006,912.03,204.27,856.70,203.38,924.63,260.38,933.71,344.50,985.54,611.79,1119.18,435.05,773.18,422.71,913.49,646.26,615.71,616.93,983.68,782.63
22.500,cam3,THINKING,KEYBOARD_REGION,0.0004,911.40,204.64,856.07,203.78,924.16,260.59,933.40,344.67,985.52,611.80,1118.92,435.23,773.03,422.89,913.42,646.39,615.59,617.06,983.68,782.63
22.533,cam3,THINKING,KEYBOARD_REGION,0.0001,910.84,205.00,855.53,204.13,923.71,260.79,933.10,344.84,985.50,611.81,1118.67,435.39,772.88,423.06,913.35,646.51,615.48,617.19,983.68,782.63
22.567,cam3,THINKING,KEYBOARD_REGION,-0.0002,910.21,205.39,854.92,204.53,923.25,261.01,932.79,345.02,985.48,611.81,1118.41,435.57,772.72,423.24,913.28,646.64,615.36,617.32,983.69,782.63
22.600,cam3,THINKING,KEYBOARD_REGION,-0.0006,909.60,205.73,854.34,204.88,922.78,261.24,932.47,345.20,985.47,611.81,1118.14,435.76,772.57,423.43,913.20,646.77,615.24,617.45,983.70,782.62
22.633,cam3,THINKING,KEYBOARD_REGION,-0.0010,909.17,206.04,853.90,205.15,922.34,261.45,932.17,345.38,985.47,611.82,1117.89,435.93,772.42,423.61,913.14,646.89,615.12,617.57,983.72,782.62
22.667,cam3,THINKING,KEYBOARD_REGION,-0.0014,908.68,206.38,853.42,205.47,921.91,261.66,931.87,345.55,985.46,611.82,1117.65,436.10,772.28,423.79,913.07,647.01,615.01,617.70,983.73,782.61
22.700,cam3,THINKING,KEYBOARD_REGION,-0.0017,908.06,206.73,852.83,205.85,921.47,261.88,931.57,345.73,985.44,611.83,1117.39,436.28,772.14,423.97,913.00,647.14,614.90,617.83,983.74,782.61
22.733,cam3,THINKING,KEYBOARD_REGION,-0.0019,907.58,207.05,852.36,206.16,921.04,262.10,931.26,345.91,985.43,611.83,1117.13,436.45,771.99,424.16,912.93,647.26,614.78,617.96,983.75,782.61
22.767,cam3,THINKING,KEYBOARD_REGION,-0.0021,907.02,207.33,851.82,206.48,920.62,262.31,930.96,346.09,985.42,611.84,1116.88,436.63,771.85,424.34,912.86,647.39,614.67,618.08,983.76,782.61
22.800,cam3,THINKING,KEYBOARD_REGION,-0.0023,906.43,207.70,851.27,206.86,920.20,262.52,930.67,346.27,985.40,611.84,1116.62,436.80,771.71,424.52,912.79,647.51,614.56,618.21,983.76,782.60
22.833,cam3,THINKING,KEYBOARD_REGION,-0.0024,905.93,208.03,850.78,207.19,919.80,262.73,930.37,346.44,985.39,611.84,1116.37,436.97,771.58,424.70,912.72,647.63,614.46,618.34,983.77,782.60
22.867,cam3,THINKING,KEYBOARD_REGION,-0.0027,905.49,208.33,850.33,207.49,919.39,262.95,930.07,346.62,985.38,611.85,1116.12,437.15,771.44,424.88,912.65,647.76,614.35,618.46,983.78,782.60
22.900,cam3,THINKING,KEYBOARD_REGION,-0.0030,904.98,208.62,849.86,207.80,919.00,263.15,929.79,346.79,985.37,611.85,1115.88,437.31,771.30,425.05,912.59,647.87,614.25,618.58,983.79,782.60
22.933,cam3,THINKING,KEYBOARD_REGION,-0.0031,904.51,208.94,849.41,208.12,918.63,263.35,929.51,346.96,985.36,611.86,1115.65,437.48,771.18,425.22,912.53,647.99,614.15,618.70,983.80,782.59
22.967,cam3,THINKING,KEYBOARD_REGION,-0.0033,904.04,209.24,848.99,208.39,918.26,263.55,929.24,347.13,985.35,611.86,1115.42,437.64,771.05,425.39,912.46,648.10,614.06,618.82,983.80,782.59
23.000,cam3,THINKING,KEYBOARD_REGION,-0.0035,903.54,209.50,848.52,208.69,917.91,263.74,928.98,347.29,985.33,611.87,1115.19,437.79,770.93,425.55,912.40,648.21,613.96,618.93,983.81,782.59
23.033,cam3,THINKING,DESK_MOUSE,-0.0038,903.09,209.82,848.10,208.98,917.55,263.94,928.70,347.46,985.32,611.87,1114.96,437.96,770.80,425.72,912.34,648.32,613.87,619.04,983.82,782.59
23.067,cam3,THINKING,DESK_MOUSE,-0.0042,902.68,210.05,847.69,209.25,917.21,264.12,928.44,347.61,985.32,611.87,1114.72,438.11,770.69,425.87,912.29,648.41,613.79,619.14,983.83,782.58
23.100,cam3,THINKING,DESK_MOUSE,-0.0046,902.27,210.35,847.29,209.53,916.84,264.32,928.16,347.78,985.31,611.88,1114.47,438.27,770.58,426.03,912.23,648.52,613.71,619.25,983.85,782.58
23.133,cam3,THINKING,DESK_MOUSE,-0.0050,901.66,210.73,846.75,209.89,916.45,264.53,927.88,347.95,985.30,611.88,1114.21,438.44,770.46,426.19,912.18,648.62,613.62,619.36,983.86,782.57
23.167,cam3,THINKING,DESK_MOUSE,-0.0053,900.85,211.20,846.12,210.30,916.11,264.72,927.67,348.07,985.30,611.88,1114.02,438.56,770.38,426.31,912.13,648.70,613.55,619.44,983.87,782.57
23.200,cam3,THINKING,DESK_MOUSE,-0.0056,899.66,211.92,845.20,210.91,915.68,264.96,927.43,348.22,985.29,611.89,1113.80,438.71,770.28,426.46,912.08,648.79,613.48,619.53,983.89,782.56
23.233,cam3,THINKING,DESK_MOUSE,-0.0061,897.98,212.81,843.99,211.66,915.22,265.23,927.20,348.36,985.29,611.89,1113.59,438.85,770.18,426.59,912.04,648.88,613.41,619.62,983.90,782.56
23.267,cam3,THINKING,DESK_MOUSE,-0.0065,896.21,213.78,842.76,212.41,914.75,265.50,926.99,348.48,985.28,611.89,1113.40,438.97,770.10,426.71,911.99,648.95,613.35,619.70,983.92,782.55
23.300,cam3,THINKING,DESK_MOUSE,-0.0069,894.23,214.88,841.37,213.28,914.24,265.80,926.77,348.61,985.28,611.89,1113.20,439.10,770.01,426.84,911.95,649.03,613.29,619.78,983.93,782.55
23.333,cam3,THINKING,DESK_MOUSE,-0.0073,892.36,215.90,840.07,214.08,913.75,266.08,926.58,348.73,985.27,611.90,1113.03,439.22,769.93,426.95,911.91,649.10,613.24,619.85,983.95,782.54
23.367,cam3,THINKING,DESK_MOUSE,-0.0079,890.65,216.88,838.86,214.87,913.29,266.34,926.40,348.84,985.27,611.90,1112.87,439.32,769.85,427.06,911.88,649.16,613.19,619.92,983.97,782.54
23.400,cam3,THINKING,DESK_MOUSE,-0.0084,889.27,217.68,837.90,215.49,912.90,266.57,926.24,348.94,985.28,611.90,1112.73,439.42,769.78,427.15,911.85,649.21,613.15,619.97,983.99,782.53
23.433,cam3,THINKING,DESK_MOUSE,-0.0090,888.35,218.28,837.22,215.97,912.61,266.73,926.11,349.02,985.28,611.90,1112.63,439.49,769.73,427.22,911.83,649.25,613.12,620.01,984.01,782.53
23.467,cam3,THINKING,DESK_MOUSE,-0.0094,887.77,218.67,836.78,216.28,912.39,266.86,925.99,349.09,985.28,611.90,1112.52,439.57,769.67,427.29,911.81,649.29,613.09,620.05,984.02,782.52
23.500,cam3,IDLE_RELAXED,DESK_MOUSE,-0.0099,887.62,218.81,836.65,216.37,912.28,266.93,925.92,349.14,985.28,611.90,1112.46,439.61,769.64,427.33,911.80,649.31,613.07,620.07,984.04,782.51
23.533,cam3,IDLE_RELAXED,DESK_MOUSE,-0.0106,887.45,218.95,836.46,216.50,912.08,267.04,925.77,349.23,985.29,611.90,1112.34,439.70,769.57,427.42,911.78,649.35,613.04,620.12,984.06,782.51
23.567,cam3,IDLE_RELAXED,DESK_MOUSE,-0.0113,887.08,219.42,835.95,216.98,911.73,267.14,925.74,349.25,985.30,611.90,1112.35,439.72,769.54,427.45,911.78,649.36,613.04,620.12,984.09,782.50
23.600,cam3,IDLE_RELAXED,DESK_MOUSE,-0.0120,886.68,219.91,835.41,217.48,911.35,267.28,925.67,349.30,985.31,611.90,1112.32,439.76,769.49,427.50,911.77,649.37,613.03,620.14,984.11,782.49
23.633,cam3,IDLE_RELAXED,DESK_MOUSE,-0.0126,886.46,220.23,835.03,217.85,911.10,267.34,925.69,349.30,985.32,611.90,1112.37,439.75,769.47,427.50,911.78,649.36,613.04,620.12,984.14,782.48
23.667,cam3,IDLE_RELAXED,DESK_MOUSE,-0.0132,885.91,220.71,834.44,218.31,910.70,267.50,925.60,349.36,985.32,611.90,1112.31,439.80,769.41,427.56,911.76,649.39,613.02,620.15,984.16,782.48
23.700,cam3,IDLE_RELAXED,DESK_MOUSE,-0.0137,885.50,221.14,833.95,218.75,910.36,267.63,925.53,349.41,985.33,611.90,1112.27,439.85,769.37,427.62,911.75,649.41,613.00,620.18,984.18,782.47
23.733,cam3,IDLE_RELAXED,DESK_MOUSE,-0.0141,885.32,221.47,833.64,219.09,910.16,267.68,925.56,349.40,985.33,611.89,1112.33,439.83,769.36,427.61,911.76,649.40,613.02,620.16,984.19,782.47
23.767,cam3,IDLE_RELAXED,DESK_MOUSE,-0.0146,885.11,221.83,833.30,219.47,909.95,267.74,925.57,349.40,985.34,611.89,1112.38,439.82,769.34,427.61,911.77,649.38,613.03,620.15,984.21,782.46
23.800,cam3,IDLE_RELAXED,DESK_MOUSE,-0.0150,884.97,222.12,833.04,219.76,909.75,267.80,925.59,349.39,985.35,611.89,1112.42,439.81,769.33,427.61,911.77,649.37,613.03,620.13,984.22,782.46
23.833,cam3,IDLE_RELAXED,DESK_MOUSE,-0.0155,884.80,222.37,832.75,220.05,909.55,267.86,925.60,349.39,985.36,611.89,1112.46,439.80,769.31,427.62,911.78,649.37,613.04,620.12,984.24,782.45
23.867,cam3,IDLE_RELAXED,DESK_MOUSE,-0.0160,884.54,222.71,832.41,220.41,909.34,267.92,925.59,349.40,985.37,611.89,1112.48,439.81,769.29,427.63,911.78,649.36,613.05,620.12,984.26,782.44
23.900,cam3,IDLE_RELAXED,DESK_MOUSE,-0.0165,884.21,223.03,832.05,220.74,909.14,268.00,925.58,349.41,985.37,611.89,1112.50,439.81,769.27,427.64,911.78,649.36,613.05,620.12,984.28,782.44
23.933,cam3,IDLE_RELAXED,DESK_MOUSE,-0.0170,883.93,223.32,831.71,221.05,908.94,268.07,925.56,349.43,985.38,611.89,1112.51,439.82,769.24,427.67,911.78,649.36,613.05,620.12,984.29,782.43
23.967,cam3,IDLE_RELAXED,DESK_MOUSE,-0.0174,883.68,223.61,831.42,221.35,908.76,268.13,925.56,349.44,985.39,611.89,1112.53,439.83,769.22,427.68,911.79,649.36,613.05,620.11,984.31,782.43
24.000,cam6,IDLE_RELAXED,DESK_MOUSE,-0.0179,920.11,260.04,857.42,242.81,924.29,240.84,935.56,282.22,973.82,403.80,1129.62,370.42,760.35,296.06,1000.55,628.65,698.07,559.96,973.22,501.56
24.033,cam6,IDLE_RELAXED,DESK_MOUSE,-0.0184,920.05,260.37,857.31,243.22,924.22,240.91,935.60,282.17,973.82,403.79,1129.68,370.37,760.34,296.03,1000.56,628.62,698.08,559.93,973.23,501.54
24.067,cam6,IDLE_RELAXED,DESK_MOUSE,-0.0189,919.99,260.73,857.21,243.59,924.16,240.96,935.63,282.11,973.83,403.78,1129.75,370.32,760.33,296.00,1000.57,628.60,698.09,559.90,973.24,501.52
24.100,cam6,IDLE_RELAXED,DESK_MOUSE,-0.0194,919.95,260.87,857.14,243.77,924.16,240.91,935.70,281.99,973.84,403.77,1129.85,370.23,760.32,295.91,1000.58,628.56,698.10,559.85,973.25,501.51
24.133,cam6,IDLE_RELAXED,DESK_MOUSE,-0.0200,919.90,260.96,857.07,243.87,924.16,240.85,935.78,281.85,973.85,403.76,1129.96,370.13,760.32,295.82,1000.60,628.51,698.12,559.79,973.26,501.49
24.167,cam6,IDLE_RELAXED,DESK_MOUSE,-0.0207,919.88,261.05,857.02,243.97,924.17,240.78,935.86,281.71,973.86,403.74,1130.08,370.03,760.31,295.71,1000.62,628.46,698.15,559.73,973.27,501.46
24.200,cam6,IDLE_RELAXED,DESK_MOUSE,-0.0215,919.98,261.00,857.06,243.98,924.23,240.59,935.97,281.50,973.87,403.72,1130.25,369.89,760.30,295.55,1000.65,628.39,698.18,559.64,973.29,501.44
24.233,cam6,IDLE_RELAXED,DESK_MOUSE,-0.0223,920.15,260.84,857.16,243.88,924.32,240.37,936.10,281.26,973.88,403.70,1130.42,369.73,760.29,295.37,1000.67,628.31,698.21,559.54,973.30,501.41
24.267,cam6,IDLE_RELAXED,DESK_MOUSE,-0.0231,920.29,260.71,857.24,243.79,924.39,240.19,936.21,281.05,973.90,403.68,1130.58,369.59,760.28,295.21,1000.70,628.24,698.24,559.46,973.32,501.39
24.300,cam6,IDLE_RELAXED,DESK_MOUSE,-0.0238,920.49,260.55,857.37,243.69,924.47,239.97,936.33,280.82,973.91,403.66,1130.76,369.43,760.28,295.03,1000.73,628.16,698.28,559.36,973.33,501.36
24.333,cam6,IDLE_RELAXED,DESK_MOUSE,-0.0248,920.63,260.24,857.46,243.40,924.60,239.68,936.47,280.55,973.93,403.63,1130.96,369.25,760.27,294.82,1000.76,628.06,698.32,559.25,973.35,501.33
24.367,cam6,IDLE_RELAXED,DESK_MOUSE,-0.0256,920.84,259.88,857.63,243.03,924.77,239.29,936.65,280.19,973.94,403.60,1131.21,369.03,760.27,294.55,1000.80,627.95,698.37,559.11,973.37,501.30
24.400,cam6,IDLE_RELAXED,DESK_MOUSE,-0.0264,921.15,259.50,857.86,242.71,924.95,238.89,936.83,279.85,973.96,403.58,1131.45,368.80,760.26,294.27,1000.84,627.84,698.42,558.98,973.39,501.28
24.433,cam6,IDLE_RELAXED,DESK_MOUSE,-0.0271,921.46,259.08,858.08,242.35,925.13,238.49,937.01,279.49,973.97,403.55,1131.69,368.57,760.26,294.00,1000.87,627.72,698.47,558.84,973.40,501.25
24.467,cam6,IDLE_RELAXED,DESK_MOUSE,-0.0278,921.72,258.49,858.28,241.81,925.38,237.95,937.23,279.04,973.99,403.52,1131.99,368.28,760.26,293.65,1000.92,627.58,698.54,558.68,973.41,501.23
24.500,cam6,IDLE_RELAXED,DESK_MOUSE,-0.0284,922.03,257.95,858.53,241.26,925.63,237.41,937.46,278.60,974.01,403.49,1132.29,368.00,760.27,293.29,1000.97,627.44,698.60,558.51,973.42,501.21
24.533,cam6,IDLE_RELAXED,MAIN_MONITOR_CENTER,-0.0291,922.22,257.37,858.70,240.65,925.88,236.88,937.68,278.15,974.03,403.47,1132.58,367.71,760.27,292.95,1001.01,627.30,698.67,558.34,973.44,501.19
24.567,cam6,IDLE_RELAXED,MAIN_MONITOR_CENTER,-0.0297,922.54,256.57,858.98,239.86,926.17,236.27,937.90,277.70,974.04,403.44,1132.87,367.44,760.27,292.57,1001.06,627.15,698.74,558.17,973.45,501.17
24.600,cam6,IDLE_RELAXED,MAIN_MONITOR_CENTER,-0.0304,922.84,255.88,859.24,239.14,926.46,235.66,938.13,277.24,974.06,403.41,1133.16,367.16,760.28,292.20,1001.10,627.00,698.81,558.00,973.46,501.14
24.633,cam6,IDLE_RELAXED,MAIN_MONITOR_CENTER,-0.0311,922.99,255.34,859.36,238.58,926.68,235.14,938.35,276.78,974.08,403.38,1133.45,366.88,760.28,291.82,1001.15,626.85,698.88,557.82,973.48,501.12
24.667,cam6,IDLE_RELAXED,MAIN_MONITOR_CENTER,-0.0320,923.04,255.18,859.35,238.45,926.76,234.80,938.57,276.34,974.10,403.35,1133.73,366.61,760.29,291.45,1001.19,626.69,698.95,557.65,973.49,501.09
24.700,cam6,IDLE_RELAXED,MAIN_MONITOR_CENTER,-0.0329,923.04,255.63,859.20,239.05,926.69,234.65,938.78,275.90,974.12,403.32,1134.02,366.34,760.29,291.09,1001.24,626.54,699.03,557.47,973.51,501.06
24.733,cam6,IDLE_RELAXED,MAIN_MONITOR_CENTER,-0.0339,922.93,256.55,858.90,240.18,926.47,234.71,938.99,275.47,974.14,403.28,1134.30,366.08,760.29,290.73,1001.28,626.38,699.10,557.30,973.53,501.03
24.767,cam6,IDLE_RELAXED,MAIN_MONITOR_CENTER,-0.0349,922.63,257.91,858.40,241.82,926.13,234.96,939.19,275.06,974.16,403.25,1134.56,365.83,760.29,290.39,1001.33,626.24,699.18,557.13,973.55,501.00
24.800,cam6,IDLE_RELAXED,MAIN_MONITOR_CENTER,-0.0360,922.39,259.58,857.92,243.83,925.72,235.32,939.40,274.64,974.18,403.22,1134.84,365.57,760.29,290.04,1001.37,626.08,699.26,556.96,973.57,500.96
24.833,cam6,IDLE_RELAXED,MAIN_MONITOR_CENTER,-0.0371,922.21,261.44,857.48,246.06,925.28,235.79,939.58,274.27,974.20,403.19,1135.09,365.34,760.28,289.73,1001.41,625.94,699.33,556.80,973.60,500.92
24.867,cam6,IDLE_RELAXED,MAIN_MONITOR_CENTER,-0.0383,922.03,263.23,857.07,248.16,924.88,236.23,939.78,273.87,974.22,403.15,1135.35,365.10,760.28,289.40,1001.45,625.78,699.40,556.63,973.62,500.88
24.900,cam6,IDLE_RELAXED,MAIN_MONITOR_CENTER,-0.0395,921.90,264.74,856.75,249.94,924.57,236.59,939.97,273.48,974.24,403.12,1135.62,364.86,760.28,289.07,1001.49,625.63,699.48,556.46,973.64,500.85
24.933,cam6,IDLE_RELAXED,MAIN_MONITOR_CENTER,-0.0409,921.77,266.01,856.48,251.38,924.33,236.86,940.14,273.14,974.26,403.08,1135.85,364.65,760.27,288.78,1001.53,625.49,699.55,556.31,973.67,500.80
24.967,cam6,IDLE_RELAXED,MAIN_MONITOR_CENTER,-0.0423,921.80,266.81,856.38,252.32,924.23,236.93,940.31,272.78,974.29,403.05,1136.10,364.44,760.26,288.48,1001.57,625.34,699.63,556.15,973.70,500.75
25.000,cam6,IDLE_RELAXED,MAIN_MONITOR_CENTER,-0.0436,921.69,267.23,856.23,252.76,924.19,236.94,940.44,272.53,974.30,403.02,1136.28,364.28,760.25,288.27,1001.60,625.23,699.69,556.03,973.72,500.71
25.033,cam6,IDLE_RELAXED,MAIN_MONITOR_CENTER,-0.0451,921.64,267.14,856.19,252.59,924.26,236.75,940.56,272.28,974.33,402.98,1136.46,364.13,760.24,288.05,1001.63,625.12,699.75,555.90,973.75,500.66
25.067,cam6,IDLE_RELAXED,MAIN_MONITOR_CENTER,-0.0467,921.58,266.86,856.16,252.20,924.38,236.50,940.67,272.07,974.35,402.95,1136.62,364.00,760.22,287.86,1001.65,625.01,699.80,555.79,973.78,500.61
25.100,cam6,IDLE_RELAXED,MAIN_MONITOR_CENTER,-0.0484,921.48,266.63,856.09,251.86,924.46,236.32,940.73,271.93,974.37,402.92,1136.74,363.92,760.20,287.74,1001.67,624.93,699.84,555.70,973.82,500.55
25.133,cam6,IDLE_RELAXED,MAIN_MONITOR_CENTER,-0.0502,921.25,266.67,855.90,251.81,924.47,236.31,940.77,271.88,974.39,402.89,1136.83,363.87,760.17,287.69,1001.69,624.87,699.87,555.64,973.85,500.50
25.167,cam6,IDLE_RELAXED,MAIN_MONITOR_CENTER,-0.0520,921.21,266.69,855.87,251.75,924.50,236.26,940.82,271.78,974.41,402.86,1136.94,363.81,760.14,287.61,1001.70,624.80,699.91,555.56,973.89,500.44
25.200,cam6,IDLE_RELAXED,MAIN_MONITOR_CENTER,-0.0538,920.97,266.89,855.68,251.84,924.49,236.30,940.84,271.77,974.42,402.83,1137.01,363.79,760.11,287.60,1001.71,624.76,699.93,555.52,973.93,500.38
25.233,cam6,IDLE_RELAXED,MAIN_MONITOR_CENTER,-0.0556,920.79,267.12,855.53,252.03,924.44,236.41,940.83,271.80,974.44,402.80,1137.04,363.80,760.08,287.62,1001.72,624.74,699.94,555.49,973.96,500.32
25.267,cam6,IDLE_RELAXED,MAIN_MONITOR_CENTER,-0.0575,920.61,267.25,855.37,252.07,924.41,236.49,940.83,271.82,974.46,402.77,1137.09,363.80,760.05,287.63,1001.73,624.70,699.96,555.45,974.00,500.25
25.300,cam6,IDLE_RELAXED,MAIN_MONITOR_CENTER,-0.0593,920.43,267.44,855.22,252.21,924.36,236.59,940.82,271.85,974.48,402.75,1137.12,363.81,760.01,287.66,1001.74,624.67,699.98,555.42,974.03,500.19
25.333,cam6,IDLE_RELAXED,MAIN_MONITOR_CENTER,-0.0610,920.18,267.74,855.01,252.46,924.26,236.82,940.76,271.98,974.49,402.73,1137.10,363.88,759.98,287.76,1001.73,624.68,699.97,555.43,974.07,500.14
25.367,cam6,IDLE_RELAXED,MAIN_MONITOR_CENTER,-0.0628,920.07,268.02,854.91,252.70,924.15,237.05,940.70,272.11,974.51,402.70,1137.07,363.95,759.94,287.87,1001.73,624.69,699.96,555.44,974.10,500.08
25.400,cam6,IDLE_RELAXED,MAIN_MONITOR_CENTER,-0.0647,919.96,268.53,854.79,253.21,923.99,237.40,940.60,272.34,974.52,402.68,1136.99,364.08,759.90,288.04,1001.72,624.73,699.94,555.48,974.14,500.02
25.433,cam6,IDLE_RELAXED,MAIN_MONITOR_CENTER,-0.0667,919.72,268.92,854.57,253.59,923.86,237.68,940.52,272.51,974.54,402.66,1136.94,364.18,759.86,288.18,1001.72,624.75,699.93,555.50,974.18,499.95
25.467,cam6,IDLE_RELAXED,MAIN_MONITOR_CENTER,-0.0687,919.56,269.28,854.42,253.94,923.73,237.96,940.44,272.68,974.55,402.64,1136.90,364.28,759.81,288.32,1001.71,624.76,699.92,555.51,974.22,499.89
25.500,cam6,IDLE_RELAXED,MAIN_MONITOR_CENTER,-0.0708,919.42,269.58,854.29,254.18,923.66,238.11,940.41,272.76,974.57,402.61,1136.91,364.32,759.77,288.38,1001.72,624.75,699.93,555.50,974.26,499.82
25.533,cam6,IDLE_RELAXED,MAIN_MONITOR_CENTER,-0.0729,919.18,269.80,854.08,254.39,923.59,238.27,940.38,272.85,974.59,402.58,1136.91,364.37,759.74,288.44,1001.72,624.73,699.94,555.48,974.30,499.75
25.567,cam6,IDLE_RELAXED,MAIN_MONITOR_CENTER,-0.0751,919.02,270.13,853.93,254.69,923.49,238.50,940.31,272.99,974.61,402.55,1136.89,364.44,759.69,288.55,1001.72,624.74,699.94,555.48,974.34,499.68
25.600,cam6,IDLE_RELAXED,MAIN_MONITOR_CENTER,-0.0772,918.79,270.36,853.74,254.87,923.40,238.70,940.26,273.10,974.63,402.52,1136.88,364.51,759.65,288.64,1001.72,624.73,699.94,555.48,974.39,499.61
25.633,cam6,IDLE_RELAXED,MAIN_MONITOR_CENTER,-0.0792,918.57,270.85,853.52,255.39,923.24,239.04,940.16,273.33,974.64,402.50,1136.80,364.64,759.61,288.82,1001.71,624.77,699.92,555.52,974.42,499.54
25.667,cam6,IDLE_RELAXED,MAIN_MONITOR_CENTER,-0.0812,918.31,271.25,853.30,255.77,923.09,239.37,940.06,273.55,974.66,402.48,1136.72,364.77,759.57,288.99,1001.70,624.80,699.90,555.55,974.46,499.48
25.700,cam6,IDLE_RELAXED,MAIN_MONITOR_CENTER,-0.0831,918.11,271.62,853.12,256.12,922.98,239.62,939.99,273.71,974.67,402.46,1136.68,364.86,759.53,289.11,1001.70,624.81,699.89,555.56,974.50,499.41
25.733,cam6,IDLE_RELAXED,MAIN_MONITOR_CENTER,-0.0851,918.05,272.01,853.03,256.59,922.84,239.92,939.90,273.91,974.69,402.43,1136.62,364.98,759.48,289.27,1001.69,624.84,699.88,555.59,974.54,499.35
25.767,cam6,IDLE_RELAXED,MAIN_MONITOR_CENTER,-0.0872,917.84,272.64,852.82,257.21,922.62,240.39,939.74,274.23,974.70,402.41,1136.48,365.17,759.44,289.52,1001.68,624.91,699.84,555.66,974.58,499.28
25.800,cam6,IDLE_RELAXED,MAIN_MONITOR_CENTER,-0.0893,917.63,273.08,852.64,257.63,922.46,240.75,939.63,274.48,974.71,402.39,1136.39,365.32,759.39,289.71,1001.67,624.94,699.82,555.70,974.62,499.21
25.833,cam6,IDLE_RELAXED,MAIN_MONITOR_CENTER,-0.0913,917.41,273.67,852.43,258.23,922.24,241.23,939.47,274.81,974.73,402.37,1136.25,365.52,759.34,289.98,1001.65,625.02,699.78,555.78,974.66,499.14
25.867,cam6,IDLE_RELAXED,MAIN_MONITOR_CENTER,-0.0934,917.18,274.21,852.21,258.78,922.04,241.66,939.33,275.11,974.74,402.35,1136.12,365.70,759.30,290.22,1001.64,625.07,699.75,555.84,974.71,499.07
25.900,cam6,IDLE_RELAXED,MAIN_MONITOR_CENTER,-0.0955,917.00,274.84,852.03,259.41,921.81,242.17,939.17,275.47,974.75,402.34,1135.97,365.91,759.25,290.50,1001.62,625.15,699.71,555.92,974.75,499.00
25.933,cam6,IDLE_RELAXED,MAIN_MONITOR_CENTER,-0.0978,916.76,275.53,851.79,260.15,921.56,242.70,938.99,275.84,974.77,402.32,1135.81,366.13,759.20,290.79,1001.60,625.22,699.67,556.00,974.79,498.93
25.967,cam6,IDLE_RELAXED,MAIN_MONITOR_CENTER,-0.1000,916.44,276.24,851.51,260.86,921.30,243.27,938.80,276.25,974.78,402.30,1135.62,366.38,759.15,291.12,1001.58,625.31,699.63,556.10,974.83,498.86
26.000,cam6,IDLE_RELAXED,MAIN_MONITOR_CENTER,-0.1022,916.13,276.97,851.22,261.59,921.01,243.89,938.59,276.70,974.79,402.28,1135.42,366.65,759.09,291.47,1001.55,625.41,699.58,556.21,974.88,498.79
26.033,cam6,IDLE_RELAXED,MAIN_MONITOR_CENTER,-0.1046,915.76,277.78,850.89,262.41,920.74,244.49,938.39,277.12,974.81,402.27,1135.23,366.91,759.04,291.80,1001.53,625.50,699.53,556.30,974.92,498.71
26.067,cam6,IDLE_RELAXED,MAIN_MONITOR_CENTER,-0.1068,915.43,278.60,850.59,263.23,920.47,245.08,938.20,277.54,974.82,402.25,1135.04,367.16,758.99,292.13,1001.50,625.59,699.48,556.40,974.97,498.63
26.100,cam6,IDLE_RELAXED,MAIN_MONITOR_CENTER,-0.1090,915.17,279.34,850.34,263.97,920.22,245.63,938.01,277.94,974.83,402.23,1134.86,367.40,758.94,292.44,1001.48,625.67,699.44,556.49,975.01,498.56
26.133,cam6,IDLE_RELAXED,MAIN_MONITOR_CENTER,-0.1112,914.79,280.14,850.01,264.74,919.93,246.25,937.81,278.38,974.84,402.21,1134.65,367.67,758.89,292.80,1001.46,625.77,699.40,556.60,975.06,498.49
26.167,cam6,IDLE_RELAXED,MAIN_MONITOR_CENTER,-0.1135,914.45,280.91,849.71,265.51,919.64,246.90,937.59,278.85,974.85,402.20,1134.44,367.95,758.83,293.16,1001.43,625.87,699.35,556.71,975.10,498.42
26.200,cam6,IDLE_RELAXED,MAIN_MONITOR_CENTER,-0.1157,914.08,281.69,849.38,266.27,919.35,247.53,937.37,279.31,974.87,402.18,1134.22,368.23,758.78,293.53,1001.41,625.97,699.30,556.82,975.14,498.34
26.233,cam6,IDLE_RELAXED,MAIN_MONITOR_CENTER,-0.1179,913.72,282.51,849.06,267.08,919.04,248.20,937.15,279.80,974.88,402.17,1134.00,368.52,758.73,293.91,1001.38,626.07,699.24,556.93,975.19,498.27
26.267,cam6,IDLE_RELAXED,MAIN_MONITOR_CENTER,-0.1202,913.46,283.32,848.80,267.95,918.74,248.87,936.92,280.28,974.89,402.16,1133.77,368.81,758.68,294.29,1001.35,626.17,699.19,557.05,975.23,498.20
26.300,cam6,IDLE_RELAXED,MAIN_MONITOR_CENTER,-0.1224,913.10,284.18,848.48,268.82,918.43,249.55,936.70,280.78,974.90,402.14,1133.54,369.11,758.63,294.68,1001.32,626.28,699.14,557.17,975.28,498.12
26.333,cam6,IDLE_RELAXED,MAIN_MONITOR_CENTER,-0.1245,912.71,284.99,848.13,269.62,918.13,250.21,936.47,281.26,974.91,402.13,1133.31,369.40,758.58,295.06,1001.29,626.38,699.09,557.28,975.32,498.05
26.367,cam6,IDLE_RELAXED,MAIN_MONITOR_CENTER,-0.1268,912.46,285.78,847.90,270.44,917.82,250.90,936.24,281.76,974.92,402.11,1133.08,369.70,758.53,295.45,1001.26,626.48,699.04,557.40,975.36,497.98
26.400,cam6,IDLE_RELAXED,MAIN_MONITOR_CENTER,-0.1289,912.08,286.57,847.55,271.24,917.52,251.58,936.02,282.26,974.93,402.10,1132.84,369.99,758.48,295.84,1001.24,626.59,699.00,557.52,975.40,497.91
26.433,cam6,IDLE_RELAXED,MAIN_MONITOR_CENTER,-0.1311,911.74,287.38,847.25,272.04,917.21,252.26,935.79,282.76,974.94,402.09,1132.61,370.29,758.43,296.23,1001.21,626.69,698.95,557.64,975.45,497.84
26.467,cam6,IDLE_RELAXED,MAIN_MONITOR_CENTER,-0.1334,911.47,288.21,847.00,272.88,916.90,252.95,935.56,283.26,974.95,402.07,1132.37,370.60,758.38,296.62,1001.18,626.79,698.90,557.75,975.49,497.76
26.500,cam6,IDLE_RELAXED,MAIN_MONITOR_CENTER,-0.1354,911.22,289.02,846.76,273.73,916.60,253.62,935.33,283.75,974.96,402.06,1132.14,370.89,758.34,297.01,1001.15,626.89,698.86,557.87,975.53,497.70
26.533,cam6,IDLE_RELAXED,MAIN_MONITOR_CENTER,-0.1376,910.93,289.91,846.49,274.64,916.30,254.29,935.11,284.24,974.97,402.05,1131.91,371.18,758.29,297.39,1001.12,626.99,698.81,557.98,975.57,497.63
26.567,cam6,IDLE_RELAXED,MAIN_MONITOR_CENTER,-0.1397,910.54,290.73,846.14,275.47,916.00,254.96,934.88,284.74,974.98,402.04,1131.68,371.48,758.24,297.78,1001.09,627.08,698.77,558.10,975.62,497.56
26.600,cam6,IDLE_RELAXED,MAIN_MONITOR_CENTER,-0.1418,910.27,291.53,845.88,276.31,915.72,255.60,934.67,285.21,974.99,402.02,1131.46,371.76,758.20,298.15,1001.06,627.17,698.73,558.20,975.66,497.49
26.633,cam6,IDLE_RELAXED,MAIN_MONITOR_CENTER,-0.1439,909.95,292.31,845.59,277.14,915.43,256.25,934.45,285.68,975.00,402.01,1131.24,372.04,758.15,298.52,1001.04,627.26,698.69,558.31,975.70,497.42
26.667,cam6,IDLE_RELAXED,MAIN_MONITOR_CENTER,-0.1461,909.62,293.12,845.30,277.95,915.13,256.94,934.23,286.19,975.01,402.00,1131.01,372.34,758.11,298.91,1001.01,627.36,698.65,558.42,975.74,497.35
26.700,cam6,IDLE_RELAXED,MAIN_MONITOR_CENTER,-0.1482,909.36,293.87,845.06,278.68,914.86,257.54,934.03,286.63,975.02,401.99,1130.80,372.61,758.07,299.26,1000.98,627.44,698.61,558.52,975.78,497.28
26.733,cam6,IDLE_RELAXED,MAIN_MONITOR_CENTER,-0.1503,909.05,294.58,844.78,279.42,914.59,258.17,933.82,287.09,975.03,401.97,1130.60,372.88,758.02,299.62,1000.96,627.52,698.58,558.62,975.83,497.21
26.767,cam6,IDLE_RELAXED,MAIN_MONITOR_CENTER,-0.1525,908.80,295.37,844.54,280.22,914.31,258.80,933.61,287.56,975.04,401.96,1130.38,373.16,757.98,299.98,1000.93,627.60,698.54,558.72,975.87,497.14
26.800,cam6,IDLE_RELAXED,MAIN_MONITOR_CENTER,-0.1547,908.63,296.19,844.37,281.09,914.01,259.48,933.38,288.06,975.05,401.94,1130.15,373.46,757.94,300.37,1000.90,627.69,698.51,558.83,975.91,497.06
26.833,cam6,IDLE_RELAXED,MAIN_MONITOR_CENTER,-0.1568,908.29,296.86,844.07,281.76,913.76,260.06,933.19,288.48,975.07,401.93,1129.96,373.71,757.89,300.70,1000.88,627.76,698.48,558.91,975.95,496.99
26.867,cam6,IDLE_RELAXED,MAIN_MONITOR_CENTER,-0.1588,908.06,297.57,843.86,282.49,913.49,260.66,932.99,288.93,975.08,401.92,1129.75,373.98,757.85,301.05,1000.85,627.84,698.44,559.01,975.99,496.93
26.900,cam6,IDLE_RELAXED,MAIN_MONITOR_CENTER,-0.1609,907.83,298.31,843.65,283.20,913.23,261.26,932.80,289.37,975.09,401.90,1129.56,374.24,757.81,301.39,1000.83,627.92,698.42,559.10,976.03,496.86
26.933,cam6,IDLE_RELAXED,MAIN_MONITOR_CENTER,-0.1629,907.51,299.04,843.37,283.92,912.98,261.85,932.60,289.81,975.10,401.89,1129.36,374.50,757.78,301.72,1000.80,627.99,698.39,559.19,976.07,496.79
26.967,cam6,IDLE_RELAXED,MAIN_MONITOR_CENTER,-0.1648,907.30,299.53,843.17,284.42,912.79,262.29,932.46,290.13,975.11,401.87,1129.22,374.69,757.74,301.97,1000.79,628.03,698.37,559.25,976.11,496.73
27.000,cam6,IDLE_RELAXED,MAIN_MONITOR_CENTER,-0.1667,907.06,300.12,842.97,285.00,912.57,262.79,932.30,290.51,975.12,401.86,1129.06,374.91,757.70,302.26,1000.77,628.09,698.35,559.32,976.15,496.67
27.033,cam6,IDLE_RELAXED,MAIN_MONITOR_CENTER,-0.1685,906.93,300.73,842.83,285.64,912.37,263.27,932.14,290.86,975.13,401.85,1128.90,375.12,757.67,302.54,1000.75,628.15,698.33,559.39,976.18,496.61
27.067,cam6,IDLE_RELAXED,MAIN_MONITOR_CENTER,-0.1703,906.63,301.29,842.56,286.23,912.16,263.74,931.99,291.21,975.14,401.84,1128.75,375.33,757.64,302.81,1000.73,628.20,698.31,559.45,976.22,496.55
27.100,cam6,IDLE_RELAXED,MAIN_MONITOR_CENTER,-0.1721,906.45,301.81,842.40,286.74,911.98,264.18,931.84,291.54,975.15,401.82,1128.62,375.52,757.60,303.06,1000.71,628.24,698.29,559.51,976.25,496.49
27.133,cam6,IDLE_RELAXED,MAIN_MONITOR_CENTER,-0.1741,906.24,302.24,842.21,287.17,911.80,264.59,931.71,291.84,975.16,401.80,1128.49,375.70,757.57,303.29,1000.70,628.28,698.28,559.56,976.29,496.43
27.167,cam6,IDLE_RELAXED,MAIN_MONITOR_CENTER,-0.1760,906.07,302.65,842.05,287.58,911.65,264.96,931.59,292.11,975.18,401.79,1128.39,375.86,757.54,303.50,1000.69,628.31,698.27,559.60,976.33,496.37
27.200,cam6,IDLE_RELAXED,MAIN_MONITOR_CENTER,-0.1778,905.92,302.93,841.92,287.82,911.54,265.21,931.52,292.30,975.19,401.77,1128.33,375.96,757.50,303.63,1000.68,628.33,698.26,559.62,976.37,496.31
27.233,cam6,IDLE_RELAXED,MAIN_MONITOR_CENTER,-0.1796,905.75,303.38,841.77,288.29,911.38,265.60,931.39,292.59,975.20,401.75,1128.21,376.14,757.47,303.86,1000.67,628.36,698.25,559.66,976.40,496.25
27.267,cam6,IDLE_RELAXED,MAIN_MONITOR_CENTER,-0.1815,905.57,303.72,841.60,288.64,911.26,265.88,931.30,292.80,975.22,401.73,1128.14,376.26,757.44,304.02,1000.67,628.38,698.24,559.69,976.44,496.18
27.300,cam6,IDLE_RELAXED,MAIN_MONITOR_CENTER,-0.1834,905.40,304.08,841.44,289.00,911.12,266.21,931.20,293.04,975.23,401.71,1128.05,376.40,757.41,304.20,1000.66,628.40,698.24,559.72,976.47,496.12
27.333,cam6,IDLE_RELAXED,MAIN_MONITOR_CENTER,-0.1852,905.24,304.42,841.30,289.34,911.00,266.49,931.11,293.26,975.24,401.69,1127.98,376.53,757.37,304.36,1000.65,628.42,698.23,559.74,976.51,496.06
27.367,cam6,IDLE_RELAXED,MAIN_MONITOR_CENTER,-0.1871,905.05,304.69,841.14,289.61,910.91,266.72,931.04,293.43,975.26,401.67,1127.93,376.63,757.34,304.49,1000.65,628.43,698.23,559.75,976.55,496.00
27.400,cam6,IDLE_RELAXED,MAIN_MONITOR_CENTER,-0.1891,904.92,305.00,841.01,289.89,910.81,266.96,930.96,293.60,975.27,401.65,1127.89,376.73,757.31,304.61,1000.64,628.44,698.23,559.76,976.59,495.94
27.433,cam6,IDLE_RELAXED,MAIN_MONITOR_CENTER,-0.1911,904.87,305.29,840.95,290.21,910.73,267.16,930.90,293.76,975.29,401.62,1127.85,376.82,757.28,304.73,1000.64,628.44,698.23,559.77,976.63,495.87
27.467,cam6,IDLE_RELAXED,MAIN_MONITOR_CENTER,-0.1931,904.86,305.45,840.93,290.39,910.65,267.35,930.84,293.89,975.31,401.60,1127.82,376.90,757.24,304.82,1000.64,628.44,698.23,559.76,976.67,495.81
27.500,cam6,IDLE_RELAXED,MAIN_MONITOR_CENTER,-0.1950,904.87,305.60,840.92,290.55,910.60,267.48,930.80,293.99,975.32,401.58,1127.82,376.96,757.21,304.89,1000.65,628.43,698.23,559.75,976.70,495.74
27.533,cam6,IDLE_RELAXED,MAIN_MONITOR_CENTER,-0.1969,904.86,305.87,840.88,290.85,910.52,267.69,930.74,294.15,975.34,401.55,1127.78,377.05,757.18,305.01,1000.65,628.43,698.23,559.76,976.74,495.68
27.567,cam6,IDLE_RELAXED,MAIN_MONITOR_CENTER,-0.1989,904.92,306.00,840.92,291.01,910.49,267.78,930.71,294.22,975.36,401.53,1127.79,377.09,757.15,305.05,1000.65,628.41,698.24,559.74,976.78,495.62
27.600,cam6,IDLE_RELAXED,MAIN_MONITOR_CENTER,-0.2009,904.87,306.32,840.86,291.34,910.38,268.04,930.63,294.42,975.37,401.50,1127.73,377.21,757.11,305.20,1000.65,628.42,698.24,559.75,976.82,495.55
27.633,cam6,IDLE_RELAXED,MAIN_MONITOR_CENTER,-0.2029,904.80,306.50,840.79,291.49,910.33,268.15,930.60,294.50,975.39,401.48,1127.73,377.26,757.08,305.25,1000.65,628.41,698.24,559.74,976.86,495.48
27.667,cam6,IDLE_RELAXED,MAIN_MONITOR_CENTER,-0.2049,904.56,306.69,840.59,291.63,910.28,268.29,930.56,294.60,975.41,401.45,1127.73,377.31,757.04,305.32,1000.66,628.40,698.25,559.72,976.90,495.42
27.700,cam6,IDLE_RELAXED,MAIN_MONITOR_CENTER,-0.2071,904.39,306.87,840.44,291.81,910.19,268.50,930.49,294.76,975.43,401.43,1127.69,377.41,757.01,305.44,1000.66,628.40,698.25,559.72,976.94,495.35
27.733,cam6,IDLE_RELAXED,MAIN_MONITOR_CENTER,-0.2093,904.25,307.02,840.31,291.93,910.14,268.63,930.45,294.86,975.45,401.40,1127.69,377.47,756.97,305.50,1000.66,628.38,698.25,559.71,976.98,495.28
27.767,cam6,IDLE_RELAXED,MAIN_MONITOR_CENTER,-0.2115,904.17,307.25,840.22,292.18,910.05,268.85,930.39,295.02,975.47,401.37,1127.66,377.56,756.94,305.61,1000.66,628.38,698.25,559.71,977.03,495.20
27.800,cam6,IDLE_RELAXED,MAIN_MONITOR_CENTER,-0.2137,904.22,307.53,840.24,292.49,909.97,269.05,930.33,295.17,975.49,401.34,1127.63,377.65,756.90,305.72,1000.67,628.38,698.26,559.70,977.07,495.13
27.833,cam6,IDLE_RELAXED,MAIN_MONITOR_CENTER,-0.2159,904.19,307.72,840.20,292.69,909.90,269.22,930.27,295.30,975.50,401.32,1127.61,377.73,756.86,305.81,1000.67,628.37,698.26,559.70,977.11,495.06
27.867,cam6,IDLE_RELAXED,MAIN_MONITOR_CENTER,-0.2179,904.13,307.82,840.14,292.78,909.86,269.34,930.24,295.39,975.52,401.29,1127.61,377.78,756.83,305.87,1000.67,628.36,698.27,559.68,977.15,494.99
27.900,cam6,IDLE_RELAXED,MAIN_MONITOR_CENTER,-0.2200,904.00,308.05,840.02,293.00,909.78,269.54,930.18,295.54,975.54,401.26,1127.58,377.88,756.80,305.98,1000.67,628.36,698.27,559.68,977.19,494.92
27.933,cam6,IDLE_RELAXED,MAIN_MONITOR_CENTER,-0.2220,903.99,308.19,840.00,293.14,909.74,269.64,930.15,295.62,975.56,401.24,1127.59,377.92,756.76,306.03,1000.68,628.34,698.27,559.66,977.23,494.86
27.967,cam6,IDLE_RELAXED,MAIN_MONITOR_CENTER,-0.2240,904.01,308.36,839.99,293.35,909.68,269.80,930.10,295.74,975.58,401.21,1127.57,377.99,756.73,306.11,1000.68,628.34,698.28,559.65,977.27,494.79
28.000,cam6,IDLE_RELAXED,MAIN_MONITOR_CENTER,-0.2260,903.83,308.50,839.83,293.46,909.63,269.91,930.07,295.82,975.60,401.19,1127.57,378.04,756.70,306.16,1000.69,628.32,698.28,559.64,977.31,494.73
28.033,cam6,IDLE_RELAXED,MAIN_MONITOR_CENTER,-0.2280,903.86,308.58,839.85,293.53,909.62,269.96,930.06,295.86,975.61,401.16,1127.60,378.07,756.67,306.18,1000.70,628.30,698.29,559.61,977.35,494.66
28.067,cam6,IDLE_RELAXED,MAIN_MONITOR_CENTER,-0.2300,903.74,308.78,839.74,293.72,909.55,270.12,930.01,295.99,975.63,401.13,1127.58,378.14,756.63,306.27,1000.70,628.29,698.29,559.60,977.39,494.60
28.100,cam6,IDLE_RELAXED,MAIN_MONITOR_CENTER,-0.2320,903.63,308.85,839.63,293.79,909.52,270.21,929.98,296.05,975.65,401.10,1127.60,378.18,756.60,306.31,1000.70,628.27,698.30,559.58,977.43,494.53
28.133,cam6,IDLE_RELAXED,MAIN_MONITOR_CENTER,-0.2340,903.50,309.04,839.51,293.97,909.48,270.32,929.95,296.13,975.67,401.08,1127.60,378.23,756.57,306.36,1000.71,628.26,698.31,559.56,977.47,494.47
28.167,cam6,IDLE_RELAXED,MAIN_MONITOR_CENTER,-0.2358,903.59,308.85,839.58,293.75,909.55,270.16,930.01,296.02,975.69,401.05,1127.71,378.16,756.54,306.26,1000.73,628.21,698.33,559.49,977.50,494.41
28.200,cam6,IDLE_RELAXED,MAIN_MONITOR_CENTER,-0.2378,903.67,308.80,839.64,293.69,909.58,270.11,930.03,295.98,975.71,401.02,1127.78,378.14,756.51,306.22,1000.74,628.17,698.34,559.44,977.54,494.34
28.233,cam6,IDLE_RELAXED,MAIN_MONITOR_CENTER,-0.2397,903.74,308.62,839.69,293.49,909.66,269.93,930.10,295.85,975.73,400.98,1127.91,378.06,756.48,306.10,1000.77,628.10,698.37,559.36,977.58,494.28
28.267,cam6,IDLE_RELAXED,MAIN_MONITOR_CENTER,-0.2418,903.74,308.32,839.70,293.13,909.78,269.68,930.18,295.67,975.76,400.94,1128.06,377.96,756.44,305.95,1000.79,628.03,698.39,559.27,977.62,494.21
28.300,cam6,IDLE_RELAXED,MAIN_MONITOR_CENTER,-0.2440,903.89,308.06,839.81,292.86,909.90,269.41,930.27,295.47,975.78,400.90,1128.22,377.84,756.41,305.78,1000.82,627.95,698.42,559.17,977.66,494.14
28.333,cam6,IDLE_RELAXED,MAIN_MONITOR_CENTER,-0.2462,904.07,307.70,839.95,292.49,910.03,269.12,930.38,295.26,975.81,400.86,1128.40,377.71,756.37,305.59,1000.85,627.87,698.46,559.06,977.71,494.07
28.367,cam6,IDLE_RELAXED,MAIN_MONITOR_CENTER,-0.2485,904.14,307.38,840.01,292.11,910.18,268.79,930.49,295.01,975.84,400.82,1128.60,377.57,756.34,305.38,1000.88,627.77,698.49,558.95,977.75,493.99
28.400,cam6,IDLE_RELAXED,MAIN_MONITOR_CENTER,-0.2508,904.32,306.98,840.14,291.70,910.34,268.44,930.61,294.75,975.87,400.77,1128.80,377.42,756.30,305.16,1000.92,627.67,698.53,558.82,977.80,493.92
28.433,cam6,IDLE_RELAXED,MAIN_MONITOR_CENTER,-0.2531,904.62,306.58,840.35,291.38,910.48,268.11,930.73,294.51,975.90,400.73,1128.99,377.28,756.26,304.95,1000.95,627.58,698.57,558.71,977.84,493.84
28.467,cam6,IDLE_RELAXED,MAIN_MONITOR_CENTER,-0.2555,904.95,306.09,840.61,290.91,910.67,267.69,930.87,294.19,975.93,400.68,1129.23,377.09,756.23,304.69,1000.98,627.46,698.61,558.57,977.89,493.76
28.500,cam6,IDLE_RELAXED,MAIN_MONITOR_CENTER,-0.2577,905.25,305.50,840.85,290.31,910.89,267.19,931.04,293.83,975.96,400.63,1129.49,376.88,756.19,304.38,1001.03,627.34,698.66,558.41,977.93,493.69
28.533,cam6,IDLE_RELAXED,MAIN_MONITOR_CENTER,-0.2599,905.61,304.87,841.13,289.73,911.12,266.67,931.22,293.44,975.99,400.58,1129.76,376.65,756.16,304.06,1001.07,627.21,698.71,558.25,977.98,493.62
28.567,cam6,IDLE_RELAXED,MAIN_MONITOR_CENTER,-0.2620,905.84,304.23,841.31,289.05,911.37,266.12,931.41,293.03,976.02,400.54,1130.05,376.40,756.13,303.72,1001.11,627.07,698.77,558.09,978.02,493.55
28.600,cam6,IDLE_RELAXED,MAIN_MONITOR_CENTER,-0.2642,906.07,303.60,841.49,288.41,911.61,265.57,931.60,292.63,976.05,400.49,1130.33,376.16,756.10,303.39,1001.15,626.94,698.83,557.92,978.06,493.48
28.633,cam6,IDLE_RELAXED,MAIN_MONITOR_CENTER,-0.2664,906.32,302.93,841.70,287.74,911.86,265.02,931.78,292.22,976.08,400.44,1130.62,375.92,756.06,303.05,1001.19,626.80,698.89,557.76,978.10,493.41
28.667,cam6,IDLE_RELAXED,MAIN_MONITOR_CENTER,-0.2686,906.60,302.31,841.92,287.11,912.10,264.48,931.97,291.82,976.11,400.39,1130.90,375.69,756.03,302.71,1001.23,626.66,698.95,557.59,978.15,493.34
28.700,cam6,IDLE_RELAXED,MAIN_MONITOR_CENTER,-0.2708,906.91,301.77,842.16,286.56,912.33,263.96,932.15,291.43,976.15,400.34,1131.17,375.46,756.00,302.39,1001.27,626.52,699.01,557.43,978.19,493.26
28.733,cam6,IDLE_RELAXED,MAIN_MONITOR_CENTER,-0.2732,907.16,301.20,842.36,285.98,912.56,263.45,932.32,291.05,976.18,400.29,1131.44,375.23,755.96,302.08,1001.31,626.38,699.07,557.26,978.24,493.19
28.767,cam6,IDLE_RELAXED,MAIN_MONITOR_CENTER,-0.2754,907.45,300.59,842.59,285.36,912.79,262.93,932.50,290.67,976.21,400.24,1131.72,375.01,755.93,301.75,1001.35,626.24,699.13,557.10,978.28,493.11
28.800,cam6,IDLE_RELAXED,MAIN_MONITOR_CENTER,-0.2778,907.72,299.99,842.82,284.70,913.03,262.39,932.69,290.27,976.24,400.19,1132.00,374.77,755.90,301.42,1001.39,626.09,699.20,556.92,978.33,493.04
28.833,cam6,IDLE_RELAXED,MAIN_MONITOR_CENTER,-0.2801,907.91,299.48,842.96,284.19,913.24,261.92,932.85,289.92,976.27,400.14,1132.26,374.56,755.86,301.12,1001.43,625.96,699.26,556.77,978.37,492.96
28.867,cam6,IDLE_RELAXED,MAIN_MONITOR_CENTER,-0.2825,908.04,299.13,843.07,283.78,913.43,261.51,932.99,289.61,976.30,400.10,1132.49,374.38,755.83,300.86,1001.46,625.83,699.32,556.62,978.42,492.88
28.900,cam6,IDLE_RELAXED,MAIN_MONITOR_CENTER,-0.2847,908.23,298.74,843.22,283.37,913.56,261.22,933.09,289.40,976.33,400.05,1132.67,374.25,755.80,300.67,1001.49,625.73,699.36,556.51,978.46,492.81
28.933,cam6,IDLE_RELAXED,MAIN_MONITOR_CENTER,-0.2869,908.43,298.31,843.37,282.95,913.70,260.90,933.21,289.16,976.36,400.01,1132.86,374.11,755.76,300.47,1001.52,625.63,699.41,556.39,978.51,492.74
28.967,cam6,IDLE_RELAXED,MAIN_MONITOR_CENTER,-0.2890,908.62,297.96,843.51,282.61,913.84,260.61,933.31,288.95,976.39,399.97,1133.03,373.99,755.73,300.28,1001.54,625.53,699.46,556.28,978.55,492.67
29.000,cam6,IDLE_RELAXED,MAIN_MONITOR_CENTER,-0.2911,908.68,297.81,843.55,282.44,913.91,260.46,933.36,288.83,976.41,399.94,1133.14,373.92,755.70,300.18,1001.56,625.46,699.49,556.20,978.59,492.60
29.033,cam6,IDLE_RELAXED,MAIN_MONITOR_CENTER,-0.2931,908.75,297.71,843.60,282.34,913.96,260.33,933.41,288.74,976.43,399.90,1133.25,373.87,755.67,300.09,1001.58,625.40,699.52,556.13,978.63,492.53
29.067,cam6,IDLE_RELAXED,MAIN_MONITOR_CENTER,-0.2952,908.80,297.54,843.63,282.16,914.03,260.19,933.46,288.64,976.45,399.87,1133.35,373.81,755.64,300.00,1001.59,625.33,699.55,556.05,978.67,492.47
29.100,cam6,IDLE_RELAXED,MAIN_MONITOR_CENTER,-0.2972,908.80,297.56,843.61,282.17,914.03,260.20,933.46,288.65,976.48,399.84,1133.40,373.81,755.60,299.99,1001.60,625.30,699.56,556.01,978.71,492.40
29.133,cam6,IDLE_RELAXED,MAIN_MONITOR_CENTER,-0.2992,908.81,297.52,843.62,282.09,914.05,260.17,933.47,288.63,976.50,399.81,1133.46,373.80,755.57,299.96,1001.61,625.26,699.58,555.97,978.75,492.34
29.167,cam6,IDLE_RELAXED,MAIN_MONITOR_CENTER,-0.3011,908.80,297.65,843.60,282.25,913.99,260.31,933.43,288.73,976.51,399.78,1133.45,373.87,755.54,300.03,1001.61,625.25,699.59,555.96,978.78,492.27
29.200,cam6,IDLE_RELAXED,MAIN_MONITOR_CENTER,-0.3030,908.77,297.85,843.54,282.48,913.91,260.50,933.37,288.88,976.53,399.76,1133.41,373.96,755.51,300.14,1001.61,625.26,699.58,555.97,978.82,492.21
29.233,cam6,IDLE_RELAXED,MAIN_MONITOR_CENTER,-0.3050,908.69,297.83,843.48,282.43,913.90,260.52,933.37,288.89,976.55,399.73,1133.45,373.97,755.47,300.13,1001.62,625.23,699.60,555.93,978.86,492.15
29.267,cam6,IDLE_RELAXED,MAIN_MONITOR_CENTER,-0.3069,908.59,298.13,843.38,282.73,913.80,260.77,933.28,289.08,976.56,399.71,1133.39,374.08,755.44,300.27,1001.62,625.25,699.59,555.95,978.90,492.08
29.300,cam6,IDLE_RELAXED,MAIN_MONITOR_CENTER,-0.3089,908.39,298.36,843.21,282.91,913.71,260.96,933.22,289.22,976.58,399.69,1133.35,374.17,755.41,300.37,1001.61,625.25,699.58,555.95,978.94,492.02
29.333,cam6,IDLE_RELAXED,MAIN_MONITOR_CENTER,-0.3109,908.21,298.59,843.06,283.09,913.63,261.16,933.16,289.37,976.60,399.66,1133.32,374.26,755.37,300.47,1001.61,625.26,699.58,555.96,978.98,491.95
29.367,cam6,IDLE_RELAXED,MAIN_MONITOR_CENTER,-0.3128,908.21,298.76,843.04,283.28,913.56,261.32,933.11,289.49,976.61,399.64,1133.30,374.34,755.34,300.56,1001.61,625.26,699.58,555.96,979.01,491.89
29.400,cam6,IDLE_RELAXED,MAIN_MONITOR_CENTER,-0.3146,908.06,298.94,842.91,283.43,913.49,261.49,933.05,289.62,976.63,399.62,1133.26,374.42,755.31,300.65,1001.61,625.26,699.58,555.96,979.05,491.83
29.433,cam6,IDLE_RELAXED,MAIN_MONITOR_CENTER,-0.3164,908.05,299.13,842.89,283.62,913.43,261.63,933.01,289.73,976.64,399.60,1133.25,374.48,755.28,300.72,1001.62,625.26,699.58,555.96,979.08,491.77
29.467,cam6,IDLE_RELAXED,MAIN_MONITOR_CENTER,-0.3182,908.10,299.32,842.91,283.81,913.38,261.76,932.97,289.82,976.66,399.58,1133.24,374.54,755.25,300.79,1001.62,625.25,699.58,555.95,979.12,491.72
29.500,cam6,IDLE_RELAXED,MAIN_MONITOR_CENTER,-0.3199,907.94,299.50,842.77,283.96,913.32,261.90,932.92,289.93,976.67,399.56,1133.22,374.61,755.22,300.86,1001.62,625.25,699.58,555.95,979.15,491.66
29.533,cam6,IDLE_RELAXED,MAIN_MONITOR_CENTER,-0.3215,907.91,299.67,842.74,284.14,913.25,262.07,932.87,290.06,976.69,399.54,1133.19,374.68,755.19,300.95,1001.62,625.26,699.57,555.96,979.18,491.61
29.567,cam6,IDLE_RELAXED,MAIN_MONITOR_CENTER,-0.3231,907.75,299.78,842.60,284.19,913.21,262.17,932.84,290.13,976.70,399.52,1133.18,374.73,755.17,301.00,1001.62,625.25,699.58,555.95,979.22,491.55
29.600,cam6,IDLE_RELAXED,MAIN_MONITOR_CENTER,-0.3247,907.70,299.97,842.54,284.43,913.14,262.34,932.78,290.26,976.72,399.50,1133.15,374.81,755.14,301.10,1001.62,625.26,699.57,555.96,979.25,491.50
29.633,cam6,IDLE_RELAXED,MAIN_MONITOR_CENTER,-0.3262,907.72,300.08,842.54,284.54,913.12,262.40,932.77,290.31,976.73,399.48,1133.16,374.84,755.11,301.12,1001.62,625.25,699.58,555.94,979.28,491.45
29.667,cam6,IDLE_RELAXED,MAIN_MONITOR_CENTER,-0.3277,907.62,300.12,842.46,284.55,913.10,262.44,932.76,290.34,976.74,399.46,1133.18,374.86,755.09,301.14,1001.63,625.23,699.59,555.92,979.30,491.40
29.700,cam6,IDLE_RELAXED,MAIN_MONITOR_CENTER,-0.3291,907.54,300.30,842.38,284.76,913.04,262.59,932.71,290.46,976.76,399.44,1133.15,374.93,755.07,301.22,1001.63,625.24,699.58,555.93,979.33,491.36
29.733,cam6,IDLE_RELAXED,MAIN_MONITOR_CENTER,-0.3305,907.44,300.53,842.29,285.00,912.96,262.77,932.65,290.59,976.77,399.43,1133.10,375.01,755.04,301.32,1001.57,625.23,699.58,555.94,979.36,491.31
29.767,cam6,IDLE_RELAXED,MAIN_MONITOR_CENTER,-0.3320,907.25,300.86,842.12,285.35,912.83,263.08,932.55,290.82,976.78,399.41,1133.01,375.16,755.02,301.50,1001.56,625.27,699.56,555.98,979.39,491.26
29.800,cam6,IDLE_RELAXED,MAIN_MONITOR_CENTER,-0.3334,907.10,301.24,841.98,285.72,912.70,263.38,932.45,291.05,976.79,399.40,1132.91,375.29,754.99,301.67,1001.55,625.31,699.54,556.02,979.42,491.22
29.833,cam6,IDLE_RELAXED,MAIN_MONITOR_CENTER,-0.3349,906.85,301.58,841.76,286.03,912.58,263.66,932.36,291.26,976.80,399.39,1132.83,375.42,754.97,301.82,1001.54,625.34,699.52,556.06,979.44,491.17
29.867,cam6,IDLE_RELAXED,MAIN_MONITOR_CENTER,-0.3363,906.67,302.02,841.60,286.48,912.43,264.02,932.24,291.53,976.80,399.38,1132.71,375.58,754.94,302.03,1001.53,625.39,699.50,556.11,979.47,491.12
29.900,cam6,IDLE_RELAXED,MAIN_MONITOR_CENTER,-0.3379,906.53,302.43,841.48,286.88,912.28,264.36,932.13,291.79,976.81,399.37,1132.61,375.74,754.91,302.22,1001.52,625.43,699.48,556.16,979.50,491.07
29.933,cam6,IDLE_RELAXED,MAIN_MONITOR_CENTER,-0.3394,906.49,302.84,841.42,287.34,912.14,264.71,932.02,292.04,976.82,399.35,1132.50,375.89,754.88,302.42,1001.51,625.47,699.46,556.21,979.53,491.02
29.967,cam6,IDLE_RELAXED,MAIN_MONITOR_CENTER,-0.3409,906.41,303.17,841.34,287.68,912.00,265.04,931.91,292.29,976.83,399.34,1132.40,376.04,754.86,302.60,1001.50,625.51,699.44,556.25,979.56,490.97
30.000,cam6,IDLE_RELAXED,MAIN_MONITOR_CENTER,-0.3426,906.27,303.62,841.20,288.14,911.81,265.46,931.77,292.61,976.84,399.33,1132.26,376.23,754.83,302.84,1001.48,625.57,699.41,556.32,979.60,490.92
30.033,cam6,IDLE_RELAXED,MAIN_MONITOR_CENTER,-0.3443,905.96,304.17,840.94,288.65,911.63,265.90,931.63,292.94,976.85,399.32,1132.12,376.43,754.80,303.09,1001.47,625.62,699.39,556.38,979.63,490.86
30.067,cam6,IDLE_RELAXED,MAIN_MONITOR_CENTER,-0.3461,905.64,304.60,840.68,289.01,911.48,266.25,931.52,293.20,976.87,399.30,1132.01,376.59,754.77,303.29,1001.46,625.66,699.37,556.43,979.66,490.80
30.100,cam6,IDLE_RELAXED,MAIN_MONITOR_CENTER,-0.3479,905.43,305.18,840.48,289.61,911.25,266.78,931.35,293.59,976.88,399.29,1131.83,376.83,754.74,303.59,1001.44,625.73,699.33,556.51,979.70,490.75
30.133,cam6,IDLE_RELAXED,MAIN_MONITOR_CENTER,-0.3496,905.19,305.80,840.26,290.26,911.03,267.30,931.18,293.98,976.88,399.28,1131.65,377.06,754.71,303.89,1001.42,625.81,699.30,556.59,979.73,490.69
30.167,cam6,IDLE_RELAXED,MAIN_MONITOR_CENTER,-0.3513,904.87,306.42,839.99,290.87,910.81,267.81,931.01,294.36,976.89,399.27,1131.48,377.29,754.68,304.18,1001.40,625.87,699.27,556.67,979.77,490.64
30.200,cam6,IDLE_RELAXED,MAIN_MONITOR_CENTER,-0.3531,904.53,307.09,839.70,291.49,910.58,268.35,930.84,294.76,976.90,399.27,1131.30,377.53,754.65,304.48,1001.38,625.95,699.24,556.75,979.80,490.58
30.233,cam6,IDLE_RELAXED,MAIN_MONITOR_CENTER,-0.3548,904.18,307.78,839.41,292.16,910.34,268.93,930.65,295.19,976.91,399.26,1131.10,377.79,754.62,304.81,1001.36,626.03,699.20,556.85,979.84,490.52
30.267,cam6,IDLE_RELAXED,MAIN_MONITOR_CENTER,-0.3567,904.03,308.43,839.25,292.88,910.10,269.49,930.47,295.61,976.92,399.25,1130.91,378.04,754.59,305.13,1001.34,626.10,699.17,556.93,979.87,490.46
30.300,cam6,IDLE_RELAXED,MAIN_MONITOR_CENTER,-0.3584,903.79,309.11,839.03,293.57,909.85,270.09,930.28,296.06,976.93,399.24,1130.70,378.31,754.56,305.48,1001.32,626.18,699.13,557.03,979.90,490.40
30.333,cam6,IDLE_RELAXED,MAIN_MONITOR_CENTER,-0.3601,903.56,309.74,838.82,294.24,909.61,270.65,930.10,296.48,976.93,399.23,1130.51,378.57,754.53,305.80,1001.30,626.26,699.10,557.12,979.94,490.35
30.367,cam6,IDLE_RELAXED,MAIN_MONITOR_CENTER,-0.3619,903.41,310.50,838.67,295.04,909.35,271.25,929.90,296.92,976.94,399.22,1130.30,378.83,754.50,306.14,1001.28,626.34,699.06,557.21,979.97,490.29
30.400,cam6,IDLE_RELAXED,MAIN_MONITOR_CENTER,-0.3636,903.12,311.24,838.41,295.76,909.09,271.87,929.71,297.39,976.95,399.22,1130.09,379.11,754.48,306.49,1001.25,626.42,699.03,557.31,980.01,490.23
30.433,cam6,IDLE_RELAXED,MAIN_MONITOR_CENTER,-0.3653,902.79,312.00,838.13,296.51,908.84,272.47,929.51,297.83,976.96,399.21,1129.88,379.37,754.45,306.83,1001.23,626.50,698.99,557.41,980.04,490.18
30.467,cam6,IDLE_RELAXED,MAIN_MONITOR_CENTER,-0.3671,902.55,312.68,837.91,297.20,908.59,273.06,929.32,298.27,976.96,399.20,1129.67,379.64,754.42,307.17,1001.21,626.57,698.96,557.50,980.07,490.12
30.500,cam6,IDLE_RELAXED,MAIN_MONITOR_CENTER,-0.3689,902.32,313.41,837.71,297.94,908.33,273.68,929.13,298.73,976.97,399.20,1129.46,379.91,754.39,307.52,1001.19,626.65,698.93,557.59,980.11,490.06
30.533,cam6,IDLE_RELAXED,MAIN_MONITOR_CENTER,-0.3706,902.05,314.14,837.47,298.66,908.08,274.29,928.93,299.19,976.98,399.19,1129.25,380.19,754.37,307.87,1001.16,626.73,698.90,557.69,980.14,490.01
30.567,cam6,IDLE_RELAXED,MAIN_MONITOR_CENTER,-0.3721,901.70,314.86,837.17,299.38,907.82,274.90,928.74,299.65,976.99,399.18,1129.03,380.46,754.34,308.22,1001.14,626.81,698.87,557.79,980.17,489.96
30.600,cam6,IDLE_RELAXED,MAIN_MONITOR_CENTER,-0.3737,901.46,315.58,836.95,300.13,907.57,275.50,928.55,300.09,976.99,399.18,1128.82,380.72,754.32,308.56,1001.11,626.88,698.84,557.88,980.20,489.91
30.633,cam6,IDLE_RELAXED,MAIN_MONITOR_CENTER,-0.3753,901.20,316.26,836.72,300.82,907.32,276.11,928.36,300.54,977.00,399.18,1128.61,380.99,754.30,308.90,1001.09,626.96,698.81,557.97,980.23,489.85
30.667,cam6,IDLE_RELAXED,MAIN_MONITOR_CENTER,-0.3768,900.96,316.99,836.50,301.57,907.07,276.70,928.17,300.99,977.00,399.17,1128.40,381.25,754.27,309.24,1001.07,627.03,698.78,558.07,980.27,489.80
30.700,cam6,IDLE_RELAXED,MAIN_MONITOR_CENTER,-0.3784,900.84,317.70,836.38,302.32,906.82,277.31,927.97,301.44,977.01,399.17,1128.19,381.52,754.25,309.59,1001.04,627.11,698.75,558.16,980.30,489.75
30.733,cam6,IDLE_RELAXED,MAIN_MONITOR_CENTER,-0.3799,900.55,318.38,836.13,303.01,906.58,277.89,927.79,301.87,977.02,399.16,1127.99,381.78,754.23,309.92,1001.02,627.17,698.77,558.25,980.33,489.70
30.767,cam6,IDLE_RELAXED,MAIN_MONITOR_CENTER,-0.3816,900.30,319.15,835.90,303.78,906.33,278.48,927.61,302.31,977.02,399.16,1127.79,382.04,754.21,310.26,1001.00,627.24,698.74,558.34,980.36,489.65
30.800,cam6,IDLE_RELAXED,MAIN_MONITOR_CENTER,-0.3833,900.08,319.77,835.70,304.42,906.10,279.04,927.43,302.73,977.03,399.15,1127.60,382.29,754.18,310.57,1000.98,627.30,698.72,558.42,980.39,489.59
30.833,cam6,IDLE_RELAXED,MAIN_MONITOR_CENTER,-0.3850,899.80,320.55,835.45,305.21,905.85,279.66,927.24,303.19,977.04,399.14,1127.39,382.56,754.16,310.92,1000.95,627.37,698.69,558.51,980.42,489.54
30.867,cam6,IDLE_RELAXED,MAIN_MONITOR_CENTER,-0.3867,899.48,321.25,835.18,305.90,905.60,280.27,927.04,303.65,977.04,399.14,1127.18,382.83,754.14,311.27,1000.93,627.44,698.67,558.60,980.46,489.48
30.900,cam6,IDLE_RELAXED,MAIN_MONITOR_CENTER,-0.3884,899.24,322.03,834.96,306.70,905.33,280.92,926.84,304.13,977.05,399.13,1126.95,383.11,754.11,311.64,1000.90,627.51,698.65,558.69,980.49,489.43
30.933,cam6,IDLE_RELAXED,MAIN_MONITOR_CENTER,-0.3902,898.98,322.75,834.74,307.41,905.07,281.54,926.65,304.59,977.06,399.12,1126.74,383.39,754.09,311.98,1000.88,627.58,698.62,558.78,980.53,489.37
30.967,cam6,IDLE_RELAXED,MAIN_MONITOR_CENTER,-0.3918,898.72,323.39,834.51,308.04,904.85,282.09,926.48,305.00,977.07,399.12,1126.56,383.63,754.07,312.30,1000.86,627.63,698.61,558.85,980.56,489.31
31.000,cam6,IDLE_RELAXED,MAIN_MONITOR_CENTER,-0.3934,898.51,323.95,834.32,308.63,904.64,282.61,926.32,305.39,977.07,399.11,1126.38,383.86,754.05,312.59,1000.84,627.69,698.59,558.92,980.59,489.26
31.033,cam6,IDLE_RELAXED,MAIN_MONITOR_CENTER,-0.3949,898.38,324.59,834.20,309.29,904.42,283.14,926.15,305.78,977.08,399.10,1126.20,384.09,754.03,312.89,1000.82,627.74,698.57,559.00,980.62,489.21
31.067,cam6,IDLE_RELAXED,MAIN_MONITOR_CENTER,-0.3965,898.14,325.18,833.98,309.89,904.21,283.65,925.99,306.16,977.09,399.09,1126.03,384.32,754.01,313.18,1000.80,627.79,698.56,559.06,980.65,489.16
31.100,cam6,IDLE_RELAXED,MAIN_MONITOR_CENTER,-0.3981,897.93,325.82,833.79,310.55,903.99,284.20,925.82,306.57,977.10,399.09,1125.85,384.56,753.99,313.49,1000.78,627.84,698.54,559.14,980.68,489.11
31.133,cam6,IDLE_RELAXED,MAIN_MONITOR_CENTER,-0.3995,897.72,326.36,833.61,311.11,903.79,284.68,925.68,306.93,977.10,399.08,1125.69,384.77,753.97,313.75,1000.76,627.89,698.53,559.20,980.71,489.06
31.167,cam6,IDLE_RELAXED,MAIN_MONITOR_CENTER,-0.4009,897.66,326.87,833.53,311.67,903.62,285.10,925.55,307.24,977.11,399.08,1125.55,384.95,753.95,313.99,1000.75,627.93,698.52,559.25,980.73,489.02
31.200,cam6,IDLE_RELAXED,MAIN_MONITOR_CENTER,-0.4022,897.42,327.23,833.34,311.99,903.51,285.40,925.46,307.46,977.12,399.07,1125.46,385.08,753.93,314.15,1000.74,627.95,698.51,559.28,980.76,488.98
31.233,cam6,IDLE_RELAXED,MAIN_MONITOR_CENTER,-0.4034,897.33,327.61,833.25,312.36,903.38,285.70,925.36,307.69,977.13,399.06,1125.37,385.21,753.92,314.32,1000.73,627.97,698.51,559.32,980.79,488.94
31.267,cam6,IDLE_RELAXED,MAIN_MONITOR_CENTER,-0.4047,897.23,327.92,833.16,312.68,903.28,285.97,925.28,307.89,977.13,399.05,1125.29,385.33,753.90,314.47,1000.72,627.99,698.50,559.34,980.81,488.89
31.300,cam6,IDLE_RELAXED,MAIN_MONITOR_CENTER,-0.4059,897.17,328.07,833.10,312.81,903.22,286.10,925.24,307.99,977.14,399.03,1125.27,385.39,753.88,314.54,1000.72,627.99,698.50,559.35,980.83,488.85
31.333,cam6,IDLE_RELAXED,MAIN_MONITOR_CENTER,-0.4071,897.05,328.38,833.00,313.11,903.10,286.41,925.15,308.22,977.15,399.03,1125.17,385.53,753.87,314.71,1000.71,628.02,698.50,559.38,980.86,488.82
31.367,cam6,IDLE_RELAXED,MAIN_MONITOR_CENTER,-0.4084,897.02,328.53,832.96,313.28,903.05,286.55,925.11,308.32,977.16,399.01,1125.14,385.59,753.85,314.79,1000.71,628.02,698.50,559.38,980.88,488.77
31.400,cam6,IDLE_RELAXED,MAIN_MONITOR_CENTER,-0.4097,896.97,328.82,832.90,313.58,902.94,286.80,925.03,308.51,977.17,399.00,1125.07,385.70,753.83,314.93,1000.70,628.03,698.49,559.41,980.91,488.73
31.433,cam6,IDLE_RELAXED,MAIN_MONITOR_CENTER,-0.4111,896.95,329.14,832.87,313.94,902.85,287.05,924.96,308.70,977.18,398.99,1125.01,385.81,753.81,315.06,1000.70,628.05,698.49,559.43,980.93,488.69
31.467,cam6,IDLE_RELAXED,MAIN_MONITOR_CENTER,-0.4125,896.78,329.23,832.73,313.98,902.82,287.14,924.94,308.76,977.19,398.97,1125.01,385.85,753.79,315.10,1000.70,628.04,698.50,559.41,980.96,488.64
31.500,cam6,IDLE_RELAXED,MAIN_MONITOR_CENTER,-0.4139,896.71,329.44,832.67,314.21,902.74,287.32,924.88,308.90,977.20,398.95,1124.97,385.93,753.77,315.19,1000.70,628.04,698.50,559.42,980.99,488.60
31.533,cam6,IDLE_RELAXED,MAIN_MONITOR_CENTER,-0.4153,896.64,329.73,832.59,314.55,902.63,287.61,924.79,309.11,977.21,398.94,1124.89,386.06,753.75,315.35,1000.69,628.06,698.49,559.45,981.02,488.55
31.567,cam6,IDLE_RELAXED,MAIN_MONITOR_CENTER,-0.4166,896.59,329.81,832.53,314.64,902.60,287.69,924.77,309.17,977.23,398.93,1124.88,386.10,753.73,315.39,1000.70,628.05,698.49,559.44,981.04,488.51
31.600,cam6,IDLE_RELAXED,MAIN_MONITOR_CENTER,-0.4178,896.60,329.83,832.53,314.69,902.59,287.72,924.77,309.19,977.24,398.91,1124.90,386.11,753.71,315.40,1000.70,628.04,698.50,559.42,981.07,488.47
31.633,cam6,IDLE_RELAXED,MAIN_MONITOR_CENTER,-0.4189,896.58,329.98,832.50,314.86,902.52,287.88,924.72,309.31,977.25,398.90,1124.86,386.19,753.70,315.49,1000.70,628.05,698.50,559.43,981.09,488.43
31.667,cam6,IDLE_RELAXED,MAIN_MONITOR_CENTER,-0.4201,896.62,330.16,832.52,315.03,902.48,288.01,924.68,309.41,977.26,398.89,1124.84,386.24,753.68,315.55,1000.70,628.05,698.50,559.43,981.11,488.39
31.700,cam6,IDLE_RELAXED,MAIN_MONITOR_CENTER,-0.4212,896.67,330.15,832.55,315.05,902.47,288.02,924.68,309.42,977.27,398.87,1124.86,386.25,753.66,315.55,1000.70,628.03,698.50,559.41,981.13,488.36
31.733,cam6,IDLE_RELAXED,MAIN_MONITOR_CENTER,-0.4224,896.64,330.18,832.51,315.10,902.45,288.08,924.67,309.46,977.28,398.85,1124.87,386.28,753.65,315.58,1000.71,628.02,698.50,559.40,981.16,488.32
31.767,cam6,IDLE_RELAXED,MAIN_MONITOR_CENTER,-0.4235,896.55,330.23,832.44,315.14,902.43,288.13,924.65,309.50,977.29,398.84,1124.87,386.31,753.63,315.60,1000.71,628.01,698.51,559.39,981.18,488.28
31.800,cam6,IDLE_RELAXED,MAIN_MONITOR_CENTER,-0.4245,896.64,330.11,832.51,315.02,902.47,288.04,924.68,309.43,977.30,398.82,1124.93,386.27,753.61,315.54,1000.72,627.99,698.52,559.36,981.20,488.25
31.833,cam6,IDLE_RELAXED,MAIN_MONITOR_CENTER,-0.4254,896.58,330.25,832.45,315.16,902.41,288.19,924.64,309.55,977.31,398.81,1124.90,386.33,753.60,315.62,1000.72,628.00,698.51,559.37,981.21,488.22
31.867,cam6,IDLE_RELAXED,MAIN_MONITOR_CENTER,-0.4263,896.58,330.22,832.45,315.11,902.44,288.14,924.66,309.51,977.32,398.80,1124.94,386.32,753.58,315.59,1000.72,627.98,698.52,559.34,981.23,488.19
31.900,cam6,IDLE_RELAXED,MAIN_MONITOR_CENTER,-0.4271,896.51,330.34,832.39,315.22,902.39,288.26,924.62,309.60,977.32,398.79,1124.91,386.37,753.57,315.65,1000.72,627.98,698.52,559.35,981.25,488.17
31.933,cam6,IDLE_RELAXED,MAIN_MONITOR_CENTER,-0.4277,896.41,330.28,832.32,315.10,902.41,288.22,924.64,309.57,977.33,398.78,1124.94,386.35,753.56,315.62,1000.73,627.97,698.52,559.33,981.26,488.14
31.967,cam6,IDLE_RELAXED,MAIN_MONITOR_CENTER,-0.4283,896.40,330.42,832.31,315.22,902.37,288.33,924.60,309.65,977.34,398.78,1124.91,386.40,753.55,315.69,1000.73,627.97,698.52,559.34,981.27,488.12
32.000,cam6,IDLE_RELAXED,MAIN_MONITOR_CENTER,-0.4289,896.42,330.53,832.32,315.36,902.33,288.42,924.58,309.72,977.34,398.77,1124.89,386.44,753.55,315.73,1000.72,627.98,698.52,559.34,981.28,488.11
32.033,cam6,IDLE_RELAXED,MAIN_MONITOR_CENTER,-0.4295,896.38,330.46,832.28,315.27,902.36,288.36,924.60,309.68,977.35,398.76,1124.93,386.42,753.54,315.70,1000.73,627.96,698.53,559.32,981.29,488.09
32.067,cam6,IDLE_RELAXED,MAIN_MONITOR_CENTER,-0.4302,896.38,330.47,832.28,315.26,902.38,288.32,924.61,309.65,977.35,398.75,1124.96,386.40,753.52,315.67,1000.74,627.95,698.53,559.30,981.31,488.06
32.100,cam6,IDLE_RELAXED,MAIN_MONITOR_CENTER,-0.4308,896.44,330.20,832.33,314.96,902.47,288.08,924.69,309.47,977.36,398.73,1125.07,386.30,753.51,315.53,1000.75,627.91,698.54,559.25,981.32,488.04
32.133,cam6,IDLE_RELAXED,MAIN_MONITOR_CENTER,-0.4315,896.47,329.95,832.36,314.69,902.56,287.86,924.76,309.31,977.37,398.72,1125.18,386.21,753.50,315.40,1000.77,627.87,698.55,559.19,981.33,488.02
32.167,cam6,IDLE_RELAXED,MAIN_MONITOR_CENTER,-0.4323,896.60,329.72,832.46,314.45,902.66,287.63,924.83,309.14,977.39,398.70,1125.29,386.11,753.48,315.26,1000.78,627.83,698.56,559.14,981.35,488.00
32.200,cam6,IDLE_RELAXED,MAIN_MONITOR_CENTER,-0.4331,896.75,329.40,832.58,314.13,902.76,287.39,924.91,308.96,977.40,398.68,1125.41,386.01,753.47,315.11,1000.80,627.79,698.58,559.08,981.36,487.97
32.233,cam6,IDLE_RELAXED,MAIN_MONITOR_CENTER,-0.4339,896.89,329.09,832.70,313.80,902.87,287.12,924.99,308.76,977.41,398.66,1125.54,385.89,753.45,314.95,1000.82,627.74,698.59,559.02,981.38,487.94
32.267,cam6,IDLE_RELAXED,MAIN_MONITOR_CENTER,-0.4348,897.08,328.67,832.85,313.36,903.02,286.76,925.11,308.49,977.43,398.64,1125.71,385.74,753.43,314.73,1000.84,627.68,698.61,558.93,981.40,487.91
32.300,cam6,IDLE_RELAXED,MAIN_MONITOR_CENTER,-0.4357,897.28,328.15,833.01,312.83,903.22,286.29,925.26,308.14,977.44,398.61,1125.92,385.54,753.41,314.45,1000.87,627.60,698.63,558.83,981.41,487.89
32.333,cam6,IDLE_RELAXED,MAIN_MONITOR_CENTER,-0.4365,897.37,327.72,833.09,312.37,903.36,285.94,925.37,307.88,977.46,398.59,1126.08,385.39,753.39,314.24,1000.89,627.54,698.65,558.75,981.43,487.86
32.367,cam6,IDLE_RELAXED,MAIN_MONITOR_CENTER,-0.4373,897.63,327.18,833.29,311.85,903.54,285.51,925.51,307.56,977.47,398.56,1126.27,385.20,753.38,313.99,1000.92,627.47,698.67,558.65,981.45,487.83
32.400,cam6,IDLE_RELAXED,MAIN_MONITOR_CENTER,-0.4381,897.83,326.66,833.45,311.30,903.75,285.01,925.67,307.18,977.49,398.54,1126.50,384.99,753.36,313.69,1000.95,627.39,698.70,558.54,981.46,487.81
32.433,cam6,IDLE_RELAXED,MAIN_MONITOR_CENTER,-0.4389,897.96,326.05,833.57,310.67,903.96,284.50,925.83,306.81,977.50,398.51,1126.72,384.77,753.34,313.39,1000.98,627.30,698.73,558.43,981.48,487.78
32.467,cam6,IDLE_RELAXED,MAIN_MONITOR_CENTER,-0.4397,898.26,325.37,833.81,310.01,904.19,283.95,926.01,306.40,977.52,398.48,1126.96,384.53,753.32,313.06,1001.01,627.21,698.76,558.31,981.49,487.76
32.500,cam6,IDLE_RELAXED,MAIN_MONITOR_CENTER,-0.4406,898.55,324.67,834.04,309.30,904.43,283.36,926.19,305.96,977.54,398.45,1127.23,384.28,753.30,312.71,1001.05,627.11,698.79,558.18,981.51,487.73
32.533,cam6,IDLE_RELAXED,MAIN_MONITOR_CENTER,-0.4415,898.86,324.03,834.29,308.68,904.67,282.78,926.38,305.53,977.56,398.42,1127.48,384.03,753.28,312.36,1001.08,627.01,698.83,558.05,981.53,487.70
32.567,cam6,IDLE_RELAXED,MAIN_MONITOR_CENTER,-0.4424,899.21,323.36,834.57,308.04,904.91,282.20,926.57,305.09,977.58,398.39,1127.74,383.78,753.26,312.01,1001.11,626.91,698.87,557.92,981.55,487.67
32.600,cam6,IDLE_RELAXED,MAIN_MONITOR_CENTER,-0.4434,899.61,322.68,834.88,307.39,905.16,281.60,926.76,304.64,977.60,398.36,1128.01,383.52,753.24,311.65,1001.15,626.80,698.91,557.78,981.56,487.64
32.633,cam6,IDLE_RELAXED,MAIN_MONITOR_CENTER,-0.4442,899.85,321.96,835.09,306.65,905.42,280.99,926.95,304.19,977.62,398.33,1128.28,383.26,753.22,311.29,1001.18,626.70,698.95,557.64,981.58,487.61
32.667,cam6,IDLE_RELAXED,MAIN_MONITOR_CENTER,-0.4451,900.12,321.27,835.31,305.94,905.67,280.38,927.15,303.74,977.63,398.29,1128.55,382.99,753.20,310.93,1001.22,626.58,698.99,557.50,981.60,487.58
32.700,cam6,IDLE_RELAXED,MAIN_MONITOR_CENTER,-0.4460,900.36,320.56,835.51,305.23,905.93,279.77,927.35,303.28,977.65,398.26,1128.82,382.73,753.18,310.56,1001.25,626.47,699.03,557.36,981.62,487.55
32.733,cam6,IDLE_RELAXED,MAIN_MONITOR_CENTER,-0.4470,900.58,319.84,835.68,304.49,906.17,279.18,927.53,302.85,977.67,398.23,1129.08,382.47,753.17,310.21,1001.28,626.36,699.08,557.23,981.63,487.52
32.767,cam6,IDLE_RELAXED,MAIN_MONITOR_CENTER,-0.4479,900.72,319.17,835.81,303.78,906.41,278.61,927.72,302.42,977.69,398.20,1129.34,382.23,753.15,309.87,1001.32,626.25,699.12,557.09,981.65,487.49
32.800,cam6,IDLE_RELAXED,MAIN_MONITOR_CENTER,-0.4489,901.07,318.52,836.09,303.15,906.65,278.04,927.90,301.99,977.71,398.17,1129.60,381.98,753.13,309.52,1001.35,626.14,699.17,556.96,981.67,487.46
32.833,cam6,IDLE_RELAXED,MAIN_MONITOR_CENTER,-0.4498,901.26,317.92,836.25,302.51,906.87,277.52,928.07,301.61,977.73,398.14,1129.83,381.75,753.11,309.21,1001.38,626.04,699.21,556.83,981.69,487.43
32.867,cam6,IDLE_RELAXED,MAIN_MONITOR_CENTER,-0.4506,901.46,317.39,836.41,301.97,907.07,277.06,928.22,301.26,977.75,398.11,1130.05,381.55,753.09,308.93,1001.40,625.95,699.25,556.72,981.71,487.40
32.900,cam6,IDLE_RELAXED,MAIN_MONITOR_CENTER,-0.4515,901.73,316.78,836.62,301.40,907.28,276.55,928.39,300.89,977.76,398.09,1130.27,381.33,753.08,308.63,1001.43,625.85,699.29,556.60,981.72,487.37
32.933,cam6,IDLE_RELAXED,MAIN_MONITOR_CENTER,-0.4523,901.89,316.29,836.76,300.87,907.46,276.13,928.52,300.57,977.78,398.06,1130.47,381.15,753.06,308.37,1001.46,625.76,699.33,556.49,981.74,487.35
32.967,cam6,IDLE_RELAXED,MAIN_MONITOR_CENTER,-0.4531,902.07,315.88,836.90,300.48,907.61,275.78,928.64,300.31,977.79,398.04,1130.63,380.99,753.05,308.16,1001.48,625.68,699.36,556.40,981.75,487.32
33.000,cam6,IDLE_RELAXED,MAIN_MONITOR_CENTER,-0.4540,902.27,315.44,837.06,300.02,907.76,275.42,928.76,300.04,977.81,398.02,1130.80,380.84,753.03,307.94,1001.50,625.60,699.39,556.31,981.77,487.29
33.033,cam6,IDLE_RELAXED,MAIN_MONITOR_CENTER,-0.4549,902.34,315.15,837.12,299.73,907.85,275.19,928.83,299.87,977.82,398.00,1130.92,380.74,753.02,307.80,1001.51,625.55,699.42,556.24,981.79,487.26
33.067,cam6,IDLE_RELAXED,MAIN_MONITOR_CENTER,-0.4557,902.51,314.97,837.25,299.59,907.92,275.04,928.88,299.76,977.83,397.98,1131.00,380.68,753.01,307.71,1001.52,625.51,699.44,556.19,981.81,487.23
33.100,cam6,IDLE_RELAXED,MAIN_MONITOR_CENTER,-0.4566,902.51,314.92,837.25,299.51,907.95,274.97,928.91,299.70,977.84,397.96,1131.05,380.64,752.99,307.66,1001.53,625.48,699.45,556.16,981.82,487.21
33.133,cam6,IDLE_RELAXED,MAIN_MONITOR_CENTER,-0.4574,902.63,314.88,837.33,299.48,907.96,274.95,928.92,299.69,977.85,397.95,1131.08,380.64,752.98,307.64,1001.53,625.47,699.46,556.14,981.84,487.18
33.167,cam6,IDLE_RELAXED,MAIN_MONITOR_CENTER,-0.4581,902.67,314.85,837.36,299.47,907.97,274.93,928.92,299.67,977.86,397.94,1131.10,380.63,752.97,307.62,1001.54,625.45,699.46,556.12,981.85,487.16
33.200,cam6,IDLE_RELAXED,MAIN_MONITOR_CENTER,-0.4589,902.66,314.79,837.36,299.37,907.99,274.88,928.94,299.63,977.86,397.93,1131.14,380.61,752.96,307.59,1001.54,625.43,699.47,556.10,981.87,487.13
33.233,cam6,IDLE_RELAXED,MAIN_MONITOR_CENTER,-0.4597,902.59,314.85,837.29,299.43,907.97,274.94,928.92,299.68,977.87,397.92,1131.13,380.64,752.94,307.62,1001.54,625.43,699.47,556.10,981.88,487.10
33.267,cam6,IDLE_RELAXED,MAIN_MONITOR_CENTER,-0.4605,902.51,315.11,837.21,299.73,907.87,275.17,928.85,299.85,977.88,397.91,1131.06,380.74,752.93,307.75,1001.54,625.46,699.46,556.13,981.90,487.08
33.300,cam6,IDLE_RELAXED,MAIN_MONITOR_CENTER,-0.4612,902.47,315.17,837.18,299.78,907.86,275.21,928.84,299.88,977.88,397.91,1131.06,380.76,752.92,307.76,1001.54,625.45,699.46,556.12,981.91,487.06
33.333,cam6,IDLE_RELAXED,MAIN_MONITOR_CENTER,-0.4618,902.39,315.31,837.11,299.93,907.84,275.26,928.83,299.91,977.89,397.90,1131.06,380.78,752.91,307.79,1001.54,625.45,699.46,556.12,981.92,487.04
33.367,cam6,IDLE_RELAXED,MAIN_MONITOR_CENTER,-0.4624,902.30,315.42,837.02,300.06,907.80,275.35,928.80,299.98,977.89,397.89,1131.03,380.82,752.90,307.83,1001.54,625.46,699.46,556.13,981.94,487.02
33.400,cam6,IDLE_RELAXED,MAIN_MONITOR_CENTER,-0.4629,902.29,315.39,837.01,300.05,907.79,275.38,928.79,300.00,977.90,397.89,1131.03,380.83,752.89,307.85,1001.54,625.45,699.46,556.13,981.95,487.00
33.433,cam6,IDLE_RELAXED,MAIN_MONITOR_CENTER,-0.4634,902.36,315.48,837.06,300.15,907.76,275.44,928.77,300.05,977.90,397.88,1131.02,380.87,752.89,307.89,1001.54,625.46,699.46,556.13,981.95,486.99
33.467,cam6,IDLE_RELAXED,MAIN_MONITOR_CENTER,-0.4639,902.31,315.66,837.02,300.32,907.70,275.60,928.72,300.17,977.90,397.88,1130.97,380.93,752.88,307.97,1001.53,625.48,699.45,556.15,981.97,486.97
33.500,cam6,IDLE_RELAXED,MAIN_MONITOR_CENTER,-0.4644,902.27,315.77,836.98,300.43,907.67,275.67,928.70,300.22,977.91,397.87,1130.95,380.97,752.87,308.01,1001.53,625.48,699.44,556.16,981.98,486.95
33.533,cam6,IDLE_RELAXED,MAIN_MONITOR_CENTER,-0.4649,902.17,315.89,836.90,300.53,907.61,275.81,928.66,300.33,977.91,397.87,1130.91,381.03,752.86,308.09,1001.53,625.50,699.44,556.18,981.98,486.93
33.567,cam6,IDLE_RELAXED,MAIN_MONITOR_CENTER,-0.4655,902.06,316.03,836.81,300.64,907.58,275.89,928.63,300.39,977.91,397.86,1130.89,381.07,752.85,308.13,1001.53,625.51,699.43,556.19,982.00,486.92
33.600,cam6,IDLE_RELAXED,MAIN_MONITOR_CENTER,-0.4661,901.87,316.30,836.65,300.88,907.49,276.12,928.56,300.56,977.92,397.86,1130.81,381.17,752.85,308.26,1001.52,625.54,699.42,556.22,982.01,486.90
33.633,cam6,IDLE_RELAXED,MAIN_MONITOR_CENTER,-0.4666,901.83,316.51,836.61,301.12,907.42,276.28,928.51,300.67,977.92,397.86,1130.75,381.24,752.84,308.35,1001.51,625.56,699.41,556.25,982.02,486.88
33.667,cam6,IDLE_RELAXED,MAIN_MONITOR_CENTER,-0.4671,901.66,316.85,836.47,301.43,907.29,276.59,928.41,300.91,977.92,397.86,1130.64,381.37,752.83,308.53,1001.50,625.61,699.39,556.30,982.03,486.86
33.700,cam6,IDLE_RELAXED,MAIN_MONITOR_CENTER,-0.4678,901.41,317.37,836.26,301.96,907.10,277.05,928.27,301.25,977.92,397.87,1130.46,381.58,752.82,308.80,1001.48,625.68,699.36,556.39,982.04,486.84
33.733,cam6,IDLE_RELAXED,MAIN_MONITOR_CENTER,-0.4685,901.33,317.60,836.18,302.19,907.02,277.25,928.20,301.40,977.92,397.86,1130.40,381.67,752.81,308.91,1001.47,625.70,699.35,556.42,982.05,486.82
33.767,cam6,IDLE_RELAXED,MAIN_MONITOR_CENTER,-0.4693,901.15,317.98,836.03,302.58,906.88,277.58,928.10,301.65,977.93,397.86,1130.28,381.82,752.80,309.10,1001.46,625.75,699.33,556.47,982.07,486.79
33.800,cam6,IDLE_RELAXED,MAIN_MONITOR_CENTER,-0.4701,900.97,318.50,835.87,303.10,906.70,278.02,927.96,301.97,977.93,397.86,1130.12,382.01,752.79,309.35,1001.45,625.81,699.30,556.54,982.09,486.77
33.833,cam6,IDLE_RELAXED,MAIN_MONITOR_CENTER,-0.4709,900.80,318.95,835.73,303.55,906.55,278.39,927.85,302.24,977.93,397.86,1129.99,382.17,752.78,309.56,1001.43,625.86,699.28,556.61,982.10,486.74
33.867,cam6,IDLE_RELAXED,MAIN_MONITOR_CENTER,-0.4717,900.64,319.54,835.59,304.12,906.34,278.90,927.69,302.62,977.93,397.87,1129.81,382.39,752.77,309.85,1001.41,625.93,699.25,556.69,982.12,486.71
33.900,cam6,IDLE_RELAXED,MAIN_MONITOR_CENTER,-0.4725,900.34,320.11,835.33,304.68,906.14,279.37,927.54,302.97,977.93,397.87,1129.63,382.60,752.76,310.13,1001.39,626.00,699.22,556.78,982.13,486.69
33.933,cam6,IDLE_RELAXED,MAIN_MONITOR_CENTER,-0.4733,900.02,320.72,835.07,305.28,905.94,279.87,927.38,303.35,977.93,397.87,1129.45,382.82,752.75,310.41,1001.37,626.07,699.19,556.86,982.15,486.66
33.967,cam6,IDLE_RELAXED,MAIN_MONITOR_CENTER,-0.4741,899.88,321.33,834.94,305.93,905.74,280.34,927.24,303.69,977.93,397.88,1129.28,383.03,752.74,310.68,1001.35,626.14,699.16,556.94,982.16,486.64
34.000,cam6,IDLE_RELAXED,MAIN_MONITOR_CENTER,-0.4749,899.60,321.98,834.70,306.57,905.51,280.92,927.06,304.12,977.93,397.88,1129.06,383.28,752.73,311.01,1001.33,626.22,699.13,557.05,982.18,486.61
34.033,cam6,IDLE_RELAXED,MAIN_MONITOR_CENTER,-0.4756,899.33,322.59,834.47,307.16,905.29,281.45,926.89,304.52,977.93,397.89,1128.86,383.52,752.73,311.32,1001.31,626.30,699.10,557.14,982.19,486.59
34.067,cam6,IDLE_RELAXED,MAIN_MONITOR_CENTER,-0.4763,899.09,323.26,834.26,307.85,905.07,281.99,926.72,304.92,977.93,397.89,1128.66,383.75,752.72,311.63,1001.29,626.37,699.07,557.23,982.21,486.57
34.100,cam6,IDLE_RELAXED,MAIN_MONITOR_CENTER,-0.4770,898.67,323.99,833.92,308.55,904.82,282.59,926.53,305.37,977.92,397.90,1128.43,384.02,752.71,311.98,1001.26,626.46,699.03,557.34,982.22,486.54
34.133,cam6,IDLE_RELAXED,MAIN_MONITOR_CENTER,-0.4777,898.32,324.77,833.63,309.33,904.56,283.22,926.34,305.83,977.92,397.91,1128.19,384.29,752.71,312.34,1001.23,626.55,699.00,557.45,982.23,486.52
34.167,cam6,IDLE_RELAXED,MAIN_MONITOR_CENTER,-0.4785,898.15,325.50,833.47,310.09,904.30,283.85,926.14,306.31,977.92,397.92,1127.95,384.57,752.70,312.70,1001.21,626.63,698.97,557.56,982.25,486.49
34.200,cam6,IDLE_RELAXED,MAIN_MONITOR_CENTER,-0.4793,897.96,326.26,833.29,310.89,904.04,284.51,925.94,306.79,977.91,397.93,1127.71,384.85,752.70,313.08,1001.18,626.72,698.93,557.67,982.26,486.47
34.233,cam6,IDLE_RELAXED,MAIN_MONITOR_CENTER,-0.4800,897.70,326.99,833.07,311.63,903.77,285.15,925.74,307.27,977.91,397.94,1127.46,385.13,752.69,313.45,1001.15,626.81,698.90,557.78,982.28,486.44
34.267,cam6,IDLE_RELAXED,MAIN_MONITOR_CENTER,-0.4807,897.42,327.74,832.84,312.39,903.51,285.79,925.54,307.75,977.91,397.95,1127.22,385.41,752.69,313.82,1001.12,626.89,698.87,557.89,982.29,486.42
34.300,cam6,IDLE_RELAXED,MAIN_MONITOR_CENTER,-0.4813,897.06,328.43,832.54,313.06,903.26,286.43,925.34,308.22,977.90,397.96,1126.98,385.69,752.69,314.19,1001.09,626.98,698.84,558.00,982.30,486.40
34.333,cam6,IDLE_RELAXED,MAIN_MONITOR_CENTER,-0.4817,896.75,329.13,832.28,313.73,903.01,287.03,925.15,308.67,977.90,397.97,1126.75,385.95,752.69,314.54,1001.07,627.06,698.82,558.11,982.31,486.39
34.367,cam6,IDLE_RELAXED,MAIN_MONITOR_CENTER,-0.4822,896.48,329.88,832.06,314.46,902.76,287.64,924.97,309.12,977.89,397.98,1126.51,386.21,752.69,314.89,1001.04,627.14,698.79,558.22,982.32,486.37
34.400,cam6,IDLE_RELAXED,MAIN_MONITOR_CENTER,-0.4827,896.26,330.52,831.86,315.14,902.53,288.21,924.79,309.55,977.89,397.99,1126.30,386.46,752.69,315.21,1001.01,627.21,698.77,558.31,982.33,486.36
34.433,cam6,IDLE_RELAXED,MAIN_MONITOR_CENTER,-0.4831,896.04,331.18,831.68,315.82,902.31,288.75,924.62,309.95,977.88,398.00,1126.09,386.69,752.69,315.53,1000.99,627.28,698.74,558.41,982.34,486.34
34.467,cam6,IDLE_RELAXED,MAIN_MONITOR_CENTER,-0.4835,895.79,331.90,831.46,316.55,902.08,289.34,924.44,310.39,977.88,398.01,1125.86,386.95,752.69,315.87,1000.96,627.35,698.72,558.51,982.35,486.33
34.500,cam6,IDLE_RELAXED,MAIN_MONITOR_CENTER,-0.4840,895.48,332.51,831.21,317.14,901.87,289.86,924.28,310.78,977.88,398.02,1125.66,387.18,752.69,316.17,1000.94,627.42,698.70,558.59,982.36,486.31
34.533,cam6,IDLE_RELAXED,MAIN_MONITOR_CENTER,-0.4843,895.20,333.16,830.98,317.79,901.66,290.39,924.12,311.17,977.87,398.04,1125.46,387.40,752.69,316.47,1000.91,627.48,698.68,558.68,982.36,486.30
34.567,cam6,IDLE_RELAXED,MAIN_MONITOR_CENTER,-0.4845,895.13,333.70,830.90,318.38,901.47,290.85,923.98,311.52,977.87,398.05,1125.28,387.60,752.70,316.74,1000.89,627.54,698.67,558.76,982.37,486.30
34.600,cam6,IDLE_RELAXED,MAIN_MONITOR_CENTER,-0.4848,894.94,334.21,830.74,318.90,901.28,291.32,923.83,311.86,977.86,398.06,1125.10,387.80,752.70,317.01,1000.87,627.59,698.65,558.84,982.37,486.29
34.633,cam6,IDLE_RELAXED,MAIN_MONITOR_CENTER,-0.4848,894.77,334.67,830.60,319.34,901.12,291.73,923.71,312.17,977.85,398.07,1124.93,387.98,752.71,317.25,1000.85,627.65,698.64,558.91,982.37,486.29
34.667,cam6,IDLE_RELAXED,MAIN_MONITOR_CENTER,-0.4850,894.47,335.13,830.36,319.76,900.95,292.15,923.57,312.49,977.85,398.08,1124.77,388.16,752.71,317.50,1000.83,627.70,698.62,558.99,982.38,486.28
34.700,cam6,IDLE_RELAXED,MAIN_MONITOR_CENTER,-0.4851,894.32,335.52,830.24,320.17,900.80,292.52,923.46,312.76,977.84,398.09,1124.62,388.32,752.72,317.71,1000.81,627.74,698.61,559.05,982.38,486.28
34.733,cam6,IDLE_RELAXED,MAIN_MONITOR_CENTER,-0.4853,894.20,335.86,830.14,320.49,900.69,292.80,923.38,312.97,977.84,398.09,1124.51,388.44,752.72,317.88,1000.80,627.77,698.60,559.10,982.38,486.27
34.767,cam6,IDLE_RELAXED,MAIN_MONITOR_CENTER,-0.4853,894.06,336.22,830.02,320.87,900.56,293.13,923.28,313.22,977.84,398.10,1124.38,388.58,752.72,318.07,1000.78,627.81,698.59,559.15,982.38,486.27
34.800,cam6,IDLE_RELAXED,MAIN_MONITOR_CENTER,-0.4852,894.02,336.42,829.98,321.09,900.49,293.29,923.23,313.34,977.83,398.11,1124.32,388.65,752.73,318.16,1000.77,627.83,698.59,559.18,982.38,486.27
34.833,cam6,IDLE_RELAXED,MAIN_MONITOR_CENTER,-0.4852,893.94,336.60,829.92,321.26,900.42,293.48,923.17,313.48,977.83,398.12,1124.24,388.73,752.73,318.28,1000.76,627.86,698.58,559.22,982.38,486.28
34.867,cam6,IDLE_RELAXED,MAIN_MONITOR_CENTER,-0.4851,893.89,336.73,829.88,321.39,900.38,293.58,923.14,313.56,977.83,398.12,1124.20,388.77,752.73,318.33,1000.76,627.87,698.58,559.23,982.38,486.28
34.900,cam6,IDLE_RELAXED,MAIN_MONITOR_CENTER,-0.4851,893.75,336.90,829.77,321.55,900.33,293.71,923.10,313.65,977.83,398.12,1124.15,388.83,752.74,318.41,1000.75,627.89,698.58,559.26,982.38,486.28
34.933,cam6,IDLE_RELAXED,MAIN_MONITOR_CENTER,-0.4851,893.62,337.04,829.67,321.65,900.28,293.84,923.06,313.75,977.82,398.13,1124.10,388.88,752.74,318.48,1000.74,627.90,698.57,559.28,982.38,486.28
34.967,cam6,IDLE_RELAXED,MAIN_MONITOR_CENTER,-0.4851,893.55,337.24,829.62,321.84,900.21,294.00,923.01,313.87,977.82,398.13,1124.03,388.95,752.74,318.58,1000.74,627.92,698.57,559.31,982.38,486.28
35.000,cam6,IDLE_RELAXED,MAIN_MONITOR_CENTER,-0.4850,893.51,337.19,829.59,321.76,900.22,293.97,923.01,313.85,977.82,398.13,1124.04,388.94,752.74,318.57,1000.74,627.92,698.57,559.30,982.38,486.28
35.033,cam6,IDLE_RELAXED,MAIN_MONITOR_CENTER,-0.4849,893.46,337.14,829.56,321.69,900.22,293.98,923.01,313.86,977.82,398.14,1124.03,388.94,752.74,318.57,1000.74,627.92,698.57,559.31,982.37,486.29
35.067,cam6,IDLE_RELAXED,MAIN_MONITOR_CENTER,-0.4848,893.53,336.90,829.61,321.47,900.29,293.80,923.07,313.72,977.82,398.13,1124.10,388.87,752.74,318.47,1000.74,627.90,698.57,559.28,982.37,486.29
35.100,cam6,IDLE_RELAXED,MAIN_MONITOR_CENTER,-0.4846,893.54,336.95,829.61,321.55,900.28,293.84,923.05,313.75,977.82,398.14,1124.08,388.88,752.75,318.50,1000.74,627.91,698.57,559.29,982.37,486.29
35.133,cam6,IDLE_RELAXED,MAIN_MONITOR_CENTER,-0.4844,893.51,337.00,829.59,321.57,900.27,293.86,923.05,313.77,977.82,398.14,1124.07,388.89,752.75,318.51,1000.74,627.91,698.57,559.30,982.36,486.30
35.167,cam6,IDLE_RELAXED,MAIN_MONITOR_CENTER,-0.4842,893.51,337.09,829.59,321.69,900.24,293.94,923.02,313.83,977.81,398.15,1124.03,388.92,752.76,318.56,1000.73,627.93,698.57,559.31,982.36,486.31
35.200,cam6,IDLE_RELAXED,MAIN_MONITOR_CENTER,-0.4840,893.48,337.08,829.57,321.65,900.25,293.91,923.03,313.81,977.81,398.15,1124.04,388.91,752.76,318.54,1000.74,627.93,698.57,559.31,982.36,486.31
35.233,cam6,IDLE_RELAXED,MAIN_MONITOR_CENTER,-0.4838,893.62,337.00,829.68,321.63,900.27,293.86,923.05,313.77,977.81,398.15,1124.06,388.89,752.76,318.51,1000.74,627.92,698.57,559.31,982.35,486.32
35.267,cam6,IDLE_RELAXED,MAIN_MONITOR_CENTER,-0.4835,893.48,337.03,829.57,321.61,900.25,293.90,923.03,313.80,977.81,398.15,1124.03,388.90,752.77,318.54,1000.73,627.93,698.57,559.32,982.35,486.33
35.300,cam6,IDLE_RELAXED,CHAT_REGION,-0.4832,893.54,337.07,829.63,321.66,900.24,293.93,923.02,313.83,977.80,398.16,1124.01,388.92,752.77,318.56,1000.73,627.94,698.56,559.33,982.34,486.34
35.333,cam6,IDLE_RELAXED,CHAT_REGION,-0.4831,893.56,336.96,829.65,321.54,900.27,293.86,923.04,313.77,977.80,398.16,1124.04,388.89,752.77,318.52,1000.73,627.93,698.57,559.32,982.34,486.34
35.367,cam6,IDLE_RELAXED,CHAT_REGION,-0.4830,893.66,336.94,829.72,321.55,900.29,293.81,923.06,313.74,977.80,398.16,1124.06,388.87,752.77,318.50,1000.73,627.93,698.57,559.32,982.34,486.35
35.400,cam6,IDLE_RELAXED,CHAT_REGION,-0.4830,893.76,336.86,829.79,321.53,900.29,293.78,923.06,313.72,977.80,398.16,1124.06,388.86,752.77,318.49,1000.74,627.93,698.57,559.31,982.34,486.35
35.433,cam6,IDLE_RELAXED,CHAT_REGION,-0.4830,894.16,336.58,830.07,321.46,900.30,293.63,923.09,313.67,977.80,398.16,1124.09,388.83,752.77,318.44,1000.74,627.92,698.57,559.30,982.34,486.35
35.467,cam6,IDLE_RELAXED,CHAT_REGION,-0.4830,894.99,336.08,830.65,321.49,900.30,293.40,923.11,313.62,977.80,398.15,1124.12,388.80,752.77,318.40,1000.74,627.91,698.57,559.29,982.34,486.35
35.500,cam6,IDLE_RELAXED,CHAT_REGION,-0.4829,896.27,335.41,831.55,321.64,900.22,293.16,923.10,313.63,977.80,398.15,1124.11,388.80,752.77,318.41,1000.74,627.91,698.57,559.29,982.34,486.35
35.533,cam6,IDLE_RELAXED,CHAT_REGION,-0.4829,898.24,334.44,832.97,321.93,900.11,292.83,923.10,313.64,977.80,398.16,1124.11,388.81,752.77,318.42,1000.74,627.91,698.57,559.29,982.34,486.35
35.567,cam6,IDLE_RELAXED,CHAT_REGION,-0.4829,900.68,333.08,834.78,322.13,899.95,292.42,923.09,313.67,977.80,398.16,1124.09,388.83,752.77,318.44,1000.74,627.92,698.57,559.30,982.34,486.35
35.600,cam6,IDLE_RELAXED,CHAT_REGION,-0.4830,903.36,331.35,836.83,322.18,899.74,291.89,923.09,313.66,977.80,398.16,1124.10,388.82,752.77,318.44,1000.74,627.92,698.57,559.30,982.34,486.35
35.633,cam6,IDLE_RELAXED,CHAT_REGION,-0.4831,906.14,329.44,839.02,322.23,899.48,291.33,923.09,313.66,977.80,398.15,1124.10,388.82,752.77,318.44,1000.74,627.91,698.57,559.30,982.34,486.34
35.667,cam6,IDLE_RELAXED,CHAT_REGION,-0.4831,908.95,327.20,841.32,322.05,899.17,290.72,923.10,313.65,977.81,398.15,1124.11,388.81,752.77,318.42,1000.74,627.91,698.57,559.29,982.34,486.34
35.700,cam6,IDLE_RELAXED,CHAT_REGION,-0.4833,911.75,324.86,843.70,321.84,898.81,290.13,923.10,313.64,977.81,398.15,1124.12,388.81,752.77,318.42,1000.74,627.91,698.57,559.29,982.34,486.34
35.733,cam6,IDLE_RELAXED,CHAT_REGION,-0.4837,914.17,322.54,845.85,321.46,898.46,289.50,923.13,313.57,977.81,398.14,1124.16,388.77,752.76,318.36,1000.75,627.89,698.58,559.26,982.35,486.33
35.767,cam6,IDLE_RELAXED,CHAT_REGION,-0.4840,916.35,320.38,847.86,321.12,898.09,289.00,923.13,313.56,977.82,398.14,1124.18,388.77,752.75,318.35,1000.75,627.89,698.58,559.26,982.36,486.31
35.800,cam6,IDLE_RELAXED,CHAT_REGION,-0.4844,918.18,318.47,849.61,320.77,897.74,288.58,923.14,313.55,977.82,398.13,1124.19,388.76,752.74,318.34,1000.76,627.88,698.58,559.24,982.37,486.30
35.833,cam6,IDLE_RELAXED,CHAT_REGION,-0.4849,919.63,316.78,851.04,320.34,897.49,288.16,923.17,313.47,977.83,398.12,1124.24,388.72,752.74,318.27,1000.76,627.86,698.58,559.22,982.37,486.29
35.867,cam6,IDLE_RELAXED,CHAT_REGION,-0.4852,920.51,315.70,851.93,320.10,897.27,287.95,923.17,313.48,977.83,398.12,1124.25,388.73,752.73,318.28,1000.76,627.86,698.58,559.22,982.38,486.27
35.900,cam6,IDLE_RELAXED,CHAT_REGION,-0.4855,920.97,315.15,852.44,320.10,897.08,287.91,923.14,313.56,977.83,398.11,1124.21,388.77,752.73,318.34,1000.76,627.87,698.58,559.23,982.39,486.26
35.933,cam6,IDLE_RELAXED,CHAT_REGION,-0.4859,921.31,314.80,852.77,320.02,897.05,287.78,923.16,313.50,977.84,398.11,1124.25,388.74,752.72,318.29,1000.77,627.85,698.59,559.21,982.39,486.25
35.967,cam6,IDLE_RELAXED,CHAT_REGION,-0.4863,921.49,314.60,852.95,319.90,897.08,287.64,923.20,313.41,977.84,398.10,1124.31,388.69,752.71,318.21,1000.77,627.83,698.59,559.18,982.40,486.24
36.000,cam1,IDLE_RELAXED,CHAT_REGION,-0.4866,1005.02,256.84,941.53,264.45,947.58,295.02,953.92,369.56,957.93,610.39,1158.98,447.57,750.96,453.07,1145.74,634.24,774.14,634.37,960.00,773.06
36.033,cam1,IDLE_RELAXED,CHAT_REGION,-0.4870,1004.94,256.96,941.28,264.46,947.72,294.91,953.92,369.43,957.94,610.39,1159.05,447.45,750.89,452.95,1145.74,634.17,774.14,634.31,960.00,773.06
36.067,cam1,IDLE_RELAXED,CHAT_REGION,-0.4873,1004.89,257.13,941.07,264.48,947.85,294.84,953.92,369.33,957.94,610.39,1159.11,447.37,750.84,452.86,1145.75,634.13,774.14,634.25,960.00,773.05
36.100,cam1,IDLE_RELAXED,CHAT_REGION,-0.4877,1004.83,257.28,940.84,264.50,947.97,294.73,953.92,369.21,957.94,610.38,1159.18,447.27,750.78,452.75,1145.75,634.07,774.14,634.19,960.00,773.05
36.133,cam1,IDLE_RELAXED,CHAT_REGION,-0.4880,1004.71,257.33,940.55,264.46,948.09,294.55,953.92,369.03,957.94,610.38,1159.27,447.11,750.68,452.58,1145.76,633.99,774.14,634.10,960.00,773.04
36.167,cam1,IDLE_RELAXED,CHAT_REGION,-0.4883,1004.60,257.29,940.28,264.29,948.21,294.36,953.92,368.85,957.94,610.37,1159.37,446.96,750.59,452.41,1145.77,633.91,774.14,634.01,960.00,773.04
36.200,cam1,IDLE_RELAXED,CHAT_REGION,-0.4887,1004.63,257.24,940.19,264.11,948.32,294.14,953.92,368.64,957.94,610.36,1159.48,446.79,750.49,452.22,1145.78,633.82,774.14,633.91,960.00,773.03
36.233,cam1,IDLE_RELAXED,CHAT_REGION,-0.4890,1004.65,257.25,940.08,263.99,948.42,293.93,953.92,368.45,957.94,610.36,1159.59,446.62,750.39,452.04,1145.79,633.73,774.14,633.81,960.00,773.03
36.267,cam1,IDLE_RELAXED,CHAT_REGION,-0.4894,1004.60,257.12,939.89,263.72,948.52,293.67,953.92,368.21,957.94,610.35,1159.71,446.41,750.28,451.82,1145.80,633.62,774.14,633.69,960.00,773.03
36.300,cam1,IDLE_RELAXED,CHAT_REGION,-0.4897,1004.53,257.09,939.69,263.62,948.61,293.46,953.92,368.02,957.94,610.34,1159.82,446.25,750.18,451.64,1145.80,633.53,774.15,633.59,960.00,773.02
36.333,cam1,IDLE_RELAXED,CHAT_REGION,-0.4901,1004.42,256.96,939.45,263.40,948.70,293.21,953.93,367.79,957.94,610.33,1159.94,446.05,750.06,451.44,1145.81,633.43,774.15,633.48,960.00,773.02
36.367,cam1,IDLE_RELAXED,CHAT_REGION,-0.4905,1004.44,256.82,939.36,263.15,948.78,292.94,953.93,367.56,957.94,610.33,1160.06,445.85,749.95,451.22,1145.82,633.32,774.15,633.36,960.00,773.01
36.400,cam1,IDLE_RELAXED,CHAT_REGION,-0.4908,1004.37,256.67,939.17,262.89,948.86,292.66,953.93,367.31,957.94,610.32,1160.20,445.64,749.82,450.99,1145.82,633.20,774.16,633.23,960.00,773.01
36.433,cam1,IDLE_RELAXED,CHAT_REGION,-0.4912,1004.31,256.50,938.99,262.63,948.94,292.39,953.93,367.08,957.94,610.31,1160.32,445.44,749.71,450.77,1145.83,633.09,774.16,633.11,960.00,773.00
36.467,cam1,IDLE_RELAXED,CHAT_REGION,-0.4915,1004.21,256.24,938.78,262.31,949.01,292.10,953.93,366.83,957.94,610.30,1160.46,445.22,749.58,450.54,1145.83,632.97,774.17,632.98,960.00,773.00
36.500,cam1,IDLE_RELAXED,CHAT_REGION,-0.4919,1004.23,255.98,938.71,261.94,949.08,291.81,953.93,366.57,957.94,610.29,1160.59,445.00,749.46,450.31,1145.83,632.85,774.18,632.85,960.00,773.00
36.533,cam1,IDLE_RELAXED,CHAT_REGION,-0.4923,1004.26,255.76,938.67,261.65,949.14,291.51,953.93,366.32,957.94,610.28,1160.73,444.79,749.33,450.07,1145.84,632.73,774.19,632.71,960.00,772.99
36.567,cam1,IDLE_RELAXED,CHAT_REGION,-0.4929,1004.16,255.53,938.45,261.33,949.20,291.24,953.93,366.09,957.94,610.28,1160.86,444.58,749.21,449.85,1145.84,632.61,774.20,632.58,960.00,772.98
36.600,cam1,IDLE_RELAXED,CHAT_REGION,-0.4933,1004.17,255.33,938.38,261.03,949.26,290.96,953.93,365.85,957.94,610.27,1160.99,444.38,749.09,449.64,1145.84,632.50,774.21,632.45,960.00,772.98
36.633,cam1,IDLE_RELAXED,CHAT_REGION,-0.4937,1004.11,255.08,938.23,260.71,949.32,290.66,953.93,365.61,957.94,610.26,1161.13,444.16,748.96,449.40,1145.84,632.37,774.22,632.32,960.00,772.97
36.667,cam1,IDLE_RELAXED,CHAT_REGION,-0.4942,1004.16,254.85,938.21,260.41,949.37,290.40,953.93,365.38,957.94,610.25,1161.25,443.96,748.84,449.19,1145.84,632.26,774.24,632.19,960.00,772.97
36.700,cam1,IDLE_RELAXED,CHAT_REGION,-0.4946,1004.03,254.55,937.99,260.05,949.42,290.14,953.93,365.16,957.94,610.24,1161.37,443.77,748.73,448.99,1145.83,632.15,774.25,632.07,960.00,772.96
36.733,cam1,IDLE_RELAXED,CHAT_REGION,-0.4949,1004.01,254.26,937.89,259.69,949.46,289.87,953.93,364.94,957.94,610.24,1161.50,443.57,748.62,448.78,1145.83,632.04,774.26,631.95,960.00,772.96
36.767,cam1,IDLE_RELAXED,CHAT_REGION,-0.4952,1003.97,254.00,937.79,259.38,949.51,289.62,953.93,364.73,957.94,610.23,1161.61,443.39,748.51,448.58,1145.83,631.93,774.28,631.83,960.00,772.96
36.800,cam1,IDLE_RELAXED,CHAT_REGION,-0.4954,1003.97,253.73,937.73,259.04,949.55,289.35,953.93,364.50,957.94,610.22,1161.73,443.19,748.40,448.37,1145.83,631.82,774.29,631.71,960.00,772.95
36.833,cam1,IDLE_RELAXED,CHAT_REGION,-0.4957,1003.92,253.60,937.62,258.87,949.58,289.17,953.93,364.35,957.94,610.22,1161.81,443.06,748.32,448.23,1145.82,631.74,774.30,631.62,960.00,772.95
36.867,cam1,IDLE_RELAXED,CHAT_REGION,-0.4961,1003.96,253.39,937.61,258.60,949.62,288.98,953.93,364.19,957.94,610.21,1161.91,442.91,748.23,448.07,1145.82,631.65,774.31,631.53,960.00,772.95
36.900,cam1,IDLE_RELAXED,CHAT_REGION,-0.4965,1003.94,253.18,937.53,258.34,949.65,288.74,953.93,364.00,957.94,610.20,1162.01,442.75,748.13,447.89,1145.81,631.55,774.33,631.41,960.00,772.94
36.933,cam1,IDLE_RELAXED,CHAT_REGION,-0.4971,1003.92,253.10,937.46,258.22,949.68,288.62,953.93,363.89,957.94,610.20,1162.08,442.65,748.07,447.79,1145.81,631.48,774.34,631.34,960.00,772.93
36.967,cam1,IDLE_RELAXED,CHAT_REGION,-0.4976,1003.95,252.92,937.46,257.98,949.71,288.47,953.93,363.76,957.94,610.19,1162.16,442.54,748.00,447.67,1145.81,631.41,774.35,631.26,960.00,772.93
37.000,cam1,IDLE_RELAXED,CHAT_REGION,-0.4981,1003.92,252.85,937.39,257.89,949.74,288.35,953.93,363.67,957.94,610.19,1162.22,442.45,747.94,447.58,1145.80,631.35,774.36,631.20,960.00,772.92
37.033,cam1,IDLE_RELAXED,CHAT_REGION,-0.4986,1003.87,252.73,937.29,257.72,949.76,288.24,953.94,363.57,957.94,610.19,1162.29,442.36,747.88,447.49,1145.80,631.29,774.37,631.14,960.00,772.92
37.067,cam1,IDLE_RELAXED,CHAT_REGION,-0.4992,1003.84,252.59,937.23,257.57,949.78,288.15,953.94,363.50,957.94,610.18,1162.34,442.30,747.83,447.42,1145.80,631.25,774.38,631.08,960.00,772.91
37.100,cam1,IDLE_RELAXED,CHAT_REGION,-0.4996,1003.90,252.57,937.28,257.53,949.80,288.09,953.94,363.44,957.94,610.18,1162.38,442.25,747.79,447.36,1145.79,631.21,774.38,631.04,960.00,772.90
37.133,cam1,IDLE_RELAXED,CHAT_REGION,-0.5001,1003.83,252.60,937.17,257.54,949.82,288.06,953.94,363.41,957.94,610.18,1162.41,442.22,747.77,447.33,1145.79,631.18,774.39,631.02,960.00,772.90
37.167,cam1,IDLE_RELAXED,CHAT_REGION,-0.5006,1003.81,252.60,937.13,257.53,949.83,288.02,953.94,363.37,957.94,610.18,1162.43,442.19,747.74,447.30,1145.79,631.16,774.39,630.99,960.00,772.89
37.200,cam1,IDLE_RELAXED,CHAT_REGION,-0.5011,1003.69,252.71,936.99,257.67,949.84,288.12,953.94,363.44,957.94,610.18,1162.41,442.25,747.76,447.36,1145.79,631.18,774.39,631.01,960.00,772.89
37.233,cam1,IDLE_RELAXED,CHAT_REGION,-0.5018,1003.69,252.76,936.98,257.70,949.86,288.13,953.94,363.45,957.94,610.18,1162.43,442.25,747.75,447.37,1145.79,631.17,774.39,631.00,960.00,772.88
37.267,cam1,IDLE_RELAXED,CHAT_REGION,-0.5025,1003.62,252.84,936.88,257.78,949.87,288.18,953.94,363.48,957.94,610.18,1162.43,442.28,747.75,447.40,1145.79,631.17,774.39,631.00,960.00,772.87
37.300,cam1,IDLE_RELAXED,CHAT_REGION,-0.5033,1003.74,253.01,937.01,257.94,949.87,288.25,953.94,363.53,957.94,610.18,1162.42,442.32,747.75,447.45,1145.79,631.18,774.39,631.01,960.00,772.86
37.333,cam1,IDLE_RELAXED,CHAT_REGION,-0.5040,1003.62,253.04,936.86,257.98,949.88,288.26,953.94,363.54,957.94,610.18,1162.43,442.33,747.74,447.45,1145.79,631.17,774.39,631.00,960.00,772.85
37.367,cam1,IDLE_RELAXED,CHAT_REGION,-0.5047,1003.59,253.23,936.83,258.18,949.89,288.39,953.94,363.64,957.94,610.18,1162.40,442.42,747.77,447.55,1145.80,631.21,774.38,631.04,960.00,772.84
37.400,cam1,IDLE_RELAXED,CHAT_REGION,-0.5052,1003.62,253.23,936.87,258.21,949.89,288.40,953.94,363.64,957.94,610.18,1162.41,442.42,747.76,447.55,1145.80,631.20,774.38,631.03,960.00,772.84
37.433,cam1,IDLE_RELAXED,CHAT_REGION,-0.5058,1003.64,253.20,936.90,258.21,949.90,288.40,953.94,363.64,957.94,610.18,1162.42,442.42,747.75,447.54,1145.80,631.19,774.38,631.02,960.00,772.83
37.467,cam1,IDLE_RELAXED,CHAT_REGION,-0.5062,1003.55,253.23,936.80,258.25,949.90,288.44,953.94,363.68,957.94,610.18,1162.42,442.45,747.75,447.58,1145.80,631.19,774.38,631.03,960.00,772.82
37.500,cam1,IDLE_RELAXED,CHAT_REGION,-0.5067,1003.54,253.29,936.77,258.32,949.90,288.48,953.94,363.70,957.94,610.18,1162.42,442.47,747.76,447.60,1145.80,631.20,774.38,631.03,960.00,772.82
37.533,cam1,IDLE_RELAXED,CHAT_REGION,-0.5071,1003.44,253.34,936.65,258.31,949.90,288.53,953.94,363.75,957.94,610.19,1162.41,442.51,747.77,447.64,1145.80,631.21,774.38,631.04,960.00,772.81
37.567,cam1,IDLE_RELAXED,CHAT_REGION,-0.5075,1003.36,253.52,936.56,258.51,949.90,288.66,953.94,363.84,957.94,610.19,1162.37,442.59,747.80,447.73,1145.80,631.25,774.37,631.09,960.00,772.81
37.600,cam1,IDLE_RELAXED,CHAT_REGION,-0.5079,1003.36,253.62,936.56,258.61,949.90,288.71,953.94,363.89,957.94,610.19,1162.35,442.63,747.82,447.77,1145.80,631.26,774.37,631.10,960.00,772.80
37.633,cam1,IDLE_RELAXED,CHAT_REGION,-0.5082,1003.32,253.80,936.53,258.82,949.90,288.86,953.94,364.00,957.94,610.19,1162.30,442.73,747.86,447.87,1145.81,631.31,774.36,631.16,960.00,772.80
37.667,cam1,IDLE_RELAXED,CHAT_REGION,-0.5086,1003.33,253.93,936.54,258.94,949.89,288.97,953.94,364.09,957.94,610.20,1162.27,442.80,747.89,447.95,1145.81,631.35,774.36,631.19,960.00,772.80
37.700,cam1,IDLE_RELAXED,CHAT_REGION,-0.5090,1003.37,254.12,936.60,259.15,949.89,289.06,953.94,364.16,957.94,610.20,1162.24,442.87,747.92,448.03,1145.81,631.38,774.35,631.22,960.00,772.79
37.733,cam1,IDLE_RELAXED,CHAT_REGION,-0.5095,1003.33,254.28,936.55,259.30,949.89,289.18,953.94,364.25,957.94,610.20,1162.21,442.95,747.95,448.11,1145.81,631.41,774.34,631.26,960.00,772.78
37.767,cam1,IDLE_RELAXED,CHAT_REGION,-0.5100,1003.30,254.41,936.53,259.45,949.88,289.29,953.94,364.34,957.94,610.20,1162.17,443.02,747.98,448.19,1145.82,631.44,774.34,631.30,960.00,772.78
37.800,cam1,IDLE_RELAXED,CHAT_REGION,-0.5105,1003.22,254.63,936.46,259.72,949.87,289.48,953.94,364.49,957.94,610.21,1162.11,443.16,748.04,448.33,1145.82,631.51,774.33,631.37,960.00,772.77
37.833,cam1,IDLE_RELAXED,CHAT_REGION,-0.5110,1003.16,254.81,936.41,259.92,949.86,289.66,953.94,364.63,957.94,610.21,1162.05,443.28,748.10,448.46,1145.82,631.57,774.32,631.43,960.00,772.77
37.867,cam1,IDLE_RELAXED,CHAT_REGION,-0.5115,1003.18,255.03,936.46,260.17,949.86,289.85,953.94,364.78,957.94,610.22,1161.99,443.41,748.16,448.60,1145.83,631.63,774.31,631.50,960.00,772.76
37.900,cam1,IDLE_RELAXED,CHAT_REGION,-0.5120,1003.24,255.25,936.55,260.39,949.85,290.06,953.94,364.95,957.94,610.22,1161.91,443.56,748.22,448.76,1145.83,631.70,774.30,631.58,960.00,772.75
37.933,cam1,IDLE_RELAXED,CHAT_REGION,-0.5124,1003.23,255.51,936.58,260.70,949.83,290.28,953.94,365.13,957.94,610.23,1161.83,443.71,748.30,448.92,1145.83,631.77,774.29,631.66,960.00,772.75
37.967,cam1,IDLE_RELAXED,CHAT_REGION,-0.5129,1003.20,255.79,936.56,261.03,949.82,290.48,953.94,365.28,957.94,610.23,1161.77,443.85,748.36,449.07,1145.83,631.84,774.28,631.73,960.00,772.74
38.000,cam1,IDLE_RELAXED,CHAT_REGION,-0.5133,1003.18,256.11,936.58,261.42,949.81,290.73,953.94,365.48,957.94,610.24,1161.67,444.02,748.44,449.25,1145.84,631.93,774.27,631.83,960.00,772.74
38.033,cam1,IDLE_RELAXED,CHAT_REGION,-0.5137,1003.03,256.44,936.43,261.78,949.80,290.98,953.94,365.68,957.94,610.24,1161.59,444.20,748.53,449.44,1145.84,632.01,774.26,631.92,960.00,772.73
38.067,cam1,IDLE_RELAXED,CHAT_REGION,-0.5142,1002.99,256.76,936.43,262.18,949.79,291.25,953.94,365.90,957.94,610.25,1161.49,444.38,748.62,449.64,1145.84,632.10,774.25,632.02,960.00,772.73
38.100,cam1,IDLE_RELAXED,CHAT_REGION,-0.5147,1002.84,257.12,936.30,262.62,949.77,291.58,953.94,366.15,957.94,610.26,1161.37,444.60,748.72,449.87,1145.84,632.21,774.24,632.14,960.00,772.72
38.133,cam1,IDLE_RELAXED,CHAT_REGION,-0.5150,1002.84,257.47,936.34,263.05,949.76,291.86,953.94,366.37,957.94,610.27,1161.27,444.79,748.82,450.08,1145.84,632.30,774.23,632.24,960.00,772.72
38.167,cam1,IDLE_RELAXED,CHAT_REGION,-0.5153,1002.70,257.83,936.22,263.46,949.74,292.14,953.94,366.60,957.94,610.27,1161.16,444.99,748.92,450.29,1145.84,632.40,774.22,632.35,960.00,772.71
38.200,cam1,IDLE_RELAXED,CHAT_REGION,-0.5155,1002.71,258.15,936.26,263.82,949.73,292.42,953.94,366.82,957.94,610.28,1161.06,445.18,749.01,450.49,1145.84,632.50,774.21,632.45,960.00,772.71
38.233,cam1,IDLE_RELAXED,CHAT_REGION,-0.5156,1002.65,258.51,936.24,264.25,949.71,292.69,953.94,367.03,957.94,610.29,1160.96,445.36,749.11,450.68,1145.84,632.59,774.20,632.55,960.00,772.71
38.267,cam1,IDLE_RELAXED,CHAT_REGION,-0.5159,1002.63,258.87,936.25,264.63,949.69,292.96,953.94,367.25,957.94,610.29,1160.85,445.55,749.21,450.89,1145.84,632.68,774.19,632.66,960.00,772.71
38.300,cam1,IDLE_RELAXED,CHAT_REGION,-0.5160,1002.59,259.19,936.25,265.03,949.68,293.24,953.94,367.47,957.94,610.30,1160.75,445.74,749.31,451.09,1145.84,632.78,774.18,632.76,960.00,772.71
38.333,cam1,IDLE_RELAXED,CHAT_REGION,-0.5161,1002.52,259.49,936.21,265.38,949.66,293.52,953.94,367.69,957.94,610.31,1160.64,445.93,749.40,451.29,1145.84,632.87,774.18,632.86,960.00,772.70
38.367,cam1,IDLE_RELAXED,CHAT_REGION,-0.5162,1002.53,259.84,936.26,265.75,949.64,293.79,953.94,367.90,957.94,610.32,1160.54,446.11,749.50,451.49,1145.83,632.96,774.17,632.96,960.00,772.70
38.400,cam1,IDLE_RELAXED,CHAT_REGION,-0.5164,1002.43,260.14,936.17,266.09,949.63,294.07,953.94,368.12,957.94,610.32,1160.43,446.30,749.60,451.70,1145.83,633.06,774.17,633.07,960.00,772.70
38.433,cam1,IDLE_RELAXED,CHAT_REGION,-0.5165,1002.49,260.44,936.29,266.42,949.61,294.34,953.94,368.34,957.94,610.33,1160.33,446.48,749.70,451.89,1145.82,633.15,774.16,633.17,960.00,772.70
38.467,cam1,IDLE_RELAXED,CHAT_REGION,-0.5166,1002.43,260.77,936.25,266.80,949.59,294.60,953.94,368.55,957.94,610.34,1160.23,446.67,749.79,452.09,1145.82,633.24,774.16,633.26,960.00,772.70
38.500,cam1,IDLE_RELAXED,CHAT_REGION,-0.5167,1002.38,261.07,936.24,267.14,949.57,294.87,953.94,368.76,957.94,610.34,1160.13,446.84,749.89,452.28,1145.81,633.32,774.16,633.36,960.00,772.70
38.533,cam1,IDLE_RELAXED,CHAT_REGION,-0.5168,1002.39,261.35,936.30,267.48,949.56,295.12,953.94,368.97,957.94,610.35,1160.03,447.02,749.98,452.47,1145.81,633.41,774.15,633.45,960.00,772.70
38.567,cam1,IDLE_RELAXED,CHAT_REGION,-0.5171,1002.50,261.76,936.45,267.90,949.54,295.40,953.94,369.19,957.94,610.36,1159.93,447.21,750.07,452.67,1145.80,633.49,774.15,633.55,960.00,772.69
38.600,cam1,IDLE_RELAXED,CHAT_REGION,-0.5173,1002.52,262.01,936.50,268.17,949.52,295.62,953.94,369.36,957.94,610.36,1159.85,447.35,750.14,452.83,1145.80,633.56,774.15,633.62,960.00,772.69
38.633,cam1,IDLE_RELAXED,CHAT_REGION,-0.5175,1002.52,262.30,936.53,268.47,949.50,295.85,953.94,369.55,957.94,610.37,1159.76,447.51,750.23,453.00,1145.79,633.63,774.15,633.71,960.00,772.69
38.667,cam1,IDLE_RELAXED,CHAT_REGION,-0.5177,1002.53,262.63,936.58,268.83,949.48,296.11,953.94,369.76,957.94,610.37,1159.67,447.69,750.32,453.19,1145.78,633.72,774.15,633.80,960.00,772.68
38.700,cam1,IDLE_RELAXED,CHAT_REGION,-0.5180,1002.52,262.87,936.60,269.10,949.46,296.36,953.94,369.95,957.94,610.38,1159.58,447.85,750.40,453.37,1145.77,633.79,774.15,633.88,960.00,772.68
38.733,cam1,IDLE_RELAXED,CHAT_REGION,-0.5183,1002.56,263.19,936.69,269.46,949.45,296.59,953.94,370.14,957.94,610.39,1159.49,448.01,750.48,453.54,1145.77,633.86,774.15,633.96,960.00,772.68
38.767,cam1,IDLE_RELAXED,CHAT_REGION,-0.5186,1002.49,263.40,936.64,269.70,949.43,296.82,953.94,370.33,957.94,610.39,1159.41,448.17,750.55,453.71,1145.76,633.93,774.15,634.03,960.00,772.67
38.800,cam1,IDLE_RELAXED,CHAT_REGION,-0.5189,1002.48,263.59,936.66,269.95,949.41,297.02,953.94,370.49,957.94,610.40,1159.34,448.30,750.62,453.86,1145.75,633.99,774.15,634.10,960.00,772.67
38.833,cam1,IDLE_RELAXED,CHAT_REGION,-0.5192,1002.50,263.80,936.72,270.18,949.39,297.22,953.94,370.64,957.94,610.40,1159.27,448.44,750.69,454.00,1145.74,634.05,774.16,634.16,960.00,772.67
38.867,cam1,IDLE_RELAXED,CHAT_REGION,-0.5195,1002.48,263.94,936.73,270.35,949.37,297.37,953.94,370.77,957.94,610.41,1159.22,448.54,750.74,454.12,1145.74,634.09,774.16,634.21,960.00,772.66
38.900,cam1,IDLE_RELAXED,CHAT_REGION,-0.5198,1002.56,264.11,936.85,270.55,949.35,297.54,953.94,370.91,957.94,610.41,1159.16,448.66,750.79,454.24,1145.73,634.14,774.16,634.26,960.00,772.66
38.933,cam1,IDLE_RELAXED,CHAT_REGION,-0.5201,1002.60,264.17,936.92,270.65,949.34,297.63,953.94,370.98,957.94,610.41,1159.13,448.72,750.82,454.31,1145.73,634.16,774.16,634.29,960.00,772.66
38.967,cam1,IDLE_RELAXED,CHAT_REGION,-0.5204,1002.61,264.32,936.96,270.80,949.32,297.76,953.94,371.10,957.94,610.42,1159.09,448.81,750.86,454.41,1145.72,634.20,774.16,634.33,960.00,772.65
39.000,cam1,IDLE_RELAXED,CHAT_REGION,-0.5208,1002.63,264.48,936.98,270.96,949.30,297.89,953.94,371.20,957.94,610.42,1159.04,448.90,750.90,454.51,1145.72,634.23,774.16,634.37,960.00,772.65
39.033,cam1,IDLE_RELAXED,CHAT_REGION,-0.5211,1002.63,264.61,937.01,271.12,949.28,297.99,953.94,371.28,957.94,610.42,1159.01,448.97,750.93,454.58,1145.72,634.26,774.16,634.40,960.00,772.64
39.067,cam1,IDLE_RELAXED,CHAT_REGION,-0.5214,1002.60,264.70,936.99,271.23,949.27,298.11,953.94,371.38,957.94,610.42,1158.97,449.05,750.97,454.67,1145.71,634.29,774.17,634.44,960.00,772.64
39.100,cam1,IDLE_RELAXED,CHAT_REGION,-0.5217,1002.59,264.72,937.01,271.29,949.25,298.18,953.94,371.45,957.94,610.43,1158.95,449.11,750.99,454.73,1145.71,634.31,774.17,634.46,960.00,772.64
39.133,cam1,IDLE_RELAXED,CHAT_REGION,-0.5222,1002.69,264.77,937.14,271.35,949.23,298.24,953.94,371.50,957.94,610.43,1158.94,449.15,751.00,454.78,1145.71,634.32,774.17,634.47,960.00,772.63
39.167,cam1,IDLE_RELAXED,CHAT_REGION,-0.5227,1002.59,264.86,937.05,271.50,949.21,298.39,953.94,371.62,957.94,610.43,1158.89,449.25,751.04,454.89,1145.70,634.36,774.17,634.51,960.00,772.63
39.200,cam1,IDLE_RELAXED,CHAT_REGION,-0.5231,1002.60,264.82,937.08,271.48,949.20,298.37,953.94,371.62,957.94,610.43,1158.90,449.25,751.03,454.88,1145.70,634.35,774.17,634.50,960.00,772.62
39.233,cam1,IDLE_RELAXED,CHAT_REGION,-0.5234,1002.58,264.91,937.06,271.58,949.18,298.46,953.94,371.69,957.94,610.43,1158.87,449.31,751.06,454.95,1145.70,634.37,774.17,634.53,960.00,772.62
39.267,cam1,IDLE_RELAXED,CHAT_REGION,-0.5236,1002.57,264.82,937.06,271.52,949.16,298.43,953.94,371.68,957.94,610.43,1158.89,449.30,751.04,454.94,1145.70,634.36,774.17,634.51,960.00,772.61
39.300,cam1,IDLE_RELAXED,CHAT_REGION,-0.5239,1002.56,264.91,937.07,271.62,949.15,298.50,953.94,371.73,957.94,610.43,1158.87,449.34,751.07,454.99,1145.70,634.38,774.17,634.53,960.00,772.61
39.333,cam1,IDLE_RELAXED,CHAT_REGION,-0.5241,1002.54,264.88,937.05,271.60,949.13,298.48,953.94,371.73,957.94,610.43,1158.87,449.34,751.06,454.98,1145.70,634.38,774.17,634.53,960.00,772.61
39.367,cam1,IDLE_RELAXED,CHAT_REGION,-0.5243,1002.48,264.88,937.00,271.62,949.11,298.53,953.94,371.77,957.94,610.44,1158.86,449.38,751.07,455.02,1145.69,634.39,774.17,634.54,960.00,772.61
39.400,cam1,IDLE_RELAXED,CHAT_REGION,-0.5245,1002.54,264.76,937.07,271.50,949.10,298.48,953.94,371.74,957.94,610.43,1158.88,449.35,751.05,454.99,1145.70,634.37,774.17,634.52,960.00,772.60
39.433,cam1,IDLE_RELAXED,CHAT_REGION,-0.5246,1002.59,264.74,937.15,271.50,949.08,298.50,953.94,371.77,957.94,610.43,1158.87,449.37,751.06,455.02,1145.70,634.38,774.17,634.53,960.00,772.60
39.467,cam1,IDLE_RELAXED,CHAT_REGION,-0.5247,1002.64,264.74,937.22,271.52,949.07,298.52,953.94,371.79,957.94,610.44,1158.86,449.39,751.07,455.03,1145.69,634.38,774.17,634.54,960.00,772.60
39.500,cam1,IDLE_RELAXED,CHAT_REGION,-0.5248,1002.59,264.62,937.18,271.42,949.05,298.47,953.94,371.76,957.94,610.43,1158.88,449.36,751.05,455.01,1145.70,634.37,774.17,634.53,960.00,772.60
39.533,cam1,IDLE_RELAXED,CHAT_REGION,-0.5248,1002.56,264.43,937.14,271.24,949.04,298.39,953.94,371.70,957.94,610.43,1158.91,449.31,751.03,454.95,1145.70,634.35,774.17,634.50,960.00,772.60
39.567,cam1,IDLE_RELAXED,CHAT_REGION,-0.5248,1002.58,264.26,937.18,271.07,949.02,298.31,953.94,371.65,957.94,610.43,1158.93,449.27,751.00,454.91,1145.70,634.33,774.17,634.48,960.00,772.60
39.600,cam1,IDLE_RELAXED,CHAT_REGION,-0.5248,1002.59,264.27,937.20,271.09,949.00,298.34,953.94,371.68,957.94,610.43,1158.92,449.30,751.02,454.94,1145.70,634.34,774.17,634.49,960.00,772.60
39.633,cam1,IDLE_RELAXED,CHAT_REGION,-0.5249,1002.63,264.30,937.25,271.12,948.99,298.32,953.94,371.67,957.94,610.43,1158.92,449.29,751.01,454.93,1145.70,634.34,774.17,634.49,960.00,772.60
39.667,cam1,IDLE_RELAXED,CHAT_REGION,-0.5248,1002.59,264.07,937.21,270.89,948.97,298.25,953.94,371.62,957.94,610.43,1158.95,449.24,750.99,454.88,1145.70,634.32,774.17,634.46,960.00,772.60
39.700,cam1,IDLE_RELAXED,CHAT_REGION,-0.5249,1002.62,264.15,937.25,270.97,948.96,298.28,953.94,371.65,957.94,610.43,1158.93,449.27,751.00,454.91,1145.70,634.33,774.17,634.47,960.00,772.60
39.733,cam1,IDLE_RELAXED,CHAT_REGION,-0.5250,1002.66,264.10,937.30,270.94,948.94,298.25,953.94,371.63,957.94,610.43,1158.94,449.26,750.99,454.89,1145.70,634.32,774.17,634.47,960.00,772.60
39.767,cam1,IDLE_RELAXED,CHAT_REGION,-0.5251,1002.74,264.09,937.43,270.97,948.93,298.27,953.94,371.65,957.94,610.43,1158.94,449.27,751.00,454.91,1145.70,634.32,774.17,634.47,960.00,772.60
39.800,cam1,IDLE_RELAXED,CHAT_REGION,-0.5252,1002.81,264.01,937.54,270.92,948.91,298.25,953.94,371.64,957.94,610.43,1158.94,449.27,750.99,454.90,1145.70,634.32,774.17,634.47,960.00,772.59
39.833,cam1,IDLE_RELAXED,CHAT_REGION,-0.5252,1002.85,263.98,937.60,270.93,948.89,298.27,953.94,371.67,957.94,610.43,1158.93,449.29,751.00,454.93,1145.70,634.33,774.17,634.48,960.00,772.59
39.867,cam1,IDLE_RELAXED,CHAT_REGION,-0.5253,1002.87,263.91,937.62,270.85,948.88,298.23,953.94,371.64,957.94,610.43,1158.95,449.26,750.99,454.90,1145.70,634.32,774.17,634.46,960.00,772.59
39.900,cam1,IDLE_RELAXED,CHAT_REGION,-0.5254,1002.85,263.87,937.62,270.83,948.86,298.21,953.94,371.63,957.94,610.43,1158.95,449.25,750.98,454.89,1145.71,634.31,774.17,634.46,960.00,772.59
39.933,cam1,IDLE_RELAXED,CHAT_REGION,-0.5255,1002.88,263.69,937.66,270.67,948.85,298.10,953.94,371.56,957.94,610.43,1158.99,449.19,750.95,454.82,1145.71,634.28,774.17,634.42,960.00,772.59
39.967,cam1,IDLE_RELAXED,CHAT_REGION,-0.5258,1002.96,263.54,937.74,270.52,948.84,297.96,953.94,371.46,957.94,610.42,1159.05,449.11,750.89,454.73,1145.72,634.24,774.17,634.37,960.00,772.59
40.000,cam1,IDLE_RELAXED,CHAT_REGION,-0.5261,1003.05,263.39,937.86,270.39,948.82,297.83,953.94,371.36,957.94,610.42,1159.10,449.03,750.84,454.64,1145.72,634.19,774.16,634.33,960.00,772.58
40.033,cam1,IDLE_RELAXED,CHAT_REGION,-0.5265,1003.12,263.22,937.95,270.25,948.81,297.73,953.94,371.28,957.94,610.42,1159.15,448.96,750.80,454.57,1145.73,634.16,774.16,634.29,960.00,772.58
40.067,cam1,IDLE_RELAXED,CHAT_REGION,-0.5269,1003.20,263.02,938.04,270.07,948.80,297.58,953.94,371.18,957.94,610.41,1159.21,448.87,750.74,454.48,1145.73,634.11,774.16,634.23,960.00,772.57
40.100,cam1,IDLE_RELAXED,CHAT_REGION,-0.5272,1003.20,262.74,938.04,269.81,948.79,297.42,953.94,371.06,957.94,610.41,1159.28,448.77,750.68,454.37,1145.74,634.05,774.16,634.17,960.00,772.57
40.133,cam1,IDLE_RELAXED,CHAT_REGION,-0.5276,1003.22,262.53,938.06,269.60,948.77,297.26,953.94,370.94,957.94,610.41,1159.34,448.67,750.62,454.26,1145.75,634.00,774.16,634.11,960.00,772.57
40.167,cam1,IDLE_RELAXED,CHAT_REGION,-0.5280,1003.27,262.33,938.11,269.39,948.76,297.11,953.94,370.83,957.94,610.40,1159.41,448.58,750.56,454.16,1145.75,633.95,774.16,634.06,960.00,772.56
40.200,cam1,IDLE_RELAXED,CHAT_REGION,-0.5284,1003.34,261.99,938.18,269.04,948.75,296.86,953.94,370.65,957.94,610.40,1159.50,448.43,750.47,453.99,1145.76,633.87,774.15,633.97,960.00,772.56
40.233,cam1,IDLE_RELAXED,CHAT_REGION,-0.5289,1003.32,261.75,938.14,268.80,948.74,296.69,953.94,370.52,957.94,610.39,1159.58,448.32,750.40,453.87,1145.77,633.81,774.15,633.90,960.00,772.55
40.267,cam1,IDLE_RELAXED,CHAT_REGION,-0.5293,1003.38,261.41,938.20,268.47,948.73,296.47,953.94,370.36,957.94,610.39,1159.67,448.18,750.31,453.72,1145.78,633.74,774.15,633.82,960.00,772.55
40.300,cam1,IDLE_RELAXED,CHAT_REGION,-0.5297,1003.43,261.04,938.26,268.11,948.72,296.26,953.94,370.20,957.94,610.38,1159.75,448.05,750.23,453.58,1145.78,633.66,774.15,633.74,960.00,772.54
40.333,cam1,IDLE_RELAXED,CHAT_REGION,-0.5300,1003.51,260.71,938.35,267.78,948.71,296.03,953.94,370.03,957.94,610.37,1159.85,447.90,750.15,453.42,1145.79,633.59,774.15,633.66,960.00,772.54
40.367,cam1,IDLE_RELAXED,CHAT_REGION,-0.5303,1003.62,260.35,938.45,267.39,948.70,295.78,953.94,369.84,957.94,610.37,1159.94,447.74,750.05,453.25,1145.80,633.51,774.15,633.57,960.00,772.53
40.400,cam1,IDLE_RELAXED,CHAT_REGION,-0.5305,1003.70,259.95,938.55,266.99,948.69,295.51,953.94,369.64,957.94,610.36,1160.05,447.57,749.96,453.07,1145.81,633.42,774.16,633.47,960.00,772.53
40.433,cam1,IDLE_RELAXED,CHAT_REGION,-0.5307,1003.77,259.56,938.61,266.57,948.68,295.24,953.95,369.43,957.94,610.36,1160.15,447.40,749.86,452.87,1145.81,633.33,774.16,633.37,960.00,772.53
40.467,cam1,IDLE_RELAXED,CHAT_REGION,-0.5311,1003.70,259.12,938.51,266.15,948.67,294.96,953.95,369.23,957.94,610.35,1160.26,447.22,749.76,452.68,1145.82,633.24,774.16,633.27,960.00,772.52
40.500,cam1,IDLE_RELAXED,CHAT_REGION,-0.5316,1003.87,258.80,938.70,265.82,948.66,294.72,953.95,369.04,957.94,610.34,1160.37,447.06,749.66,452.51,1145.82,633.15,774.16,633.17,960.00,772.52
40.533,cam1,IDLE_RELAXED,CHAT_REGION,-0.5321,1003.85,258.46,938.65,265.46,948.65,294.45,953.95,368.84,957.94,610.33,1160.48,446.89,749.56,452.33,1145.83,633.06,774.17,633.07,960.00,772.51
40.567,cam1,IDLE_RELAXED,CHAT_REGION,-0.5325,1003.89,258.09,938.69,265.11,948.64,294.20,953.95,368.65,957.94,610.33,1160.58,446.73,749.46,452.15,1145.83,632.97,774.17,632.97,960.00,772.51
40.600,cam1,IDLE_RELAXED,CHAT_REGION,-0.5329,1003.91,257.66,938.71,264.68,948.63,293.93,953.95,368.45,957.94,610.32,1160.69,446.55,749.36,451.96,1145.84,632.87,774.18,632.86,960.00,772.50
40.633,cam1,IDLE_RELAXED,CHAT_REGION,-0.5332,1004.06,257.29,938.88,264.30,948.63,293.66,953.95,368.25,957.94,610.31,1160.80,446.38,749.26,451.78,1145.84,632.78,774.18,632.76,960.00,772.50
40.667,cam1,IDLE_RELAXED,CHAT_REGION,-0.5334,1004.11,256.94,938.91,263.93,948.62,293.39,953.95,368.04,957.94,610.31,1160.90,446.20,749.16,451.59,1145.84,632.69,774.19,632.66,960.00,772.50
40.700,cam1,IDLE_RELAXED,CHAT_REGION,-0.5336,1004.09,256.56,938.88,263.57,948.61,293.12,953.95,367.83,957.94,610.30,1161.01,446.02,749.06,451.39,1145.85,632.59,774.20,632.55,960.00,772.49
40.733,cam1,IDLE_RELAXED,CHAT_REGION,-0.5335,1004.12,256.24,938.89,263.26,948.60,292.85,953.95,367.63,957.94,610.29,1161.11,445.85,748.97,451.21,1145.85,632.50,774.20,632.46,960.00,772.49
40.767,cam1,IDLE_RELAXED,CHAT_REGION,-0.5335,1004.14,255.90,938.90,262.88,948.59,292.59,953.95,367.43,957.94,610.29,1161.21,445.68,748.87,451.03,1145.85,632.42,774.21,632.36,960.00,772.49
40.800,cam1,IDLE_RELAXED,CHAT_REGION,-0.5336,1004.13,255.50,938.85,262.46,948.59,292.30,953.95,367.21,957.94,610.28,1161.32,445.49,748.77,450.82,1145.85,632.32,774.22,632.25,960.00,772.49
40.833,cam1,IDLE_RELAXED,CHAT_REGION,-0.5337,1004.12,255.20,938.83,262.18,948.58,292.05,953.95,367.02,957.94,610.27,1161.42,445.33,748.68,450.64,1145.85,632.23,774.23,632.15,960.00,772.49
40.867,cam1,IDLE_RELAXED,CHAT_REGION,-0.5338,1004.20,254.83,938.91,261.79,948.57,291.80,953.95,366.83,957.94,610.27,1161.51,445.16,748.59,450.47,1145.85,632.14,774.24,632.06,960.00,772.49
40.900,cam1,IDLE_RELAXED,CHAT_REGION,-0.5339,1004.33,254.44,939.05,261.36,948.57,291.54,953.95,366.64,957.94,610.26,1161.61,445.00,748.50,450.29,1145.85,632.05,774.25,631.96,960.00,772.49
40.933,cam1,IDLE_RELAXED,CHAT_REGION,-0.5339,1004.33,254.14,939.03,261.04,948.56,291.32,953.95,366.47,957.94,610.26,1161.69,444.85,748.42,450.13,1145.85,631.97,774.26,631.88,960.00,772.49
40.967,cam1,IDLE_RELAXED,CHAT_REGION,-0.5338,1004.42,253.76,939.14,260.67,948.55,291.06,953.95,366.27,957.94,610.25,1161.79,444.68,748.33,449.95,1145.85,631.88,774.27,631.78,960.00,772.49
41.000,cam1,IDLE_RELAXED,CHAT_REGION,-0.5337,1004.47,253.51,939.19,260.41,948.54,290.86,953.95,366.12,957.94,610.24,1161.87,444.54,748.26,449.81,1145.84,631.81,774.28,631.70,960.00,772.49
41.033,cam1,IDLE_RELAXED,CHAT_REGION,-0.5335,1004.50,253.28,939.22,260.20,948.53,290.69,953.95,365.99,957.94,610.24,1161.92,444.43,748.21,449.69,1145.84,631.76,774.28,631.64,960.00,772.50
41.067,cam1,IDLE_RELAXED,CHAT_REGION,-0.5333,1004.55,252.99,939.28,259.89,948.53,290.49,953.95,365.84,957.94,610.23,1162.00,444.30,748.14,449.54,1145.84,631.69,774.29,631.57,960.00,772.50
41.100,cam1,IDLE_RELAXED,CHAT_REGION,-0.5331,1004.56,252.67,939.27,259.57,948.52,290.25,953.95,365.65,957.94,610.23,1162.08,444.14,748.06,449.38,1145.84,631.61,774.30,631.48,960.00,772.50
41.133,cam1,IDLE_RELAXED,CHAT_REGION,-0.5330,1004.63,252.41,939.36,259.32,948.51,290.07,953.95,365.52,957.94,610.22,1162.15,444.02,748.00,449.25,1145.83,631.55,774.31,631.41,960.00,772.50
41.167,cam1,IDLE_RELAXED,CHAT_REGION,-0.5329,1004.65,252.18,939.38,259.10,948.50,289.93,953.95,365.41,957.94,610.22,1162.20,443.93,747.95,449.15,1145.83,631.50,774.32,631.36,960.00,772.50
41.200,cam1,IDLE_RELAXED,CHAT_REGION,-0.5328,1004.71,252.03,939.46,258.98,948.49,289.82,953.95,365.34,957.94,610.22,1162.24,443.86,747.92,449.08,1145.83,631.46,774.32,631.32,960.00,772.50
41.233,cam1,IDLE_RELAXED,CHAT_REGION,-0.5328,1004.72,251.93,939.49,258.89,948.49,289.74,953.95,365.27,957.94,610.22,1162.27,443.81,747.89,449.02,1145.83,631.43,774.33,631.28,960.00,772.50
41.267,cam1,IDLE_RELAXED,CHAT_REGION,-0.5329,1004.75,251.89,939.51,258.82,948.48,289.68,953.95,365.23,957.94,610.21,1162.29,443.77,747.87,448.98,1145.83,631.41,774.33,631.26,960.00,772.50
41.300,cam1,IDLE_RELAXED,CHAT_REGION,-0.5329,1004.76,251.81,939.51,258.74,948.47,289.61,953.95,365.18,957.94,610.21,1162.32,443.73,747.84,448.93,1145.83,631.39,774.34,631.24,960.00,772.50
41.333,cam1,IDLE_RELAXED,CHAT_REGION,-0.5330,1004.79,251.70,939.57,258.65,948.46,289.59,953.95,365.17,957.94,610.21,1162.33,443.71,747.83,448.92,1145.83,631.38,774.34,631.22,960.00,772.50
41.367,cam1,IDLE_RELAXED,CHAT_REGION,-0.5330,1004.78,251.57,939.57,258.52,948.45,289.54,953.95,365.14,957.94,610.21,1162.34,443.69,747.82,448.89,1145.83,631.36,774.34,631.21,960.00,772.50
41.400,cam1,IDLE_RELAXED,CHAT_REGION,-0.5330,1004.78,251.37,939.58,258.33,948.44,289.45,953.95,365.06,957.94,610.21,1162.38,443.62,747.78,448.82,1145.82,631.33,774.34,631.17,960.00,772.50
41.433,cam1,IDLE_RELAXED,CHAT_REGION,-0.5330,1004.78,251.34,939.58,258.30,948.43,289.44,953.95,365.06,957.94,610.21,1162.38,443.62,747.78,448.82,1145.82,631.33,774.34,631.17,960.00,772.50
41.467,cam1,IDLE_RELAXED,CHAT_REGION,-0.5331,1004.77,251.28,939.57,258.24,948.42,289.44,953.95,365.06,957.94,610.21,1162.38,443.62,747.78,448.82,1145.82,631.33,774.34,631.17,960.00,772.50
41.500,cam1,IDLE_RELAXED,CHAT_REGION,-0.5332,1004.78,251.24,939.59,258.19,948.41,289.38,953.95,365.03,957.94,610.21,1162.40,443.59,747.76,448.79,1145.82,631.31,774.35,631.15,960.00,772.50
41.533,cam1,IDLE_RELAXED,CHAT_REGION,-0.5334,1004.82,251.19,939.64,258.12,948.40,289.38,953.95,365.03,957.94,610.21,1162.41,443.59,747.76,448.79,1145.82,631.30,774.35,631.14,960.00,772.50
41.567,cam1,IDLE_RELAXED,CHAT_REGION,-0.5336,1004.83,251.17,939.66,258.12,948.39,289.40,953.95,365.05,957.94,610.21,1162.40,443.61,747.76,448.81,1145.82,631.31,774.35,631.15,960.00,772.49
41.600,cam1,IDLE_RELAXED,CHAT_REGION,-0.5338,1004.88,251.15,939.74,258.10,948.38,289.41,953.95,365.06,957.94,610.21,1162.40,443.62,747.77,448.82,1145.82,631.31,774.35,631.15,960.00,772.49
41.633,cam1,IDLE_RELAXED,CHAT_REGION,-0.5338,1004.85,251.11,939.72,258.09,948.37,289.46,953.95,365.10,957.94,610.21,1162.38,443.65,747.78,448.85,1145.82,631.33,774.34,631.17,960.00,772.49
41.667,cam1,IDLE_RELAXED,CHAT_REGION,-0.5338,1004.87,250.94,939.75,257.93,948.36,289.36,953.95,365.02,957.94,610.21,1162.42,443.59,747.75,448.78,1145.82,631.29,774.35,631.13,960.00,772.49
41.700,cam1,IDLE_RELAXED,CHAT_REGION,-0.5337,1004.82,250.92,939.69,257.90,948.35,289.35,953.95,365.02,957.94,610.21,1162.42,443.58,747.75,448.78,1145.82,631.29,774.35,631.13,960.00,772.49
41.733,cam1,IDLE_RELAXED,CAMERA_LENS,-0.5337,1004.82,250.96,939.71,257.97,948.34,289.41,953.95,365.07,957.94,610.21,1162.39,443.63,747.77,448.83,1145.82,631.32,774.35,631.16,960.00,772.49
41.767,cam1,IDLE_RELAXED,CAMERA_LENS,-0.5335,1004.81,251.04,939.70,258.05,948.34,289.46,953.95,365.11,957.94,610.21,1162.37,443.66,747.79,448.86,1145.82,631.34,774.34,631.18,960.00,772.49
41.800,cam1,IDLE_RELAXED,CAMERA_LENS,-0.5333,1004.81,251.17,939.68,258.16,948.38,289.50,953.95,365.13,957.94,610.21,1162.36,443.68,747.81,448.88,1145.83,631.35,774.34,631.20,960.00,772.50
41.833,cam1,IDLE_RELAXED,CAMERA_LENS,-0.5330,1004.59,251.66,939.27,258.53,948.53,289.63,953.95,365.17,957.94,610.21,1162.32,443.72,747.84,448.92,1145.83,631.38,774.34,631.23,960.00,772.50
41.867,cam1,IDLE_RELAXED,CAMERA_LENS,-0.5328,1004.33,252.75,938.67,259.31,948.84,289.91,953.95,365.28,957.94,610.22,1162.27,443.81,747.89,449.02,1145.83,631.43,774.33,631.29,960.00,772.50
41.900,cam1,IDLE_RELAXED,CAMERA_LENS,-0.5327,1003.62,254.25,937.40,260.38,949.31,290.20,953.95,365.32,957.94,610.22,1162.24,443.85,747.91,449.06,1145.83,631.46,774.33,631.31,960.00,772.50
41.933,cam1,IDLE_RELAXED,CAMERA_LENS,-0.5326,1002.80,256.23,935.93,261.70,949.89,290.55,953.95,365.34,957.94,610.22,1162.23,443.87,747.92,449.08,1145.83,631.47,774.32,631.32,960.00,772.51
41.967,cam1,IDLE_RELAXED,CAMERA_LENS,-0.5326,1001.47,258.68,933.90,263.41,950.53,291.05,953.95,365.42,957.94,610.22,1162.19,443.93,747.96,449.15,1145.83,631.51,774.32,631.36,960.00,772.51
42.000,cam1,IDLE_RELAXED,CAMERA_LENS,-0.5325,999.82,261.30,931.58,265.07,951.17,291.55,953.95,365.44,957.94,610.22,1162.18,443.95,747.97,449.17,1145.83,631.52,774.32,631.38,960.00,772.51
42.033,cam1,IDLE_RELAXED,CAMERA_LENS,-0.5323,997.76,264.07,928.96,266.84,951.74,292.17,953.95,365.52,957.94,610.22,1162.13,444.02,748.02,449.25,1145.83,631.56,774.31,631.42,960.00,772.51
42.067,cam1,IDLE_RELAXED,CAMERA_LENS,-0.5321,995.49,266.79,926.29,268.60,952.22,292.80,953.95,365.61,957.94,610.23,1162.08,444.10,748.06,449.34,1145.84,631.61,774.30,631.48,960.00,772.51
42.100,cam1,IDLE_RELAXED,CAMERA_LENS,-0.5318,993.21,269.26,923.76,270.18,952.58,293.42,953.95,365.71,957.94,610.23,1162.02,444.19,748.12,449.43,1145.84,631.66,774.30,631.53,960.00,772.52
42.133,cam1,IDLE_RELAXED,CAMERA_LENS,-0.5316,991.17,271.35,921.58,271.53,952.83,293.95,953.95,365.81,957.94,610.23,1161.97,444.28,748.17,449.52,1145.84,631.71,774.29,631.59,960.00,772.52
42.167,cam1,IDLE_RELAXED,CAMERA_LENS,-0.5314,989.47,273.00,919.84,272.60,952.98,294.42,953.95,365.93,957.94,610.24,1161.90,444.38,748.23,449.64,1145.84,631.77,774.28,631.65,960.00,772.52
42.200,cam1,IDLE_RELAXED,CAMERA_LENS,-0.5311,988.38,274.20,918.76,273.41,953.07,294.86,953.95,366.11,957.94,610.25,1161.81,444.54,748.32,449.80,1145.84,631.86,774.27,631.75,960.00,772.52
42.233,cam1,IDLE_RELAXED,CAMERA_LENS,-0.5309,987.78,274.89,918.18,273.93,953.11,295.12,953.95,366.24,957.94,610.25,1161.74,444.65,748.38,449.92,1145.85,631.93,774.26,631.82,960.00,772.53
42.267,cam1,IDLE_RELAXED,CAMERA_LENS,-0.5306,987.56,275.14,917.97,274.15,953.11,295.30,953.95,366.35,957.94,610.25,1161.67,444.75,748.44,450.03,1145.85,631.98,774.26,631.89,960.00,772.53
42.300,cam1,IDLE_RELAXED,CAMERA_LENS,-0.5304,987.49,275.43,917.93,274.43,953.11,295.49,953.95,366.50,957.94,610.26,1161.59,444.88,748.52,450.17,1145.85,632.06,774.25,631.97,960.00,772.53
42.333,cam1,IDLE_RELAXED,CAMERA_LENS,-0.5302,987.50,275.78,917.95,274.77,953.11,295.72,953.95,366.67,957.94,610.26,1161.50,445.03,748.60,450.33,1145.85,632.14,774.24,632.06,960.00,772.53
42.367,cam1,IDLE_RELAXED,CAMERA_LENS,-0.5300,987.51,275.99,917.98,274.99,953.11,295.91,953.95,366.81,957.94,610.27,1161.43,445.15,748.67,450.46,1145.85,632.21,774.23,632.13,960.00,772.54
42.400,cam1,IDLE_RELAXED,CAMERA_LENS,-0.5298,987.46,276.29,917.95,275.30,953.11,296.10,953.95,366.96,957.94,610.27,1161.35,445.27,748.74,450.59,1145.85,632.27,774.22,632.21,960.00,772.54
42.433,cam1,IDLE_RELAXED,CAMERA_LENS,-0.5297,987.45,276.54,917.96,275.55,953.11,296.28,953.95,367.10,957.94,610.28,1161.28,445.40,748.81,450.72,1145.85,632.34,774.22,632.28,960.00,772.54
42.467,cam1,IDLE_RELAXED,CAMERA_LENS,-0.5296,987.44,276.81,917.96,275.82,953.11,296.48,953.95,367.24,957.94,610.28,1161.20,445.52,748.88,450.86,1145.85,632.41,774.21,632.35,960.00,772.54
42.500,cam1,IDLE_RELAXED,CAMERA_LENS,-0.5295,987.38,277.13,917.93,276.16,953.11,296.71,953.95,367.42,957.94,610.29,1161.12,445.67,748.96,451.02,1145.85,632.49,774.20,632.44,960.00,772.54
42.533,cam1,IDLE_RELAXED,CAMERA_LENS,-0.5295,987.27,277.38,917.84,276.44,953.11,296.91,953.95,367.57,957.94,610.29,1161.04,445.80,749.03,451.16,1145.85,632.56,774.20,632.51,960.00,772.54
42.567,cam1,IDLE_RELAXED,CAMERA_LENS,-0.5293,987.22,277.72,917.81,276.75,953.11,297.11,953.95,367.72,957.94,610.30,1160.96,445.93,749.11,451.30,1145.85,632.63,774.19,632.59,960.00,772.55
42.600,cam1,IDLE_RELAXED,CAMERA_LENS,-0.5292,987.15,277.97,917.75,276.99,953.11,297.33,953.95,367.88,957.94,610.31,1160.88,446.08,749.19,451.45,1145.84,632.70,774.19,632.67,960.00,772.55
42.633,cam1,IDLE_RELAXED,CAMERA_LENS,-0.5290,987.16,278.26,917.78,277.30,953.11,297.56,953.95,368.06,957.94,610.31,1160.79,446.22,749.27,451.61,1145.84,632.78,774.18,632.76,960.00,772.55
42.667,cam1,IDLE_RELAXED,CAMERA_LENS,-0.5288,987.23,278.49,917.88,277.50,953.11,297.76,953.95,368.21,957.94,610.32,1160.70,446.36,749.35,451.75,1145.84,632.85,774.18,632.84,960.00,772.55
42.700,cam1,IDLE_RELAXED,CAMERA_LENS,-0.5286,987.21,278.77,917.88,277.77,953.11,297.98,953.95,368.37,957.94,610.32,1160.62,446.49,749.43,451.90,1145.84,632.92,774.17,632.92,960.00,772.55
42.733,cam1,IDLE_RELAXED,CAMERA_LENS,-0.5284,987.22,279.01,917.91,278.01,953.11,298.19,953.95,368.54,957.94,610.33,1160.53,446.63,749.51,452.05,1145.83,633.00,774.17,633.00,960.00,772.56
42.767,cam1,IDLE_RELAXED,CAMERA_LENS,-0.5282,987.21,279.35,917.92,278.35,953.11,298.41,953.95,368.70,957.94,610.33,1160.45,446.78,749.59,452.21,1145.83,633.07,774.17,633.09,960.00,772.56
42.800,cam1,IDLE_RELAXED,CAMERA_LENS,-0.5280,987.23,279.61,917.96,278.62,953.11,298.63,953.95,368.87,957.94,610.34,1160.36,446.92,749.67,452.36,1145.82,633.15,774.16,633.17,960.00,772.56
42.833,cam1,IDLE_RELAXED,CAMERA_LENS,-0.5278,987.15,279.90,917.90,278.90,953.11,298.85,953.95,369.04,957.94,610.34,1160.28,447.06,749.75,452.51,1145.82,633.22,774.16,633.25,960.00,772.56
42.867,cam1,IDLE_RELAXED,CAMERA_LENS,-0.5275,987.18,280.20,917.94,279.23,953.11,299.06,953.95,369.19,957.94,610.35,1160.19,447.19,749.83,452.66,1145.82,633.29,774.16,633.33,960.00,772.57
42.900,cam1,IDLE_RELAXED,CAMERA_LENS,-0.5272,987.13,280.52,917.92,279.53,953.11,299.25,953.95,369.33,957.94,610.35,1160.11,447.32,749.90,452.79,1145.81,633.36,774.16,633.40,960.00,772.57
42.933,cam1,IDLE_RELAXED,CAMERA_LENS,-0.5269,987.20,280.78,918.01,279.83,953.11,299.47,953.95,369.50,957.94,610.36,1160.03,447.45,749.98,452.94,1145.81,633.43,774.15,633.48,960.00,772.57
42.967,cam1,IDLE_RELAXED,CAMERA_LENS,-0.5266,987.16,281.06,917.99,280.11,953.10,299.66,953.95,369.64,957.94,610.36,1159.95,447.58,750.05,453.07,1145.80,633.50,774.15,633.55,960.00,772.58
43.000,cam1,IDLE_RELAXED,CAMERA_LENS,-0.5262,987.22,281.30,918.06,280.34,953.10,299.84,953.95,369.78,957.94,610.37,1159.87,447.69,750.12,453.20,1145.79,633.56,774.15,633.62,960.00,772.58
43.033,cam1,IDLE_RELAXED,CAMERA_LENS,-0.5258,987.22,281.50,918.08,280.55,953.10,299.99,953.95,369.89,957.94,610.37,1159.81,447.79,750.19,453.30,1145.79,633.61,774.15,633.68,960.00,772.59
43.067,cam1,IDLE_RELAXED,CAMERA_LENS,-0.5254,987.29,281.79,918.17,280.86,953.10,300.15,953.95,370.01,957.94,610.38,1159.74,447.89,750.25,453.41,1145.78,633.67,774.15,633.75,960.00,772.59
43.100,cam1,IDLE_RELAXED,CAMERA_LENS,-0.5250,987.23,282.02,918.12,281.09,953.10,300.29,953.95,370.11,957.94,610.38,1159.68,447.98,750.31,453.51,1145.78,633.72,774.15,633.80,960.00,772.60
43.133,cam1,IDLE_RELAXED,CAMERA_LENS,-0.5247,987.16,282.32,918.07,281.37,953.10,300.49,953.94,370.27,957.94,610.39,1159.60,448.11,750.39,453.65,1145.77,633.79,774.15,633.88,960.00,772.60
43.167,cam1,IDLE_RELAXED,CAMERA_LENS,-0.5244,987.17,282.37,918.09,281.44,953.10,300.58,953.94,370.33,957.94,610.39,1159.56,448.16,750.42,453.71,1145.77,633.82,774.15,633.91,960.00,772.60
43.200,cam1,IDLE_RELAXED,CAMERA_LENS,-0.5241,987.09,282.50,918.03,281.58,953.10,300.71,953.94,370.43,957.94,610.39,1159.50,448.25,750.47,453.80,1145.76,633.86,774.15,633.96,960.00,772.61
43.233,cam1,IDLE_RELAXED,CAMERA_LENS,-0.5239,987.13,282.62,918.08,281.72,953.10,300.83,953.94,370.52,957.94,610.39,1159.46,448.32,750.52,453.88,1145.76,633.90,774.15,634.00,960.00,772.61
43.267,cam1,IDLE_RELAXED,CAMERA_LENS,-0.5238,987.22,282.84,918.18,281.96,953.10,300.97,953.94,370.62,957.94,610.40,1159.40,448.41,750.57,453.98,1145.76,633.95,774.15,634.05,960.00,772.61
43.300,cam1,IDLE_RELAXED,CAMERA_LENS,-0.5237,987.21,282.96,918.18,282.09,953.10,301.07,953.94,370.70,957.94,610.40,1159.36,448.47,750.61,454.05,1145.75,633.98,774.16,634.09,960.00,772.61
43.333,cam1,IDLE_RELAXED,CAMERA_LENS,-0.5235,987.26,283.20,918.24,282.34,953.10,301.20,953.94,370.80,957.94,610.40,1159.31,448.56,750.66,454.14,1145.75,634.02,774.16,634.14,960.00,772.62
43.367,cam1,IDLE_RELAXED,CAMERA_LENS,-0.5233,987.20,283.26,918.19,282.43,953.10,301.25,953.94,370.83,957.94,610.41,1159.29,448.59,750.68,454.17,1145.74,634.04,774.16,634.16,960.00,772.62
43.400,cam1,IDLE_RELAXED,CAMERA_LENS,-0.5230,987.11,283.35,918.11,282.50,953.10,301.29,953.94,370.87,957.94,610.41,1159.26,448.62,750.70,454.20,1145.74,634.06,774.16,634.18,960.00,772.62
43.433,cam1,IDLE_RELAXED,CAMERA_LENS,-0.5228,987.19,283.44,918.19,282.58,953.10,301.37,953.94,370.92,957.94,610.41,1159.23,448.67,750.73,454.26,1145.74,634.09,774.16,634.21,960.00,772.62
43.467,cam1,IDLE_RELAXED,CAMERA_LENS,-0.5226,987.22,283.52,918.23,282.66,953.10,301.41,953.94,370.96,957.94,610.41,1159.21,448.70,750.75,454.29,1145.74,634.10,774.16,634.23,960.00,772.63
43.500,cam1,IDLE_RELAXED,CAMERA_LENS,-0.5224,987.21,283.57,918.22,282.69,953.10,301.45,953.94,370.99,957.94,610.41,1159.19,448.72,750.77,454.31,1145.73,634.12,774.16,634.24,960.00,772.63
43.533,cam1,IDLE_RELAXED,CAMERA_LENS,-0.5222,987.18,283.49,918.19,282.62,953.10,301.42,953.94,370.96,957.94,610.41,1159.20,448.70,750.76,454.29,1145.73,634.11,774.16,634.24,960.00,772.63
43.567,cam1,IDLE_RELAXED,CAMERA_LENS,-0.5218,987.09,283.63,918.11,282.76,953.10,301.50,953.94,371.03,957.94,610.41,1159.16,448.75,750.80,454.35,1145.73,634.15,774.16,634.27,960.00,772.64
43.600,cam1,IDLE_RELAXED,CAMERA_LENS,-0.5215,987.05,283.49,918.08,282.61,953.10,301.43,953.94,370.97,957.94,610.41,1159.18,448.70,750.78,454.30,1145.73,634.13,774.16,634.25,960.00,772.64
43.633,cam1,IDLE_RELAXED,CAMERA_LENS,-0.5212,987.06,283.46,918.07,282.58,953.10,301.36,953.94,370.92,957.94,610.41,1159.19,448.66,750.76,454.25,1145.74,634.11,774.16,634.24,960.00,772.64
43.667,cam1,IDLE_RELAXED,CAMERA_LENS,-0.5210,987.10,283.53,918.12,282.62,953.10,301.40,953.94,370.95,957.94,610.41,1159.17,448.69,750.78,454.28,1145.73,634.13,774.16,634.26,960.00,772.65
43.700,cam1,IDLE_RELAXED,CAMERA_LENS,-0.5208,987.17,283.50,918.19,282.57,953.10,301.32,953.94,370.89,957.94,610.41,1159.20,448.64,750.76,454.22,1145.74,634.11,774.16,634.23,960.00,772.65
43.733,cam1,IDLE_RELAXED,CAMERA_LENS,-0.5208,987.09,283.43,918.11,282.49,953.10,301.32,953.94,370.88,957.94,610.41,1159.20,448.63,750.76,454.22,1145.74,634.11,774.16,634.23,960.00,772.65
43.767,cam1,IDLE_RELAXED,CAMERA_LENS,-0.5207,987.03,283.36,918.05,282.41,953.10,301.27,953.94,370.85,957.94,610.41,1159.22,448.60,750.74,454.19,1145.74,634.10,774.16,634.22,960.00,772.65
43.800,cam1,IDLE_RELAXED,CAMERA_LENS,-0.5206,987.07,283.53,918.10,282.59,953.10,301.37,953.94,370.92,957.94,610.41,1159.18,448.67,750.78,454.26,1145.73,634.13,774.16,634.25,960.00,772.65
43.833,cam1,IDLE_RELAXED,CAMERA_LENS,-0.5204,987.09,283.56,918.12,282.61,953.10,301.38,953.94,370.94,957.94,610.41,1159.16,448.68,750.79,454.27,1145.73,634.14,774.16,634.26,960.00,772.65
43.867,cam1,IDLE_RELAXED,CAMERA_LENS,-0.5202,987.11,283.60,918.14,282.66,953.10,301.40,953.94,370.95,957.94,610.41,1159.15,448.69,750.80,454.28,1145.73,634.15,774.16,634.27,960.00,772.66
43.900,cam1,IDLE_RELAXED,CAMERA_LENS,-0.5200,987.11,283.57,918.14,282.64,953.10,301.41,953.94,370.95,957.94,610.41,1159.15,448.69,750.81,454.29,1145.73,634.15,774.16,634.28,960.00,772.66
43.933,cam1,IDLE_RELAXED,CAMERA_LENS,-0.5200,987.07,283.52,918.11,282.60,953.10,301.40,953.94,370.95,957.94,610.41,1159.15,448.69,750.81,454.28,1145.73,634.15,774.16,634.28,960.00,772.66
43.967,cam1,IDLE_RELAXED,SECONDARY_MONITOR,-0.5200,987.12,283.51,918.16,282.57,953.10,301.43,953.94,370.97,957.94,610.41,1159.14,448.71,750.82,454.30,1145.73,634.16,774.16,634.29,960.00,772.66
44.000,cam1,IDLE_RELAXED,SECONDARY_MONITOR,-0.5200,987.09,283.34,918.11,282.40,953.10,301.33,953.94,370.89,957.94,610.41,1159.18,448.64,750.78,454.23,1145.73,634.13,774.16,634.25,960.00,772.66
44.033,cam1,IDLE_RELAXED,SECONDARY_MONITOR,-0.5200,987.05,283.30,918.08,282.38,953.10,301.30,953.94,370.87,957.94,610.41,1159.19,448.62,750.77,454.21,1145.74,634.12,774.16,634.24,960.00,772.66
44.067,cam1,IDLE_RELAXED,SECONDARY_MONITOR,-0.5200,986.85,283.05,917.87,282.11,953.11,301.16,953.94,370.78,957.94,610.41,1159.23,448.55,750.73,454.13,1145.74,634.08,774.16,634.20,960.00,772.66
44.100,cam1,IDLE_RELAXED,SECONDARY_MONITOR,-0.5200,986.25,282.80,917.28,281.67,953.16,301.04,953.94,370.74,957.94,610.40,1159.25,448.51,750.71,454.09,1145.74,634.07,774.16,634.18,960.00,772.66
44.133,cam1,IDLE_RELAXED,SECONDARY_MONITOR,-0.5200,985.03,282.39,916.09,280.85,953.25,300.77,953.94,370.64,957.94,610.40,1159.30,448.43,750.67,454.00,1145.75,634.03,774.15,634.14,960.00,772.66
44.167,cam1,IDLE_RELAXED,SECONDARY_MONITOR,-0.5200,983.18,281.79,914.36,279.62,953.40,300.47,953.94,370.57,957.94,610.40,1159.33,448.37,750.64,453.94,1145.75,634.00,774.15,634.11,960.00,772.66
44.200,cam1,IDLE_RELAXED,SECONDARY_MONITOR,-0.5201,980.68,280.96,912.07,277.89,953.64,300.00,953.94,370.43,957.94,610.39,1159.40,448.25,750.57,453.81,1145.76,633.94,774.15,634.05,960.00,772.66
44.233,cam1,IDLE_RELAXED,SECONDARY_MONITOR,-0.5202,977.84,279.89,909.60,275.81,953.98,299.48,953.94,370.29,957.94,610.39,1159.47,448.13,750.50,453.68,1145.76,633.88,774.15,633.98,960.00,772.66
44.267,cam1,IDLE_RELAXED,SECONDARY_MONITOR,-0.5203,974.61,278.71,906.95,273.52,954.42,298.94,953.94,370.16,957.94,610.39,1159.54,448.03,750.44,453.56,1145.77,633.83,774.15,633.92,960.00,772.65
44.300,cam1,IDLE_RELAXED,SECONDARY_MONITOR,-0.5206,971.21,277.33,904.36,270.93,954.95,298.40,953.94,370.04,957.94,610.38,1159.61,447.92,750.38,453.45,1145.78,633.77,774.15,633.86,960.00,772.65
44.333,cam1,IDLE_RELAXED,SECONDARY_MONITOR,-0.5207,967.89,275.78,902.03,268.23,955.56,297.83,953.94,369.89,957.94,610.38,1159.68,447.79,750.31,453.31,1145.78,633.71,774.15,633.79,960.00,772.65
44.367,cam1,IDLE_RELAXED,SECONDARY_MONITOR,-0.5210,964.88,274.22,900.12,265.61,956.21,297.27,953.94,369.71,957.94,610.37,1159.78,447.64,750.22,453.15,1145.79,633.63,774.15,633.70,960.00,772.65
44.400,cam1,IDLE_RELAXED,SECONDARY_MONITOR,-0.5211,962.26,272.71,898.65,263.17,956.84,296.75,953.94,369.53,957.94,610.37,1159.86,447.49,750.14,452.99,1145.80,633.56,774.15,633.62,960.00,772.64
44.433,cam1,IDLE_RELAXED,SECONDARY_MONITOR,-0.5212,960.19,271.34,897.63,261.04,957.42,296.28,953.94,369.35,957.94,610.36,1159.96,447.33,750.05,452.81,1145.80,633.48,774.15,633.53,960.00,772.64
44.467,cam1,IDLE_RELAXED,SECONDARY_MONITOR,-0.5214,958.56,270.14,896.88,259.32,957.89,295.86,953.94,369.15,957.94,610.35,1160.06,447.17,749.96,452.64,1145.81,633.40,774.15,633.44,960.00,772.64
44.500,cam1,IDLE_RELAXED,SECONDARY_MONITOR,-0.5216,957.52,269.23,896.46,258.04,958.23,295.50,953.95,368.97,957.94,610.35,1160.15,447.01,749.87,452.47,1145.81,633.31,774.16,633.35,960.00,772.64
44.533,cam1,IDLE_RELAXED,SECONDARY_MONITOR,-0.5218,956.85,268.56,896.16,257.19,958.42,295.18,953.95,368.76,957.94,610.34,1160.26,446.84,749.77,452.28,1145.82,633.22,774.16,633.25,960.00,772.64
44.567,cam1,IDLE_RELAXED,SECONDARY_MONITOR,-0.5221,956.70,268.10,896.12,256.66,958.50,294.90,953.95,368.57,957.94,610.33,1160.36,446.67,749.67,452.10,1145.83,633.13,774.16,633.15,960.00,772.63
44.600,cam1,IDLE_RELAXED,SECONDARY_MONITOR,-0.5223,956.63,267.66,896.04,256.28,958.50,294.61,953.95,368.35,957.94,610.33,1160.48,446.48,749.56,451.89,1145.83,633.04,774.17,633.04,960.00,772.63
44.633,cam1,IDLE_RELAXED,SECONDARY_MONITOR,-0.5225,956.99,267.52,896.14,256.27,958.33,294.38,953.92,368.14,957.94,610.32,1160.56,446.32,749.44,451.68,1145.83,632.94,774.17,632.94,960.00,772.63
44.667,cam1,IDLE_RELAXED,SECONDARY_MONITOR,-0.5228,957.34,267.38,896.21,256.30,958.16,294.15,953.89,367.93,957.94,610.31,1160.65,446.16,749.32,451.47,1145.84,632.85,774.18,632.84,960.00,772.62
44.700,cam1,IDLE_RELAXED,SECONDARY_MONITOR,-0.5230,957.62,267.27,896.25,256.34,958.00,293.92,953.87,367.73,957.94,610.30,1160.74,446.00,749.20,451.27,1145.84,632.75,774.19,632.73,960.00,772.62
44.733,cam1,IDLE_RELAXED,SECONDARY_MONITOR,-0.5233,958.10,267.08,896.46,256.28,957.85,293.70,953.84,367.53,957.94,610.30,1160.83,445.84,749.08,451.07,1145.84,632.66,774.19,632.63,960.00,772.62
44.767,cam1,IDLE_RELAXED,SECONDARY_MONITOR,-0.5235,958.29,266.89,896.45,256.25,957.70,293.47,953.82,367.32,957.94,610.29,1160.91,445.68,748.96,450.86,1145.85,632.57,774.20,632.52,960.00,772.62
44.800,cam1,IDLE_RELAXED,SECONDARY_MONITOR,-0.5237,958.58,266.69,896.52,256.18,957.56,293.24,953.80,367.12,957.94,610.28,1161.00,445.52,748.84,450.66,1145.85,632.47,774.21,632.42,960.00,772.61
44.833,cam1,IDLE_RELAXED,SECONDARY_MONITOR,-0.5240,958.84,266.55,896.59,256.14,957.43,293.02,953.77,366.93,957.94,610.28,1161.08,445.37,748.72,450.46,1145.85,632.38,774.22,632.32,960.00,772.61
44.867,cam1,IDLE_RELAXED,SECONDARY_MONITOR,-0.5243,959.10,266.38,896.66,256.10,957.30,292.80,953.75,366.74,957.94,610.27,1161.17,445.22,748.61,450.27,1145.85,632.29,774.23,632.22,960.00,772.61
44.900,cam1,IDLE_RELAXED,SECONDARY_MONITOR,-0.5246,959.34,266.18,896.72,256.03,957.18,292.60,953.73,366.56,957.94,610.27,1161.25,445.08,748.50,450.09,1145.85,632.20,774.24,632.12,960.00,772.60
44.933,cam1,IDLE_RELAXED,SECONDARY_MONITOR,-0.5248,959.64,265.99,896.83,255.97,957.06,292.41,953.71,366.39,957.94,610.26,1161.32,444.95,748.40,449.91,1145.85,632.12,774.25,632.03,960.00,772.60
44.967,cam1,IDLE_RELAXED,SECONDARY_MONITOR,-0.5250,959.85,265.87,896.89,255.93,956.95,292.21,953.68,366.21,957.94,610.25,1161.40,444.81,748.29,449.74,1145.85,632.04,774.26,631.93,960.00,772.60
45.000,cam1,IDLE_RELAXED,SECONDARY_MONITOR,-0.5251,960.01,265.70,896.91,255.86,956.84,292.02,953.66,366.05,957.94,610.25,1161.46,444.68,748.19,449.57,1145.85,631.96,774.27,631.85,960.00,772.60
45.033,cam1,IDLE_RELAXED,SECONDARY_MONITOR,-0.5254,960.21,265.48,896.97,255.76,956.74,291.81,953.64,365.86,957.93,610.24,1161.55,444.54,748.08,449.38,1145.85,631.87,774.28,631.75,960.00,772.59
45.067,cam1,IDLE_RELAXED,SECONDARY_MONITOR,-0.5255,960.32,265.30,896.95,255.70,956.64,291.64,953.62,365.71,957.93,610.24,1161.61,444.42,747.99,449.23,1145.85,631.80,774.29,631.67,960.00,772.59
45.100,cam1,IDLE_RELAXED,SECONDARY_MONITOR,-0.5256,960.54,265.07,897.04,255.55,956.55,291.46,953.60,365.56,957.93,610.23,1161.67,444.30,747.90,449.07,1145.85,631.72,774.30,631.58,960.00,772.59
45.133,cam1,IDLE_RELAXED,SECONDARY_MONITOR,-0.5255,960.72,264.90,897.10,255.48,956.46,291.29,953.58,365.41,957.93,610.23,1161.73,444.18,747.82,448.91,1145.84,631.65,774.31,631.50,960.00,772.59
45.167,cam1,IDLE_RELAXED,SECONDARY_MONITOR,-0.5254,960.85,264.72,897.12,255.40,956.38,291.12,953.56,365.26,957.93,610.22,1161.78,444.07,747.74,448.77,1145.84,631.59,774.32,631.43,960.00,772.59
45.200,cam1,IDLE_RELAXED,SECONDARY_MONITOR,-0.5254,960.88,264.60,897.08,255.34,956.30,290.99,953.54,365.15,957.93,610.22,1161.83,443.98,747.67,448.65,1145.84,631.54,774.33,631.37,960.00,772.59
45.233,cam1,IDLE_RELAXED,SECONDARY_MONITOR,-0.5254,961.03,264.54,897.12,255.36,956.22,290.88,953.53,365.05,957.93,610.21,1161.86,443.91,747.61,448.54,1145.84,631.49,774.34,631.32,960.00,772.59
45.267,cam1,IDLE_RELAXED,SECONDARY_MONITOR,-0.5254,961.24,264.54,897.25,255.36,956.15,290.82,953.51,364.99,957.93,610.21,1161.87,443.87,747.56,448.47,1145.84,631.46,774.35,631.29,960.00,772.59
45.300,cam1,IDLE_RELAXED,SECONDARY_MONITOR,-0.5253,961.49,264.53,897.39,255.42,956.08,290.80,953.49,364.96,957.93,610.21,1161.87,443.85,747.53,448.43,1145.84,631.45,774.35,631.27,960.00,772.59
45.333,cam1,IDLE_RELAXED,SECONDARY_MONITOR,-0.5252,961.56,264.63,897.39,255.58,956.01,290.80,953.47,364.95,957.93,610.21,1161.86,443.86,747.51,448.41,1145.84,631.45,774.35,631.27,960.00,772.59
45.367,cam1,IDLE_RELAXED,SECONDARY_MONITOR,-0.5252,961.67,264.72,897.41,255.77,955.94,290.80,953.45,364.93,957.93,610.21,1161.85,443.86,747.49,448.38,1145.84,631.44,774.35,631.26,960.00,772.59
45.400,cam1,IDLE_RELAXED,SECONDARY_MONITOR,-0.5252,961.75,264.73,897.43,255.84,955.88,290.81,953.43,364.93,957.93,610.21,1161.84,443.86,747.47,448.36,1145.84,631.44,774.35,631.25,960.00,772.59
45.433,cam1,IDLE_RELAXED,SECONDARY_MONITOR,-0.5253,961.78,264.79,897.41,255.95,955.82,290.79,953.41,364.90,957.93,610.21,1161.84,443.85,747.45,448.33,1145.84,631.43,774.35,631.24,960.00,772.59
45.467,cam1,IDLE_RELAXED,SECONDARY_MONITOR,-0.5253,961.84,264.78,897.42,255.99,955.77,290.77,953.40,364.88,957.93,610.21,1161.84,443.84,747.42,448.29,1145.84,631.41,774.36,631.22,960.00,772.59
45.500,cam1,IDLE_RELAXED,SECONDARY_MONITOR,-0.5252,961.88,264.81,897.42,256.05,955.71,290.76,953.38,364.86,957.93,610.21,1161.83,443.84,747.40,448.27,1145.84,631.41,774.36,631.22,960.00,772.60
45.533,cam1,IDLE_RELAXED,SECONDARY_MONITOR,-0.5250,961.93,264.85,897.44,256.10,955.66,290.78,953.36,364.86,957.93,610.21,1161.81,443.86,747.39,448.26,1145.84,631.41,774.36,631.22,960.00,772.60
45.567,cam1,IDLE_RELAXED,SECONDARY_MONITOR,-0.5248,961.84,264.92,897.34,256.23,955.61,290.81,953.34,364.88,957.93,610.21,1161.78,443.88,747.39,448.26,1145.84,631.43,774.36,631.23,960.00,772.60
45.600,cam1,IDLE_RELAXED,SECONDARY_MONITOR,-0.5247,961.92,264.91,897.37,256.22,955.57,290.75,953.33,364.83,957.93,610.21,1161.79,443.85,747.36,448.20,1145.84,631.41,774.36,631.21,960.00,772.60
45.633,cam1,IDLE_RELAXED,SECONDARY_MONITOR,-0.5245,961.98,265.03,897.40,256.36,955.52,290.79,953.31,364.85,957.93,610.21,1161.76,443.88,747.36,448.21,1145.84,631.42,774.36,631.23,960.00,772.60
45.667,cam1,IDLE_RELAXED,SECONDARY_MONITOR,-0.5242,962.01,265.14,897.41,256.48,955.48,290.82,953.29,364.87,957.93,610.21,1161.73,443.91,747.35,448.21,1145.84,631.43,774.36,631.24,960.00,772.61
45.700,cam1,IDLE_RELAXED,SECONDARY_MONITOR,-0.5241,961.97,265.07,897.36,256.41,955.44,290.76,953.28,364.81,957.93,610.21,1161.74,443.87,747.32,448.15,1145.84,631.41,774.36,631.21,960.00,772.61
45.733,cam1,IDLE_RELAXED,SECONDARY_MONITOR,-0.5239,962.09,264.91,897.42,256.29,955.40,290.64,953.26,364.72,957.93,610.20,1161.78,443.80,747.27,448.05,1145.84,631.37,774.37,631.17,960.00,772.61
45.767,cam1,IDLE_RELAXED,SECONDARY_MONITOR,-0.5237,962.24,265.00,897.52,256.42,955.36,290.69,953.25,364.75,957.93,610.21,1161.74,443.84,747.27,448.07,1145.84,631.39,774.37,631.19,960.00,772.61
45.800,cam1,IDLE_RELAXED,SECONDARY_MONITOR,-0.5234,962.15,264.98,897.43,256.43,955.32,290.69,953.23,364.75,957.93,610.21,1161.72,443.85,747.27,448.06,1145.84,631.40,774.37,631.19,960.00,772.62
45.833,cam1,IDLE_RELAXED,SECONDARY_MONITOR,-0.5232,962.17,265.16,897.43,256.63,955.29,290.79,953.21,364.82,957.93,610.21,1161.67,443.92,747.29,448.12,1145.84,631.43,774.36,631.23,960.00,772.62
45.867,cam1,IDLE_RELAXED,SECONDARY_MONITOR,-0.5231,962.15,265.19,897.41,256.65,955.26,290.81,953.20,364.83,957.93,610.21,1161.64,443.94,747.29,448.12,1145.84,631.44,774.36,631.24,960.00,772.62
45.900,cam1,IDLE_RELAXED,SECONDARY_MONITOR,-0.5228,962.23,265.15,897.46,256.64,955.23,290.81,953.18,364.82,957.93,610.21,1161.63,443.94,747.28,448.10,1145.84,631.44,774.36,631.24,960.00,772.62
45.933,cam1,IDLE_RELAXED,SECONDARY_MONITOR,-0.5226,962.16,265.26,897.41,256.73,955.20,290.85,953.17,364.85,957.93,610.21,1161.60,443.98,747.28,448.12,1145.85,631.46,774.36,631.26,960.00,772.63
45.967,cam1,IDLE_RELAXED,SECONDARY_MONITOR,-0.5224,962.05,265.32,897.31,256.78,955.17,290.84,953.15,364.84,957.93,610.21,1161.58,443.98,747.27,448.10,1145.85,631.46,774.36,631.26,960.00,772.63
46.000,cam1,IDLE_RELAXED,SECONDARY_MONITOR,-0.5221,962.15,265.39,897.40,256.82,955.14,290.90,953.14,364.89,957.93,610.21,1161.54,444.03,747.29,448.13,1145.85,631.49,774.36,631.29,960.00,772.63
46.033,cam1,IDLE_RELAXED,SECONDARY_MONITOR,-0.5218,962.20,265.46,897.44,256.90,955.12,290.94,953.12,364.91,957.93,610.21,1161.51,444.06,747.29,448.15,1145.85,631.51,774.35,631.31,960.00,772.64
46.067,cam1,IDLE_RELAXED,SECONDARY_MONITOR,-0.5214,962.14,265.53,897.39,256.97,955.09,291.00,953.10,364.96,957.93,610.21,1161.46,444.12,747.31,448.18,1145.85,631.54,774.35,631.35,960.00,772.64
46.100,cam1,IDLE_RELAXED,SECONDARY_MONITOR,-0.5211,962.00,265.65,897.28,257.08,955.07,291.07,953.09,365.01,957.93,610.22,1161.42,444.17,747.33,448.22,1145.85,631.57,774.35,631.38,960.00,772.64
46.133,cam1,IDLE_RELAXED,SECONDARY_MONITOR,-0.5208,962.01,265.76,897.30,257.16,955.05,291.17,953.07,365.09,957.93,610.22,1161.36,444.25,747.36,448.28,1145.85,631.61,774.34,631.43,960.00,772.65
46.167,cam1,IDLE_RELAXED,SECONDARY_MONITOR,-0.5205,961.94,265.85,897.25,257.25,955.02,291.24,953.06,365.14,957.93,610.22,1161.31,444.30,747.38,448.32,1145.85,631.64,774.33,631.46,960.00,772.65
46.200,cam1,IDLE_RELAXED,SECONDARY_MONITOR,-0.5202,961.96,265.96,897.28,257.34,955.00,291.32,953.04,365.20,957.93,610.22,1161.26,444.37,747.41,448.37,1145.85,631.68,774.33,631.50,960.00,772.66
46.233,cam1,IDLE_RELAXED,CAMERA_LENS,-0.5199,961.99,266.12,897.29,257.52,954.99,291.42,953.03,365.28,957.93,610.23,1161.20,444.44,747.44,448.43,1145.86,631.72,774.32,631.55,960.00,772.66
46.267,cam1,IDLE_RELAXED,CAMERA_LENS,-0.5195,961.88,266.38,897.22,257.75,954.98,291.57,953.03,365.39,957.93,610.23,1161.14,444.54,747.50,448.54,1145.86,631.78,774.31,631.61,960.00,772.66
46.300,cam1,IDLE_RELAXED,CAMERA_LENS,-0.5192,961.92,266.50,897.25,257.89,954.97,291.65,953.02,365.45,957.93,610.23,1161.10,444.59,747.53,448.60,1145.86,631.81,774.31,631.65,960.00,772.67
46.333,cam1,IDLE_RELAXED,CAMERA_LENS,-0.5189,962.10,266.66,897.36,258.11,954.93,291.72,953.02,365.49,957.93,610.23,1161.07,444.63,747.56,448.64,1145.86,631.84,774.30,631.68,960.00,772.67
46.367,cam1,IDLE_RELAXED,CAMERA_LENS,-0.5186,962.58,266.92,897.66,258.49,954.84,291.80,953.02,365.52,957.93,610.24,1161.05,444.65,747.58,448.66,1145.86,631.86,774.30,631.70,960.00,772.67
46.400,cam1,IDLE_RELAXED,CAMERA_LENS,-0.5181,963.20,267.41,898.03,259.18,954.68,291.99,953.02,365.61,957.93,610.24,1160.99,444.73,747.63,448.75,1145.86,631.91,774.29,631.76,960.00,772.68
46.433,cam1,IDLE_RELAXED,CAMERA_LENS,-0.5176,964.20,267.92,898.66,259.99,954.47,292.19,953.02,365.68,957.93,610.24,1160.94,444.80,747.67,448.81,1145.86,631.95,774.29,631.81,960.00,772.69
46.467,cam1,IDLE_RELAXED,CAMERA_LENS,-0.5172,965.36,268.61,899.39,261.09,954.22,292.46,953.02,365.79,957.93,610.25,1160.87,444.89,747.73,448.92,1145.86,632.01,774.28,631.88,960.00,772.69
46.500,cam1,IDLE_RELAXED,CAMERA_LENS,-0.5168,966.91,269.35,900.42,262.36,953.92,292.74,953.01,365.88,957.93,610.25,1160.82,444.97,747.78,449.00,1145.86,632.06,774.27,631.93,960.00,772.70
46.533,cam1,IDLE_RELAXED,CAMERA_LENS,-0.5166,968.70,270.20,901.68,263.78,953.60,293.06,953.01,365.98,957.93,610.25,1160.76,445.06,747.83,449.09,1145.86,632.11,774.27,631.99,960.00,772.70
46.567,cam1,IDLE_RELAXED,CAMERA_LENS,-0.5164,970.67,271.10,903.13,265.34,953.28,293.41,953.01,366.09,957.93,610.26,1160.70,445.15,747.89,449.19,1145.86,632.16,774.26,632.05,960.00,772.70
46.600,cam1,IDLE_RELAXED,CAMERA_LENS,-0.5163,972.72,272.01,904.72,266.92,952.97,293.83,953.01,366.23,957.93,610.26,1160.62,445.28,747.95,449.33,1145.86,632.23,774.25,632.12,960.00,772.70
46.633,cam1,IDLE_RELAXED,CAMERA_LENS,-0.5162,974.79,272.95,906.38,268.57,952.68,294.25,953.00,366.38,957.93,610.27,1160.55,445.41,748.02,449.47,1145.86,632.29,774.24,632.20,960.00,772.70
46.667,cam1,IDLE_RELAXED,CAMERA_LENS,-0.5161,976.85,273.70,908.12,270.01,952.42,294.62,953.00,366.49,957.93,610.27,1160.49,445.50,748.07,449.56,1145.86,632.34,774.24,632.26,960.00,772.70
46.700,cam1,IDLE_RELAXED,CAMERA_LENS,-0.5159,978.86,274.51,909.88,271.47,952.21,295.00,953.00,366.61,957.93,610.27,1160.42,445.61,748.13,449.68,1145.86,632.40,774.23,632.33,960.00,772.71
46.733,cam1,IDLE_RELAXED,CAMERA_LENS,-0.5156,980.63,275.19,911.49,272.71,952.04,295.38,952.99,366.75,957.93,610.28,1160.34,445.73,748.20,449.81,1145.85,632.47,774.22,632.41,960.00,772.71
46.767,cam1,IDLE_RELAXED,CAMERA_LENS,-0.5153,981.84,275.82,912.60,273.81,951.90,295.71,952.99,366.88,957.93,610.28,1160.27,445.84,748.27,449.93,1145.85,632.53,774.21,632.47,960.00,772.71
46.800,cam1,IDLE_RELAXED,CAMERA_LENS,-0.5151,982.93,276.32,913.64,274.71,951.80,296.01,952.99,367.01,957.93,610.29,1160.20,445.95,748.33,450.05,1145.85,632.59,774.21,632.54,960.00,772.72
46.833,cam1,IDLE_RELAXED,CAMERA_LENS,-0.5148,983.65,276.68,914.33,275.33,951.74,296.26,952.99,367.13,957.93,610.29,1160.13,446.06,748.39,450.16,1145.85,632.65,774.20,632.61,960.00,772.72
46.867,cam1,IDLE_RELAXED,CAMERA_LENS,-0.5144,984.18,277.04,914.86,275.84,951.70,296.48,952.98,367.25,957.93,610.30,1160.05,446.17,748.46,450.28,1145.85,632.72,774.19,632.68,960.00,772.73
46.900,cam1,IDLE_RELAXED,CAMERA_LENS,-0.5140,984.31,277.28,915.00,276.16,951.67,296.68,952.98,367.38,957.93,610.30,1159.98,446.28,748.52,450.40,1145.84,632.78,774.19,632.76,960.00,772.73
46.933,cam1,IDLE_RELAXED,CAMERA_LENS,-0.5136,984.40,277.47,915.11,276.36,951.67,296.85,952.98,367.51,957.93,610.30,1159.91,446.39,748.59,450.51,1145.84,632.84,774.18,632.83,960.00,772.73
46.967,cam1,IDLE_RELAXED,CAMERA_LENS,-0.5132,984.41,277.69,915.14,276.60,951.66,297.03,952.98,367.64,957.92,610.31,1159.83,446.50,748.66,450.64,1145.84,632.90,774.18,632.90,960.00,772.74
47.000,cam1,IDLE_RELAXED,CAMERA_LENS,-0.5129,984.35,277.88,915.09,276.79,951.68,297.20,952.98,367.76,957.93,610.31,1159.77,446.60,748.73,450.76,1145.83,632.97,774.17,632.97,960.00,772.74
47.033,cam1,IDLE_RELAXED,CAMERA_LENS,-0.5124,984.36,278.06,915.12,276.97,951.69,297.36,952.99,367.89,957.93,610.32,1159.70,446.70,748.81,450.88,1145.83,633.03,774.17,633.04,960.00,772.75
47.067,cam1,IDLE_RELAXED,CAMERA_LENS,-0.5118,984.31,278.27,915.09,277.17,951.71,297.52,953.00,368.00,957.93,610.32,1159.64,446.79,748.88,451.00,1145.83,633.09,774.16,633.11,960.00,772.76
47.100,cam1,IDLE_RELAXED,CAMERA_LENS,-0.5114,984.44,278.51,915.24,277.40,951.72,297.69,953.01,368.13,957.93,610.33,1159.57,446.90,748.96,451.13,1145.82,633.15,774.16,633.18,960.00,772.76
47.133,cam1,IDLE_RELAXED,CAMERA_LENS,-0.5108,984.40,278.71,915.22,277.59,951.73,297.84,953.02,368.25,957.93,610.33,1159.51,446.99,749.04,451.24,1145.82,633.21,774.15,633.25,960.00,772.77
47.167,cam1,IDLE_RELAXED,CAMERA_LENS,-0.5101,984.43,278.89,915.27,277.75,951.75,297.98,953.03,368.35,957.93,610.34,1159.45,447.07,749.11,451.35,1145.81,633.27,774.15,633.32,960.00,772.78
47.200,cam1,IDLE_RELAXED,CAMERA_LENS,-0.5095,984.49,279.17,915.35,278.03,951.76,298.14,953.04,368.47,957.93,610.34,1159.38,447.17,749.19,451.47,1145.81,633.33,774.15,633.39,960.00,772.78
47.233,cam1,IDLE_RELAXED,CAMERA_LENS,-0.5089,984.48,279.33,915.35,278.22,951.78,298.27,953.05,368.57,957.93,610.34,1159.33,447.24,749.25,451.56,1145.80,633.38,774.14,633.44,960.00,772.79
47.267,cam1,IDLE_RELAXED,CAMERA_LENS,-0.5082,984.47,279.46,915.35,278.36,951.79,298.38,953.06,368.65,957.93,610.35,1159.28,447.31,749.32,451.65,1145.80,633.43,774.14,633.50,960.00,772.80
47.300,cam1,IDLE_RELAXED,CAMERA_LENS,-0.5074,984.44,279.58,915.34,278.47,951.80,298.49,953.07,368.73,957.93,610.35,1159.23,447.37,749.38,451.73,1145.80,633.48,774.14,633.56,960.00,772.81
47.333,cam1,IDLE_RELAXED,CAMERA_LENS,-0.5065,984.43,279.78,915.35,278.65,951.82,298.64,953.08,368.85,957.93,610.35,1159.16,447.46,749.46,451.85,1145.79,633.54,774.14,633.63,960.00,772.82
47.367,cam1,IDLE_RELAXED,CAMERA_LENS,-0.5056,984.42,279.94,915.36,278.82,951.83,298.77,953.09,368.94,957.93,610.36,1159.09,447.54,749.53,451.94,1145.79,633.60,774.14,633.69,960.00,772.83
47.400,cam1,IDLE_RELAXED,CAMERA_LENS,-0.5048,984.38,280.11,915.34,279.02,951.84,298.89,953.10,369.03,957.93,610.36,1159.04,447.61,749.60,452.03,1145.78,633.65,774.13,633.75,960.00,772.84
47.433,cam1,IDLE_RELAXED,CAMERA_LENS,-0.5039,984.36,280.31,915.34,279.19,951.86,299.04,953.10,369.14,957.93,610.37,1158.97,447.70,749.68,452.14,1145.77,633.71,774.13,633.82,960.00,772.85
47.467,cam1,IDLE_RELAXED,CAMERA_LENS,-0.5031,984.47,280.55,915.46,279.43,951.87,299.17,953.11,369.24,957.93,610.37,1158.91,447.78,749.76,452.24,1145.77,633.77,774.13,633.89,960.00,772.86
47.500,cam1,IDLE_RELAXED,CAMERA_LENS,-0.5022,984.57,280.65,915.57,279.54,951.88,299.25,953.12,369.30,957.93,610.37,1158.87,447.82,749.81,452.30,1145.76,633.81,774.13,633.93,960.00,772.87
47.533,cam1,IDLE_RELAXED,CAMERA_LENS,-0.5013,984.54,280.75,915.56,279.66,951.90,299.34,953.13,369.37,957.93,610.38,1158.82,447.87,749.87,452.37,1145.76,633.85,774.13,633.98,960.00,772.88
47.567,cam1,IDLE_RELAXED,CAMERA_LENS,-0.5004,984.50,280.85,915.54,279.77,951.91,299.39,953.14,369.41,957.93,610.38,1158.78,447.90,749.92,452.42,1145.76,633.89,774.13,634.02,960.00,772.89
47.600,cam1,IDLE_RELAXED,CAMERA_LENS,-0.4994,984.60,280.90,915.65,279.81,951.92,299.44,953.15,369.44,957.93,610.38,1158.75,447.92,749.96,452.46,1145.75,633.92,774.13,634.06,960.00,772.91
47.633,cam1,IDLE_RELAXED,CAMERA_LENS,-0.4984,984.63,281.06,915.69,279.97,951.94,299.52,953.16,369.50,957.93,610.38,1158.70,447.97,750.02,452.52,1145.75,633.96,774.13,634.11,960.00,772.92
47.667,cam1,IDLE_RELAXED,CAMERA_LENS,-0.4973,984.50,281.13,915.57,280.06,951.95,299.56,953.17,369.53,957.93,610.38,1158.67,447.99,750.07,452.56,1145.74,634.00,774.13,634.15,960.00,772.93
47.700,cam1,IDLE_RELAXED,CAMERA_LENS,-0.4962,984.55,281.26,915.64,280.20,951.96,299.68,953.17,369.62,957.93,610.39,1158.60,448.06,750.14,452.64,1145.74,634.05,774.13,634.21,960.00,772.94
47.733,cam1,IDLE_RELAXED,CAMERA_LENS,-0.4950,984.65,281.33,915.76,280.30,951.97,299.77,953.18,369.68,957.93,610.39,1158.55,448.11,750.21,452.71,1145.73,634.10,774.13,634.27,960.00,772.96
47.767,cam1,IDLE_RELAXED,CAMERA_LENS,-0.4938,984.71,281.34,915.82,280.31,951.99,299.75,953.19,369.67,957.93,610.39,1158.53,448.09,750.24,452.71,1145.73,634.12,774.13,634.29,960.00,772.97
47.800,cam1,IDLE_RELAXED,CAMERA_LENS,-0.4925,984.68,281.33,915.80,280.30,952.00,299.76,953.20,369.67,957.93,610.39,1158.50,448.09,750.28,452.72,1145.73,634.15,774.13,634.32,960.00,772.99
47.833,cam1,IDLE_RELAXED,CAMERA_LENS,-0.4912,984.69,281.29,915.82,280.26,952.01,299.74,953.21,369.66,957.93,610.39,1158.49,448.07,750.31,452.72,1145.73,634.16,774.13,634.34,960.00,773.00
47.867,cam1,IDLE_RELAXED,CAMERA_LENS,-0.4899,984.71,281.34,915.86,280.27,952.03,299.76,953.22,369.67,957.93,610.39,1158.46,448.08,750.35,452.74,1145.72,634.19,774.13,634.37,960.00,773.02
47.900,cam1,IDLE_RELAXED,CAMERA_LENS,-0.4888,984.66,281.35,915.82,280.28,952.04,299.77,953.23,369.68,957.93,610.40,1158.43,448.08,750.39,452.75,1145.72,634.22,774.13,634.40,960.00,773.03
47.933,cam1,IDLE_RELAXED,CAMERA_LENS,-0.4875,984.64,281.27,915.81,280.18,952.05,299.74,953.23,369.65,957.93,610.40,1158.42,448.06,750.42,452.74,1145.72,634.23,774.13,634.41,960.00,773.05
47.967,cam1,IDLE_RELAXED,CAMERA_LENS,-0.4862,984.73,281.22,915.90,280.14,952.06,299.72,953.24,369.64,957.93,610.40,1158.40,448.04,750.45,452.73,1145.72,634.25,774.13,634.43,960.00,773.06
48.000,cam3,IDLE_RELAXED,CAMERA_LENS,-0.4850,833.84,279.97,778.30,278.25,866.98,297.01,904.11,367.18,992.31,611.57,1102.62,455.54,755.37,442.77,912.28,648.77,613.88,619.55,1001.04,777.06
48.033,cam3,IDLE_RELAXED,CAMERA_LENS,-0.4838,833.79,279.95,778.29,278.20,866.99,297.02,904.10,367.18,992.29,611.57,1102.60,455.54,755.38,442.78,912.27,648.79,613.87,619.58,1000.99,777.07
48.067,cam3,IDLE_RELAXED,CAMERA_LENS,-0.4824,833.86,279.91,778.35,278.19,867.04,296.98,904.14,367.15,992.27,611.57,1102.62,455.51,755.39,442.77,912.27,648.81,613.86,619.59,1000.95,777.09
48.100,cam3,IDLE_RELAXED,CAMERA_LENS,-0.4810,833.98,279.78,778.46,278.07,867.08,296.94,904.17,367.12,992.24,611.57,1102.63,455.47,755.41,442.75,912.26,648.82,613.85,619.61,1000.90,777.10
48.133,cam3,IDLE_RELAXED,CAMERA_LENS,-0.4797,834.02,279.71,778.51,278.02,867.13,296.91,904.19,367.09,992.22,611.57,1102.64,455.45,755.43,442.73,912.25,648.84,613.84,619.62,1000.85,777.12
48.167,cam3,IDLE_RELAXED,CAMERA_LENS,-0.4786,834.10,279.57,778.60,277.89,867.25,296.80,904.28,367.01,992.21,611.57,1102.71,455.37,755.47,442.67,912.26,648.83,613.85,619.61,1000.81,777.13
48.200,cam3,IDLE_RELAXED,CAMERA_LENS,-0.4775,834.16,279.48,778.68,277.82,867.35,296.71,904.36,366.95,992.19,611.57,1102.77,455.31,755.50,442.62,912.26,648.82,613.85,619.61,1000.77,777.14
48.233,cam3,IDLE_RELAXED,CAMERA_LENS,-0.4763,834.30,279.39,778.80,277.74,867.45,296.63,904.43,366.88,992.18,611.57,1102.82,455.25,755.53,442.57,912.26,648.82,613.85,619.60,1000.73,777.15
48.267,cam3,IDLE_RELAXED,CAMERA_LENS,-0.4752,834.36,279.34,778.85,277.71,867.47,296.61,904.44,366.87,992.16,611.57,1102.82,455.23,755.54,442.57,912.25,648.84,613.84,619.62,1000.69,777.17
48.300,cam3,IDLE_RELAXED,CAMERA_LENS,-0.4740,834.51,279.18,779.00,277.54,867.59,296.51,904.53,366.79,992.14,611.57,1102.89,455.16,755.58,442.51,912.25,648.83,613.84,619.61,1000.65,777.18
48.333,cam3,IDLE_RELAXED,CAMERA_LENS,-0.4728,834.63,279.03,779.11,277.42,867.68,296.44,904.59,366.73,992.12,611.57,1102.93,455.11,755.61,442.47,912.25,648.83,613.84,619.61,1000.60,777.19
48.367,cam3,IDLE_RELAXED,CAMERA_LENS,-0.4717,834.75,278.85,779.23,277.23,867.78,296.35,904.67,366.67,992.11,611.57,1102.99,455.05,755.64,442.41,912.25,648.82,613.84,619.60,1000.56,777.21
48.400,cam3,IDLE_RELAXED,CAMERA_LENS,-0.4705,834.87,278.76,779.35,277.13,867.89,296.25,904.75,366.59,992.09,611.56,1103.05,454.98,755.68,442.36,912.26,648.82,613.84,619.60,1000.52,777.22
48.433,cam3,IDLE_RELAXED,CAMERA_LENS,-0.4693,835.18,278.58,779.59,276.98,868.05,296.12,904.87,366.49,992.08,611.56,1103.15,454.89,755.72,442.27,912.26,648.80,613.85,619.58,1000.48,777.23
48.467,cam3,IDLE_RELAXED,CAMERA_LENS,-0.4682,835.41,278.35,779.81,276.71,868.23,295.96,905.00,366.37,992.06,611.56,1103.26,454.78,755.78,442.17,912.27,648.78,613.87,619.55,1000.44,777.25
48.500,cam3,IDLE_RELAXED,CAMERA_LENS,-0.4671,835.59,278.12,779.99,276.47,868.39,295.82,905.12,366.26,992.05,611.56,1103.36,454.68,755.82,442.09,912.28,648.75,613.88,619.53,1000.40,777.26
48.533,cam3,IDLE_RELAXED,CAMERA_LENS,-0.4662,835.92,277.88,780.28,276.22,868.62,295.62,905.30,366.11,992.05,611.55,1103.52,454.55,755.89,441.96,912.30,648.71,613.90,619.48,1000.37,777.27
48.567,cam3,IDLE_RELAXED,CAMERA_LENS,-0.4652,836.10,277.57,780.48,275.92,868.87,295.40,905.49,365.95,992.04,611.55,1103.69,454.41,755.95,441.82,912.32,648.66,613.92,619.43,1000.33,777.28
48.600,cam3,IDLE_RELAXED,CAMERA_LENS,-0.4641,836.38,277.29,780.74,275.65,869.13,295.17,905.69,365.78,992.03,611.54,1103.86,454.25,756.03,441.68,912.34,648.61,613.95,619.38,1000.30,777.29
48.633,cam3,IDLE_RELAXED,CAMERA_LENS,-0.4631,836.63,277.05,780.97,275.44,869.34,294.99,905.84,365.64,992.02,611.54,1104.00,454.13,756.09,441.56,912.36,648.58,613.97,619.34,1000.26,777.30
48.667,cam3,IDLE_RELAXED,CAMERA_LENS,-0.4622,837.02,276.70,781.32,275.09,869.63,294.74,906.07,365.45,992.02,611.54,1104.20,453.96,756.17,441.40,912.38,648.52,614.00,619.27,1000.23,777.32
48.700,cam3,IDLE_RELAXED,CAMERA_LENS,-0.4612,837.27,276.30,781.59,274.69,869.97,294.45,906.32,365.23,992.01,611.53,1104.43,453.77,756.26,441.21,912.41,648.45,614.04,619.20,1000.19,777.33
48.733,cam3,IDLE_RELAXED,CAMERA_LENS,-0.4601,837.72,275.92,781.99,274.32,870.31,294.15,906.58,365.00,992.01,611.52,1104.66,453.57,756.35,441.02,912.44,648.37,614.08,619.12,1000.15,777.34
48.767,cam3,IDLE_RELAXED,CAMERA_LENS,-0.4590,838.11,275.52,782.36,273.93,870.67,293.84,906.86,364.77,992.00,611.52,1104.91,453.36,756.45,440.81,912.47,648.30,614.13,619.04,1000.11,777.35
48.800,cam3,IDLE_RELAXED,CAMERA_LENS,-0.4579,838.49,275.10,782.72,273.52,871.01,293.54,907.12,364.55,992.00,611.51,1105.14,453.17,756.55,440.62,912.50,648.22,614.17,618.96,1000.07,777.36
48.833,cam3,IDLE_RELAXED,CAMERA_LENS,-0.4568,838.98,274.66,783.16,273.10,871.45,293.16,907.46,364.26,992.00,611.50,1105.44,452.92,756.67,440.37,912.55,648.12,614.23,618.86,1000.04,777.38
48.867,cam3,IDLE_RELAXED,THINKING_POINT_LEFT,-0.4557,839.40,274.15,783.59,272.59,871.91,292.77,907.81,363.96,992.00,611.49,1105.76,452.66,756.80,440.11,912.59,648.02,614.29,618.74,1000.00,777.39
48.900,cam3,IDLE_RELAXED,THINKING_POINT_LEFT,-0.4546,839.89,273.56,784.05,272.00,872.34,292.39,908.14,363.68,992.00,611.49,1106.05,452.41,756.92,439.86,912.63,647.91,614.36,618.64,999.96,777.40
48.933,cam3,IDLE_RELAXED,THINKING_POINT_LEFT,-0.4536,840.40,273.06,784.52,271.51,872.77,292.02,908.48,363.39,992.00,611.48,1106.35,452.16,757.05,439.60,912.68,647.81,614.42,618.52,999.92,777.41
48.967,cam3,IDLE_RELAXED,THINKING_POINT_LEFT,-0.4526,840.49,272.78,784.72,271.15,873.15,291.70,908.82,363.10,992.00,611.47,1106.66,451.91,757.18,439.35,912.73,647.70,614.49,618.41,999.89,777.42
49.000,cam3,IDLE_RELAXED,THINKING_POINT_LEFT,-0.4518,840.06,272.90,784.56,271.08,873.42,291.50,909.15,362.83,992.00,611.46,1106.95,451.67,757.30,439.10,912.77,647.59,614.56,618.30,999.86,777.43
49.033,cam3,IDLE_RELAXED,THINKING_POINT_LEFT,-0.4510,838.98,273.56,783.97,271.38,873.58,291.41,909.49,362.54,992.01,611.45,1107.26,451.41,757.43,438.84,912.82,647.47,614.64,618.18,999.83,777.44
49.067,cam3,IDLE_RELAXED,THINKING_POINT_LEFT,-0.4503,837.23,274.66,782.95,271.99,873.61,291.43,909.84,362.25,992.01,611.45,1107.57,451.16,757.56,438.58,912.87,647.36,614.71,618.06,999.80,777.45
49.100,cam3,IDLE_RELAXED,THINKING_POINT_LEFT,-0.4495,834.73,276.27,781.46,272.92,873.50,291.58,910.19,361.96,992.02,611.44,1107.89,450.91,757.69,438.32,912.92,647.24,614.79,617.93,999.78,777.46
49.133,cam3,IDLE_RELAXED,THINKING_POINT_LEFT,-0.4487,831.93,278.09,779.79,273.96,873.27,291.81,910.54,361.67,992.02,611.43,1108.20,450.65,757.82,438.07,912.97,647.12,614.87,617.81,999.75,777.47
49.167,cam3,IDLE_RELAXED,THINKING_POINT_LEFT,-0.4479,828.66,280.05,777.84,275.13,872.94,292.10,910.90,361.37,992.03,611.42,1108.52,450.39,757.95,437.80,913.02,647.00,614.95,617.69,999.72,777.48
49.200,cam3,IDLE_RELAXED,THINKING_POINT_LEFT,-0.4470,825.24,282.08,775.84,276.32,872.52,292.43,911.23,361.10,992.03,611.41,1108.82,450.15,758.08,437.56,913.07,646.89,615.03,617.57,999.69,777.49
49.233,cam3,IDLE_RELAXED,THINKING_POINT_LEFT,-0.4460,821.97,283.89,773.98,277.34,872.13,292.70,911.58,360.81,992.03,611.40,1109.14,449.89,758.22,437.30,913.12,646.77,615.12,617.45,999.65,777.50
49.267,cam3,IDLE_RELAXED,THINKING_POINT_LEFT,-0.4450,819.09,285.52,772.37,278.24,871.78,292.92,911.93,360.52,992.03,611.40,1109.44,449.64,758.35,437.04,913.17,646.65,615.20,617.33,999.62,777.51
49.300,cam3,IDLE_RELAXED,THINKING_POINT_LEFT,-0.4440,816.72,286.72,771.09,278.86,871.51,293.06,912.26,360.25,992.03,611.39,1109.74,449.40,758.48,436.80,913.22,646.54,615.28,617.22,999.58,777.52
49.333,cam3,IDLE_RELAXED,THINKING_POINT_LEFT,-0.4431,815.08,287.48,770.27,279.16,871.39,293.08,912.59,359.99,992.04,611.38,1110.02,449.17,758.61,436.56,913.27,646.43,615.36,617.10,999.55,777.53
49.367,cam3,IDLE_RELAXED,THINKING_POINT_LEFT,-0.4422,814.10,287.87,769.81,279.27,871.40,293.02,912.87,359.77,992.04,611.38,1110.27,448.96,758.72,436.36,913.31,646.33,615.43,617.01,999.52,777.54
49.400,cam3,IDLE_RELAXED,THINKING_POINT_LEFT,-0.4414,813.78,287.79,769.78,279.06,871.61,292.80,913.18,359.52,992.04,611.37,1110.54,448.74,758.84,436.13,913.36,646.23,615.51,616.90,999.49,777.55
49.433,cam3,IDLE_RELAXED,THINKING_POINT_LEFT,-0.4404,813.95,287.42,770.05,278.66,871.97,292.48,913.50,359.26,992.04,611.36,1110.83,448.51,758.96,435.90,913.40,646.11,615.59,616.79,999.46,777.56
49.467,cam3,IDLE_RELAXED,THINKING_POINT_LEFT,-0.4394,814.40,286.98,770.44,278.24,872.33,292.16,913.79,359.03,992.04,611.35,1111.08,448.30,759.08,435.69,913.45,646.02,615.66,616.69,999.42,777.58
49.500,cam3,IDLE_RELAXED,THINKING_POINT_LEFT,-0.4383,815.43,286.22,771.18,277.65,872.86,291.73,914.09,358.79,992.03,611.35,1111.35,448.09,759.19,435.48,913.49,645.92,615.74,616.59,999.38,777.59
49.533,cam3,IDLE_RELAXED,THINKING_POINT_LEFT,-0.4372,816.32,285.46,771.85,277.02,873.34,291.34,914.36,358.58,992.03,611.34,1111.59,447.89,759.30,435.30,913.53,645.83,615.80,616.50,999.34,777.60
49.567,cam3,IDLE_RELAXED,THINKING_POINT_LEFT,-0.4360,817.28,284.75,772.54,276.43,873.80,290.98,914.61,358.38,992.02,611.34,1111.81,447.71,759.40,435.12,913.56,645.75,615.87,616.42,999.30,777.61
49.600,cam3,IDLE_RELAXED,THINKING_POINT_LEFT,-0.4348,818.21,283.91,773.23,275.72,874.28,290.59,914.89,358.16,992.01,611.33,1112.06,447.51,759.50,434.93,913.60,645.67,615.90,616.36,999.26,777.63
49.633,cam3,IDLE_RELAXED,THINKING_POINT_LEFT,-0.4335,818.94,283.28,773.78,275.24,874.68,290.27,915.10,358.00,992.00,611.33,1112.24,447.36,759.59,434.78,913.63,645.60,615.95,616.30,999.21,777.64
49.667,cam3,IDLE_RELAXED,THINKING_POINT_LEFT,-0.4324,819.71,282.78,774.31,274.85,875.00,290.03,915.25,357.88,991.99,611.32,1112.37,447.25,759.66,434.68,913.64,645.56,615.98,616.26,999.17,777.66
49.700,cam3,IDLE_RELAXED,THINKING_POINT_LEFT,-0.4312,820.47,282.16,774.88,274.34,875.40,289.70,915.49,357.70,991.98,611.32,1112.57,447.08,759.75,434.52,913.67,645.49,616.04,616.19,999.13,777.67
49.733,cam3,IDLE_RELAXED,THINKING_POINT_LEFT,-0.4301,821.11,281.67,775.34,273.95,875.71,289.46,915.64,357.58,991.97,611.32,1112.70,446.97,759.81,434.42,913.69,645.45,616.07,616.15,999.09,777.68
49.767,cam3,IDLE_RELAXED,THINKING_POINT_LEFT,-0.4291,821.74,281.19,775.78,273.57,875.98,289.25,915.77,357.47,991.96,611.32,1112.81,446.87,759.86,434.33,913.71,645.42,616.10,616.12,999.05,777.69
49.800,cam3,IDLE_RELAXED,THINKING_POINT_LEFT,-0.4280,822.24,280.77,776.15,273.25,876.23,289.06,915.88,357.38,991.95,611.31,1112.91,446.79,759.91,434.25,913.72,645.39,616.12,616.09,999.02,777.70
49.833,cam3,IDLE_RELAXED,THINKING_POINT_LEFT,-0.4270,822.85,280.38,776.61,272.91,876.55,288.80,916.07,357.24,991.94,611.31,1113.07,446.66,759.99,434.13,913.74,645.34,616.16,616.04,998.98,777.72
49.867,cam3,IDLE_RELAXED,THINKING_POINT_LEFT,-0.4260,823.16,280.11,776.84,272.70,876.68,288.71,916.10,357.22,991.92,611.31,1113.08,446.63,760.01,434.11,913.74,645.34,616.16,616.05,998.94,777.73
49.900,cam3,IDLE_RELAXED,THINKING_POINT_LEFT,-0.4249,823.61,279.76,777.19,272.40,876.94,288.51,916.23,357.11,991.91,611.31,1113.19,446.53,760.06,434.02,913.75,645.31,616.18,616.01,998.90,777.74
49.933,cam3,IDLE_RELAXED,THINKING_POINT_LEFT,-0.4237,824.02,279.51,777.47,272.22,877.08,288.40,916.28,357.08,991.89,611.31,1113.22,446.50,760.09,433.99,913.75,645.32,616.18,616.02,998.86,777.75
49.967,cam3,IDLE_RELAXED,THINKING_POINT_LEFT,-0.4226,824.34,279.20,777.73,271.96,877.26,288.26,916.36,357.02,991.88,611.31,1113.28,446.44,760.13,433.94,913.75,645.30,616.19,616.01,998.82,777.77
50.000,cam3,IDLE_RELAXED,THINKING_POINT_LEFT,-0.4215,824.79,278.86,778.05,271.69,877.46,288.11,916.46,356.94,991.87,611.31,1113.36,446.36,760.17,433.88,913.76,645.29,616.21,615.99,998.79,777.78
50.033,cam3,IDLE_RELAXED,THINKING_POINT_LEFT,-0.4205,825.10,278.68,778.27,271.56,877.58,288.02,916.49,356.91,991.85,611.31,1113.37,446.34,760.19,433.86,913.76,645.29,616.20,616.00,998.75,777.79
50.067,cam3,IDLE_RELAXED,THINKING_POINT_LEFT,-0.4194,825.43,278.44,778.50,271.37,877.72,287.92,916.55,356.86,991.83,611.31,1113.41,446.29,760.22,433.82,913.76,645.29,616.20,615.99,998.71,777.80
50.100,cam3,IDLE_RELAXED,THINKING_POINT_LEFT,-0.4183,825.78,278.22,778.73,271.22,877.82,287.84,916.58,356.84,991.82,611.31,1113.43,446.27,760.24,433.80,913.76,645.30,616.20,616.00,998.67,777.82
50.133,cam3,IDLE_RELAXED,THINKING_POINT_LEFT,-0.4172,826.04,277.98,778.94,271.01,877.94,287.75,916.62,356.80,991.80,611.31,1113.45,446.23,760.27,433.78,913.76,645.30,616.20,616.01,998.63,777.83
50.167,cam3,IDLE_RELAXED,THINKING_POINT_LEFT,-0.4161,826.48,277.81,779.20,270.89,878.02,287.70,916.64,356.79,991.78,611.31,1113.45,446.22,760.28,433.77,913.75,645.32,616.18,616.02,998.59,777.84
50.200,cam3,IDLE_RELAXED,THINKING_POINT_LEFT,-0.4151,826.93,277.44,779.54,270.60,878.28,287.49,916.80,356.66,991.77,611.30,1113.59,446.10,760.35,433.66,913.77,645.27,616.22,615.98,998.56,777.85
50.233,cam3,IDLE_RELAXED,THINKING_POINT_LEFT,-0.4140,827.38,277.12,779.88,270.34,878.51,287.30,916.95,356.55,991.76,611.30,1113.71,445.99,760.41,433.56,913.79,645.23,616.25,615.94,998.52,777.86
50.267,cam3,IDLE_RELAXED,THINKING_POINT_LEFT,-0.4130,827.61,276.90,780.06,270.16,878.61,287.23,916.99,356.52,991.75,611.30,1113.73,445.96,760.43,433.54,913.79,645.24,616.25,615.94,998.48,777.88
50.300,cam3,IDLE_RELAXED,THINKING_POINT_LEFT,-0.4120,827.86,276.73,780.24,270.03,878.72,287.15,917.03,356.48,991.73,611.30,1113.76,445.93,760.45,433.51,913.79,645.24,616.25,615.94,998.45,777.89
50.333,cam3,IDLE_RELAXED,THINKING_POINT_LEFT,-0.4112,828.16,276.49,780.47,269.84,878.88,287.02,917.13,356.41,991.72,611.30,1113.84,445.86,760.50,433.45,913.80,645.21,616.27,615.92,998.42,777.90
50.367,cam3,IDLE_RELAXED,THINKING_POINT_LEFT,-0.4104,828.37,276.33,780.63,269.70,878.99,286.94,917.19,356.37,991.71,611.30,1113.88,445.82,760.52,433.41,913.80,645.21,616.28,615.92,998.39,777.91
50.400,cam3,IDLE_RELAXED,THINKING_POINT_LEFT,-0.4095,828.57,276.24,780.77,269.64,879.07,286.88,917.22,356.34,991.70,611.30,1113.90,445.79,760.54,433.39,913.80,645.21,616.27,615.92,998.36,777.92
50.433,cam3,IDLE_RELAXED,THINKING_POINT_LEFT,-0.4086,828.74,276.14,780.87,269.59,879.10,286.86,917.21,356.34,991.68,611.30,1113.89,445.79,760.55,433.40,913.79,645.23,616.26,615.94,998.33,777.93
50.467,cam3,IDLE_RELAXED,THINKING_POINT_LEFT,-0.4077,828.78,276.12,780.90,269.59,879.09,286.88,917.17,356.37,991.66,611.30,1113.83,445.81,760.54,433.43,913.77,645.26,616.23,615.97,998.29,777.94
50.500,cam3,IDLE_RELAXED,THINKING_POINT_LEFT,-0.4067,828.83,276.11,780.93,269.58,879.07,286.89,917.14,356.40,991.64,611.31,1113.79,445.83,760.53,433.46,913.76,645.30,616.21,616.01,998.26,777.95
50.533,cam3,IDLE_RELAXED,THINKING_POINT_LEFT,-0.4057,828.93,276.15,780.97,269.61,879.04,286.93,917.09,356.43,991.62,611.31,1113.72,445.87,760.52,433.50,913.74,645.34,616.17,616.05,998.22,777.96
50.567,cam3,IDLE_RELAXED,THINKING_POINT_LEFT,-0.4047,828.84,276.31,780.87,269.78,878.91,287.04,916.96,356.52,991.60,611.31,1113.59,445.95,760.49,433.59,913.71,645.41,616.11,616.13,998.19,777.97
50.600,cam3,IDLE_RELAXED,THINKING_POINT_LEFT,-0.4037,828.88,276.39,780.84,269.88,878.80,287.13,916.85,356.60,991.58,611.32,1113.47,446.02,760.45,433.67,913.68,645.48,616.07,616.19,998.15,777.98
50.633,cam3,IDLE_RELAXED,THINKING_POINT_LEFT,-0.4028,828.90,276.49,780.82,269.98,878.71,287.22,916.76,356.67,991.56,611.32,1113.37,446.08,760.43,433.74,913.66,645.53,616.02,616.25,998.12,777.99
50.667,cam3,IDLE_RELAXED,THINKING_POINT_LEFT,-0.4018,828.72,276.59,780.69,270.09,878.59,287.31,916.65,356.75,991.53,611.32,1113.25,446.15,760.40,433.82,913.63,645.60,615.97,616.31,998.08,778.00
50.700,cam3,IDLE_RELAXED,THINKING_POINT_LEFT,-0.4009,828.69,276.56,780.64,270.11,878.49,287.40,916.55,356.83,991.51,611.33,1113.14,446.22,760.37,433.89,913.60,645.66,615.92,616.37,998.05,778.01
50.733,cam3,IDLE_RELAXED,THINKING_POINT_LEFT,-0.4000,828.63,276.72,780.53,270.29,878.32,287.54,916.41,356.94,991.49,611.33,1112.99,446.32,760.32,433.99,913.57,645.74,615.86,616.45,998.02,778.02
50.767,cam3,IDLE_RELAXED,THINKING_POINT_LEFT,-0.3992,828.43,276.93,780.35,270.49,878.12,287.72,916.23,357.07,991.46,611.34,1112.81,446.44,760.27,434.12,913.53,645.83,615.79,616.54,997.99,778.03
50.800,cam3,IDLE_RELAXED,THINKING_POINT_LEFT,-0.3984,828.31,277.15,780.21,270.70,877.94,287.87,916.07,357.19,991.44,611.34,1112.65,446.54,760.22,434.23,913.49,645.91,615.73,616.62,997.96,778.04
50.833,cam3,IDLE_RELAXED,THINKING_POINT_LEFT,-0.3977,828.09,277.36,780.02,270.90,877.74,288.03,915.91,357.31,991.42,611.35,1112.48,446.65,760.16,434.35,913.46,645.99,615.67,616.70,997.94,778.05
50.867,cam3,IDLE_RELAXED,THINKING_POINT_LEFT,-0.3971,827.81,277.71,779.75,271.22,877.45,288.28,915.67,357.49,991.40,611.35,1112.24,446.82,760.08,434.52,913.41,646.10,615.59,616.81,997.92,778.06
50.900,cam3,IDLE_RELAXED,THINKING_POINT_LEFT,-0.3964,827.54,278.05,779.48,271.56,877.15,288.53,915.42,357.68,991.37,611.36,1112.00,446.98,760.00,434.70,913.36,646.21,615.50,616.93,997.89,778.07
50.933,cam3,IDLE_RELAXED,MAIN_MONITOR_CENTER,-0.3957,827.28,278.39,779.22,271.88,876.86,288.77,915.18,357.86,991.35,611.37,1111.77,447.15,759.92,434.87,913.31,646.32,615.42,617.04,997.87,778.07
50.967,cam3,IDLE_RELAXED,MAIN_MONITOR_CENTER,-0.3950,826.93,278.78,778.92,272.24,876.56,289.02,914.94,358.04,991.32,611.37,1111.52,447.31,759.84,435.04,913.26,646.43,615.34,617.15,997.84,778.08
51.000,cam3,IDLE_RELAXED,MAIN_MONITOR_CENTER,-0.3943,826.78,279.04,778.73,272.48,876.30,289.25,914.71,358.22,991.30,611.38,1111.29,447.47,759.77,435.20,913.22,646.54,615.26,617.25,997.82,778.09
51.033,cam3,IDLE_RELAXED,MAIN_MONITOR_CENTER,-0.3937,826.93,279.02,778.76,272.51,876.13,289.40,914.46,358.41,991.27,611.39,1111.03,447.64,759.68,435.38,913.17,646.65,615.17,617.37,997.79,778.10
51.067,cam3,IDLE_RELAXED,MAIN_MONITOR_CENTER,-0.3929,827.62,278.41,779.20,272.06,876.18,289.38,914.20,358.60,991.25,611.39,1110.78,447.82,759.60,435.56,913.12,646.76,615.09,617.48,997.77,778.11
51.100,cam3,IDLE_RELAXED,MAIN_MONITOR_CENTER,-0.3922,828.99,277.12,780.15,271.06,876.50,289.14,913.98,358.78,991.22,611.40,1110.55,447.97,759.53,435.72,913.07,646.87,615.02,617.59,997.74,778.11
51.133,cam3,IDLE_RELAXED,MAIN_MONITOR_CENTER,-0.3915,831.18,275.20,781.68,269.47,877.02,288.75,913.74,358.96,991.20,611.41,1110.31,448.13,759.46,435.89,913.03,646.97,614.94,617.70,997.72,778.12
51.167,cam3,IDLE_RELAXED,MAIN_MONITOR_CENTER,-0.3908,833.75,272.79,783.51,267.54,877.68,288.24,913.49,359.15,991.17,611.41,1110.05,448.31,759.38,436.07,912.98,647.09,614.86,617.81,997.69,778.13
51.200,cam3,IDLE_RELAXED,MAIN_MONITOR_CENTER,-0.3901,836.64,270.10,785.58,265.37,878.43,287.65,913.23,359.35,991.15,611.42,1109.79,448.49,759.29,436.25,912.93,647.20,614.78,617.93,997.67,778.14
51.233,cam3,IDLE_RELAXED,MAIN_MONITOR_CENTER,-0.3894,839.59,267.28,787.73,263.08,879.18,287.06,912.97,359.55,991.12,611.43,1109.53,448.67,759.21,436.44,912.88,647.31,614.70,618.04,997.64,778.15
51.267,cam3,IDLE_RELAXED,MAIN_MONITOR_CENTER,-0.3888,842.33,264.61,789.73,260.95,879.86,286.51,912.71,359.75,991.10,611.43,1109.27,448.85,759.13,436.62,912.83,647.43,614.63,618.16,997.62,778.15
51.300,cam3,IDLE_RELAXED,MAIN_MONITOR_CENTER,-0.3883,844.75,262.22,791.48,259.06,880.41,286.07,912.45,359.95,991.07,611.44,1109.02,449.02,759.05,436.81,912.78,647.54,614.55,618.27,997.60,778.16
51.333,cam3,IDLE_RELAXED,MAIN_MONITOR_CENTER,-0.3878,846.63,260.41,792.86,257.59,880.76,285.77,912.20,360.16,991.05,611.45,1108.76,449.20,758.96,436.99,912.73,647.64,614.51,618.35,997.59,778.16
51.367,cam3,IDLE_RELAXED,MAIN_MONITOR_CENTER,-0.3874,847.76,259.27,793.68,256.67,880.91,285.65,911.93,360.36,991.03,611.45,1108.50,449.39,758.87,437.18,912.69,647.75,614.44,618.47,997.57,778.17
51.400,cam3,IDLE_RELAXED,MAIN_MONITOR_CENTER,-0.3870,848.38,258.69,794.08,256.25,880.87,285.67,911.68,360.56,991.01,611.46,1108.26,449.57,758.79,437.36,912.64,647.86,614.37,618.57,997.56,778.17
51.433,cam3,IDLE_RELAXED,MAIN_MONITOR_CENTER,-0.3867,848.53,258.71,794.10,256.36,880.67,285.83,911.43,360.76,990.99,611.47,1108.01,449.74,758.71,437.55,912.60,647.96,614.31,618.68,997.55,778.18
51.467,cam3,IDLE_RELAXED,MAIN_MONITOR_CENTER,-0.3865,848.24,258.99,793.83,256.62,880.37,286.06,911.19,360.95,990.97,611.47,1107.78,449.91,758.63,437.72,912.56,648.05,614.25,618.77,997.54,778.18
51.500,cam3,IDLE_RELAXED,MAIN_MONITOR_CENTER,-0.3863,847.72,259.51,793.34,257.15,879.98,286.38,910.94,361.15,990.96,611.48,1107.54,450.09,758.54,437.91,912.51,648.15,614.19,618.87,997.53,778.18
51.533,cam3,IDLE_RELAXED,MAIN_MONITOR_CENTER,-0.3861,847.31,260.06,792.92,257.71,879.58,286.70,910.68,361.36,990.94,611.49,1107.30,450.27,758.45,438.10,912.47,648.25,614.12,618.98,997.53,778.18
51.567,cam3,IDLE_RELAXED,MAIN_MONITOR_CENTER,-0.3858,846.90,260.63,792.50,258.25,879.19,287.01,910.42,361.57,990.92,611.49,1107.05,450.45,758.36,438.29,912.42,648.35,614.06,619.08,997.51,778.19
51.600,cam3,IDLE_RELAXED,MAIN_MONITOR_CENTER,-0.3855,846.48,261.10,792.09,258.76,878.83,287.30,910.19,361.76,990.90,611.50,1106.83,450.61,758.28,438.46,912.38,648.45,614.00,619.18,997.50,778.19
51.633,cam3,IDLE_RELAXED,MAIN_MONITOR_CENTER,-0.3852,846.07,261.61,791.69,259.26,878.48,287.58,909.96,361.94,990.88,611.51,1106.61,450.77,758.21,438.63,912.34,648.54,613.95,619.27,997.49,778.19
51.667,cam3,IDLE_RELAXED,MAIN_MONITOR_CENTER,-0.3849,845.81,262.06,791.40,259.70,878.15,287.84,909.75,362.12,990.87,611.51,1106.41,450.93,758.13,438.79,912.30,648.62,613.89,619.36,997.48,778.20
51.700,cam3,IDLE_RELAXED,MAIN_MONITOR_CENTER,-0.3846,845.56,262.50,791.10,260.14,877.78,288.14,909.51,362.32,990.85,611.52,1106.17,451.10,758.05,438.97,912.26,648.72,613.84,619.46,997.47,778.20
51.733,cam3,IDLE_RELAXED,MAIN_MONITOR_CENTER,-0.3844,845.39,262.83,790.90,260.49,877.58,288.31,909.39,362.42,990.84,611.52,1106.06,451.18,758.01,439.07,912.24,648.77,613.81,619.51,997.47,778.20
51.767,cam3,IDLE_RELAXED,MAIN_MONITOR_CENTER,-0.3842,845.21,263.17,790.67,260.86,877.35,288.49,909.24,362.53,990.83,611.52,1105.93,451.28,757.96,439.17,912.22,648.82,613.78,619.57,997.46,778.20
51.800,cam3,IDLE_RELAXED,MAIN_MONITOR_CENTER,-0.3841,844.76,263.59,790.28,261.27,877.05,288.74,909.05,362.70,990.82,611.53,1105.74,451.42,757.89,439.32,912.18,648.90,613.73,619.65,997.45,778.21
51.833,cam3,IDLE_RELAXED,MAIN_MONITOR_CENTER,-0.3838,844.44,263.94,789.98,261.65,876.79,288.95,908.88,362.84,990.80,611.53,1105.58,451.54,757.84,439.45,912.16,648.96,613.69,619.72,997.45,778.21
51.867,cam3,IDLE_RELAXED,MAIN_MONITOR_CENTER,-0.3835,844.12,264.38,789.66,262.07,876.48,289.20,908.67,363.01,990.79,611.54,1105.38,451.69,757.77,439.61,912.12,649.05,613.65,619.80,997.43,778.21
51.900,cam3,IDLE_RELAXED,MAIN_MONITOR_CENTER,-0.3832,843.94,264.72,789.46,262.38,876.25,289.40,908.52,363.13,990.77,611.54,1105.23,451.80,757.72,439.72,912.09,649.11,613.61,619.87,997.42,778.22
51.933,cam3,IDLE_RELAXED,MAIN_MONITOR_CENTER,-0.3829,843.78,265.02,789.28,262.67,876.04,289.56,908.39,363.24,990.76,611.55,1105.11,451.89,757.67,439.82,912.07,649.16,613.58,619.92,997.41,778.22
51.967,cam3,IDLE_RELAXED,MAIN_MONITOR_CENTER,-0.3825,843.73,265.18,789.18,262.85,875.91,289.68,908.31,363.31,990.75,611.55,1105.03,451.95,757.65,439.89,912.05,649.20,613.56,619.96,997.40,778.22
52.000,cam3,IDLE_RELAXED,MAIN_MONITOR_CENTER,-0.3822,843.67,265.30,789.10,262.98,875.80,289.77,908.25,363.36,990.74,611.55,1104.97,451.99,757.63,439.93,912.04,649.22,613.55,619.99,997.39,778.23
52.033,cam3,IDLE_RELAXED,MAIN_MONITOR_CENTER,-0.3819,843.55,265.45,788.97,263.15,875.68,289.86,908.18,363.41,990.73,611.55,1104.90,452.03,757.61,439.99,912.03,649.26,613.53,620.02,997.38,778.23
52.067,cam3,IDLE_RELAXED,MAIN_MONITOR_CENTER,-0.3815,843.49,265.55,788.89,263.29,875.57,289.95,908.12,363.46,990.72,611.56,1104.84,452.08,757.59,440.03,912.01,649.28,613.52,620.05,997.36,778.24
52.100,cam3,IDLE_RELAXED,MAIN_MONITOR_CENTER,-0.3811,843.45,265.64,788.85,263.37,875.55,289.97,908.12,363.46,990.71,611.56,1104.83,452.08,757.59,440.04,912.01,649.29,613.51,620.06,997.35,778.24
52.133,cam3,IDLE_RELAXED,MAIN_MONITOR_CENTER,-0.3808,843.54,265.72,788.90,263.42,875.54,289.97,908.14,363.45,990.71,611.56,1104.84,452.06,757.60,440.03,912.01,649.29,613.51,620.06,997.34,778.24
52.167,cam3,IDLE_RELAXED,MAIN_MONITOR_CENTER,-0.3805,843.47,265.85,788.83,263.55,875.50,290.01,908.12,363.46,990.70,611.56,1104.83,452.07,757.60,440.04,912.01,649.30,613.50,620.07,997.33,778.25
52.200,cam3,IDLE_RELAXED,MAIN_MONITOR_CENTER,-0.3802,843.49,265.92,788.82,263.65,875.50,290.01,908.14,363.45,990.70,611.56,1104.84,452.06,757.60,440.03,912.01,649.31,613.50,620.07,997.32,778.25
52.233,cam3,IDLE_RELAXED,MAIN_MONITOR_CENTER,-0.3798,843.54,265.88,788.86,263.62,875.54,289.97,908.18,363.41,990.69,611.56,1104.88,452.02,757.62,440.00,912.01,649.30,613.51,620.06,997.30,778.25
52.267,cam3,IDLE_RELAXED,MAIN_MONITOR_CENTER,-0.3795,843.67,265.76,788.99,263.48,875.69,289.85,908.31,363.31,990.69,611.55,1105.00,451.93,757.67,439.91,912.03,649.26,613.53,620.02,997.29,778.26
52.300,cam3,IDLE_RELAXED,MAIN_MONITOR_CENTER,-0.3791,843.68,265.71,789.01,263.45,875.70,289.84,908.33,363.29,990.69,611.55,1105.01,451.91,757.68,439.89,912.03,649.26,613.53,620.02,997.28,778.26
52.333,cam3,IDLE_RELAXED,MAIN_MONITOR_CENTER,-0.3787,843.67,265.73,788.99,263.47,875.68,289.85,908.33,363.29,990.68,611.55,1105.01,451.91,757.68,439.89,912.02,649.27,613.52,620.03,997.26,778.27
52.367,cam3,IDLE_RELAXED,MAIN_MONITOR_CENTER,-0.3782,843.51,265.83,788.89,263.58,875.67,289.87,908.33,363.29,990.67,611.55,1105.00,451.91,757.68,439.90,912.02,649.27,613.52,620.04,997.25,778.27
52.400,cam3,IDLE_RELAXED,MAIN_MONITOR_CENTER,-0.3778,843.62,265.81,788.98,263.53,875.72,289.82,908.38,363.24,990.67,611.55,1105.04,451.87,757.70,439.86,912.02,649.27,613.52,620.03,997.23,778.28
52.433,cam3,IDLE_RELAXED,MAIN_MONITOR_CENTER,-0.3772,843.57,265.84,788.93,263.58,875.69,289.85,908.37,363.26,990.66,611.55,1105.02,451.88,757.70,439.88,912.01,649.28,613.51,620.05,997.21,778.29
52.467,cam3,IDLE_RELAXED,MAIN_MONITOR_CENTER,-0.3766,843.63,265.71,789.03,263.41,875.79,289.76,908.46,363.18,990.65,611.55,1105.09,451.81,757.74,439.81,912.02,649.26,613.52,620.02,997.19,778.29
52.500,cam3,IDLE_RELAXED,MAIN_MONITOR_CENTER,-0.3759,843.69,265.64,789.07,263.36,875.81,289.75,908.48,363.16,990.64,611.55,1105.10,451.80,757.75,439.80,912.02,649.27,613.52,620.03,997.16,778.30
52.533,cam3,IDLE_RELAXED,MAIN_MONITOR_CENTER,-0.3754,843.69,265.69,789.06,263.43,875.80,289.75,908.48,363.16,990.63,611.55,1105.10,451.79,757.76,439.80,912.02,649.28,613.51,620.04,997.14,778.31
52.567,cam3,IDLE_RELAXED,MAIN_MONITOR_CENTER,-0.3748,843.67,265.71,789.04,263.48,875.82,289.74,908.50,363.14,990.62,611.55,1105.10,451.78,757.77,439.78,912.01,649.28,613.51,620.04,997.12,778.31
52.600,cam3,IDLE_RELAXED,MAIN_MONITOR_CENTER,-0.3742,843.72,265.67,789.10,263.42,875.89,289.68,908.56,363.09,990.62,611.55,1105.15,451.73,757.79,439.74,912.02,649.27,613.52,620.03,997.10,778.32
52.633,cam3,IDLE_RELAXED,MAIN_MONITOR_CENTER,-0.3736,843.76,265.55,789.15,263.32,875.93,289.64,908.60,363.06,990.61,611.55,1105.18,451.70,757.81,439.72,912.02,649.27,613.52,620.03,997.08,778.33
52.667,cam3,IDLE_RELAXED,MAIN_MONITOR_CENTER,-0.3730,843.86,265.50,789.22,263.31,875.97,289.61,908.63,363.03,990.60,611.55,1105.20,451.67,757.83,439.69,912.02,649.27,613.52,620.03,997.06,778.33
52.700,cam3,IDLE_RELAXED,MAIN_MONITOR_CENTER,-0.3724,843.93,265.33,789.32,263.13,876.13,289.48,908.76,362.92,990.59,611.55,1105.31,451.58,757.88,439.60,912.03,649.23,613.54,619.99,997.04,778.34
52.733,cam3,IDLE_RELAXED,MAIN_MONITOR_CENTER,-0.3718,844.05,265.19,789.45,262.98,876.27,289.36,908.87,362.83,990.59,611.55,1105.41,451.50,757.92,439.52,912.05,649.20,613.55,619.96,997.02,778.35
52.767,cam3,IDLE_RELAXED,MAIN_MONITOR_CENTER,-0.3711,844.28,264.99,789.65,262.80,876.45,289.21,909.01,362.71,990.59,611.55,1105.53,451.39,757.98,439.41,912.06,649.17,613.57,619.92,996.99,778.35
52.800,cam3,IDLE_RELAXED,MAIN_MONITOR_CENTER,-0.3704,844.58,264.75,789.92,262.59,876.70,289.00,909.21,362.55,990.58,611.54,1105.70,451.25,758.05,439.27,912.09,649.11,613.60,619.86,996.97,778.36
52.833,cam3,IDLE_RELAXED,MAIN_MONITOR_CENTER,-0.3697,844.97,264.32,790.29,262.15,877.05,288.71,909.47,362.33,990.59,611.54,1105.94,451.06,758.15,439.08,912.12,649.03,613.65,619.77,996.94,778.37
52.867,cam3,IDLE_RELAXED,MAIN_MONITOR_CENTER,-0.3689,845.28,263.87,790.62,261.75,877.43,288.40,909.77,362.09,990.59,611.53,1106.21,450.85,758.25,438.86,912.16,648.93,613.70,619.68,996.91,778.38
52.900,cam3,IDLE_RELAXED,MAIN_MONITOR_CENTER,-0.3682,845.80,263.31,791.11,261.21,877.92,287.99,910.14,361.78,990.60,611.52,1106.56,450.58,758.39,438.59,912.22,648.81,613.77,619.55,996.89,778.39
52.933,cam3,IDLE_RELAXED,MAIN_MONITOR_CENTER,-0.3676,846.32,262.69,791.63,260.59,878.43,287.57,910.54,361.46,990.61,611.51,1106.92,450.29,758.53,438.30,912.28,648.67,613.85,619.41,996.87,778.40
52.967,cam3,IDLE_RELAXED,MAIN_MONITOR_CENTER,-0.3670,846.86,262.13,792.13,260.04,878.90,287.19,910.90,361.16,990.62,611.50,1107.26,450.03,758.66,438.03,912.33,648.55,613.93,619.28,996.85,778.40
53.000,cam3,IDLE_RELAXED,MAIN_MONITOR_CENTER,-0.3665,847.47,261.54,792.69,259.46,879.42,286.77,911.30,360.84,990.63,611.49,1107.63,449.75,758.80,437.74,912.39,648.41,613.98,619.16,996.83,778.41
53.033,cam3,IDLE_RELAXED,MAIN_MONITOR_CENTER,-0.3661,848.08,260.89,793.28,258.82,880.01,286.29,911.76,360.48,990.65,611.48,1108.05,449.43,758.96,437.42,912.46,648.25,614.08,618.99,996.81,778.41
53.067,cam3,IDLE_RELAXED,MAIN_MONITOR_CENTER,-0.3656,848.76,260.32,793.91,258.23,880.59,285.82,912.21,360.12,990.66,611.47,1108.47,449.11,759.12,437.10,912.54,648.08,614.18,618.83,996.80,778.42
53.100,cam3,IDLE_RELAXED,MAIN_MONITOR_CENTER,-0.3651,849.53,259.60,794.61,257.52,881.22,285.32,912.69,359.74,990.68,611.46,1108.92,448.77,759.30,436.75,912.61,647.91,614.30,618.65,996.78,778.42
53.133,cam3,IDLE_RELAXED,MAIN_MONITOR_CENTER,-0.3646,850.29,258.91,795.30,256.85,881.87,284.81,913.19,359.35,990.70,611.45,1109.38,448.42,759.47,436.40,912.69,647.73,614.42,618.46,996.76,778.43
53.167,cam3,IDLE_RELAXED,MAIN_MONITOR_CENTER,-0.3640,851.12,258.14,796.06,256.08,882.52,284.29,913.69,358.96,990.71,611.44,1109.85,448.07,759.66,436.04,912.77,647.54,614.54,618.28,996.74,778.44
53.200,cam3,IDLE_RELAXED,MAIN_MONITOR_CENTER,-0.3634,851.87,257.50,796.74,255.45,883.18,283.77,914.19,358.56,990.73,611.43,1110.32,447.72,759.84,435.68,912.85,647.36,614.67,618.09,996.72,778.44
53.233,cam3,IDLE_RELAXED,MAIN_MONITOR_CENTER,-0.3629,852.57,256.78,797.41,254.75,883.84,283.26,914.70,358.17,990.75,611.42,1110.79,447.36,760.02,435.33,912.94,647.17,614.81,617.90,996.70,778.45
53.267,cam3,IDLE_RELAXED,MAIN_MONITOR_CENTER,-0.3624,853.25,256.11,798.05,254.13,884.49,282.74,915.20,357.78,990.77,611.41,1111.26,447.01,760.21,434.97,913.02,646.98,614.94,617.70,996.68,778.45
53.300,cam3,IDLE_RELAXED,MAIN_MONITOR_CENTER,-0.3619,854.07,255.37,798.78,253.42,885.14,282.25,915.70,357.41,990.78,611.39,1111.72,446.67,760.39,434.63,913.11,646.79,615.08,617.51,996.66,778.46
53.333,cam3,IDLE_RELAXED,MAIN_MONITOR_CENTER,-0.3613,854.77,254.69,799.44,252.76,885.76,281.76,916.18,357.04,990.80,611.38,1112.17,446.34,760.56,434.29,913.19,646.61,615.22,617.33,996.64,778.47
53.367,cam3,IDLE_RELAXED,MAIN_MONITOR_CENTER,-0.3607,855.34,254.05,800.00,252.14,886.35,281.32,916.62,356.70,990.81,611.37,1112.58,446.03,760.73,433.98,913.26,646.44,615.34,617.16,996.62,778.47
53.400,cam3,IDLE_RELAXED,MAIN_MONITOR_CENTER,-0.3601,856.05,253.37,800.67,251.47,886.97,280.85,917.10,356.35,990.83,611.36,1113.02,445.70,760.91,433.65,913.34,646.26,615.48,616.98,996.60,778.48
53.433,cam3,IDLE_RELAXED,MAIN_MONITOR_CENTER,-0.3594,856.70,252.76,801.28,250.90,887.56,280.40,917.55,356.00,990.84,611.35,1113.44,445.39,761.08,433.34,913.42,646.08,615.61,616.81,996.58,778.49
53.467,cam3,IDLE_RELAXED,MAIN_MONITOR_CENTER,-0.3588,857.16,252.17,801.75,250.34,888.07,280.02,917.94,355.72,990.85,611.35,1113.80,445.12,761.22,433.07,913.48,645.93,615.73,616.66,996.56,778.49
53.500,cam3,IDLE_RELAXED,MAIN_MONITOR_CENTER,-0.3584,857.67,251.64,802.24,249.83,888.51,279.68,918.27,355.47,990.86,611.34,1114.11,444.89,761.35,432.84,913.54,645.80,615.83,616.53,996.54,778.50
53.533,cam3,IDLE_RELAXED,MAIN_MONITOR_CENTER,-0.3581,858.23,251.15,802.75,249.34,888.98,279.34,918.63,355.21,990.87,611.33,1114.45,444.65,761.48,432.60,913.60,645.66,615.95,616.39,996.53,778.50
53.567,cam3,IDLE_RELAXED,MAIN_MONITOR_CENTER,-0.3578,858.61,250.67,803.14,248.89,889.40,279.02,918.95,354.97,990.89,611.32,1114.75,444.43,761.60,432.38,913.66,645.53,616.05,616.26,996.52,778.51
53.600,cam3,IDLE_RELAXED,MAIN_MONITOR_CENTER,-0.3575,859.13,250.24,803.58,248.50,889.75,278.76,919.21,354.77,990.89,611.32,1114.99,444.25,761.70,432.20,913.71,645.43,616.13,616.16,996.51,778.51
53.633,cam3,IDLE_RELAXED,MAIN_MONITOR_CENTER,-0.3570,859.35,249.96,803.81,248.23,890.00,278.58,919.40,354.63,990.90,611.31,1115.17,444.12,761.77,432.08,913.74,645.35,616.19,616.09,996.49,778.52
53.667,cam3,IDLE_RELAXED,MAIN_MONITOR_CENTER,-0.3565,859.65,249.73,804.10,247.97,890.26,278.39,919.59,354.50,990.90,611.31,1115.34,443.99,761.85,431.95,913.77,645.28,616.25,616.02,996.47,778.52
53.700,cam3,IDLE_RELAXED,MAIN_MONITOR_CENTER,-0.3560,859.89,249.48,804.31,247.76,890.45,278.25,919.74,354.39,990.90,611.31,1115.46,443.89,761.91,431.85,913.79,645.24,616.29,615.97,996.45,778.53
53.733,cam3,IDLE_RELAXED,MAIN_MONITOR_CENTER,-0.3553,859.92,249.42,804.35,247.72,890.50,278.22,919.77,354.37,990.89,611.31,1115.48,443.87,761.92,431.83,913.79,645.23,616.29,615.97,996.43,778.53
53.767,cam3,IDLE_RELAXED,MAIN_MONITOR_CENTER,-0.3546,860.20,249.33,804.55,247.63,890.60,278.15,919.83,354.32,990.88,611.31,1115.53,443.83,761.96,431.79,913.80,645.22,616.30,615.96,996.40,778.54
53.800,cam3,IDLE_RELAXED,MAIN_MONITOR_CENTER,-0.3539,860.20,249.21,804.58,247.54,890.64,278.12,919.86,354.30,990.87,611.31,1115.54,443.81,761.97,431.77,913.80,645.22,616.30,615.96,996.38,778.55
53.833,cam3,IDLE_RELAXED,MAIN_MONITOR_CENTER,-0.3533,860.06,249.27,804.50,247.57,890.63,278.13,919.84,354.31,990.86,611.31,1115.52,443.81,761.97,431.79,913.79,645.24,616.28,615.98,996.36,778.56
53.867,cam3,IDLE_RELAXED,MAIN_MONITOR_CENTER,-0.3525,860.07,249.20,804.54,247.51,890.69,278.08,919.88,354.28,990.84,611.31,1115.54,443.79,762.00,431.76,913.79,645.24,616.29,615.98,996.33,778.57
53.900,cam3,IDLE_RELAXED,MAIN_MONITOR_CENTER,-0.3515,860.18,249.15,804.65,247.44,890.81,278.00,919.96,354.21,990.83,611.31,1115.60,443.73,762.04,431.71,913.80,645.23,616.30,615.96,996.30,778.58
53.933,cam3,IDLE_RELAXED,MAIN_MONITOR_CENTER,-0.3506,860.23,249.06,804.69,247.39,890.82,277.99,919.97,354.21,990.81,611.31,1115.58,443.72,762.05,431.71,913.79,645.25,616.29,615.98,996.26,778.59
53.967,cam3,IDLE_RELAXED,MAIN_MONITOR_CENTER,-0.3496,860.28,248.96,804.79,247.26,890.94,277.90,920.05,354.15,990.80,611.31,1115.64,443.67,762.09,431.65,913.80,645.23,616.30,615.97,996.23,778.60
54.000,cam3,IDLE_RELAXED,MAIN_MONITOR_CENTER,-0.3487,860.44,248.98,804.90,247.25,890.98,277.88,920.07,354.13,990.79,611.31,1115.64,443.65,762.11,431.64,913.79,645.24,616.29,615.98,996.20,778.61
54.033,cam3,IDLE_RELAXED,MAIN_MONITOR_CENTER,-0.3479,860.37,248.88,804.90,247.12,891.01,277.86,920.08,354.12,990.77,611.31,1115.64,443.64,762.12,431.63,913.79,645.25,616.28,615.99,996.17,778.62
54.067,cam3,IDLE_RELAXED,MAIN_MONITOR_CENTER,-0.3470,860.50,248.75,805.02,247.02,891.11,277.79,920.15,354.07,990.76,611.31,1115.69,443.59,762.16,431.59,913.79,645.24,616.29,615.98,996.13,778.63
54.100,cam3,IDLE_RELAXED,MAIN_MONITOR_CENTER,-0.3461,860.65,248.65,805.16,246.94,891.27,277.67,920.26,353.98,990.75,611.31,1115.78,443.51,762.21,431.51,913.81,645.21,616.32,615.95,996.10,778.64
54.133,cam3,IDLE_RELAXED,MAIN_MONITOR_CENTER,-0.3452,860.78,248.53,805.28,246.83,891.38,277.59,920.34,353.93,990.74,611.31,1115.83,443.46,762.25,431.46,913.81,645.19,616.33,615.93,996.07,778.65
54.167,cam3,IDLE_RELAXED,MAIN_MONITOR_CENTER,-0.3443,860.74,248.51,805.26,246.86,891.39,277.59,920.34,353.93,990.73,611.31,1115.82,443.46,762.26,431.46,913.81,645.21,616.32,615.95,996.04,778.66
54.200,cam3,IDLE_RELAXED,MAIN_MONITOR_CENTER,-0.3435,860.77,248.50,805.28,246.87,891.39,277.59,920.33,353.93,990.71,611.31,1115.79,443.46,762.26,431.47,913.80,645.23,616.30,615.97,996.01,778.67
54.233,cam3,IDLE_RELAXED,MAIN_MONITOR_CENTER,-0.3426,860.83,248.56,805.32,246.89,891.37,277.61,920.30,353.95,990.69,611.31,1115.75,443.48,762.26,431.49,913.78,645.26,616.28,616.00,995.98,778.68
54.267,cam3,IDLE_RELAXED,MAIN_MONITOR_CENTER,-0.3417,860.81,248.57,805.29,246.90,891.30,277.66,920.24,353.99,990.68,611.31,1115.67,443.52,762.25,431.53,913.76,645.31,616.24,616.05,995.94,778.69
54.300,cam3,IDLE_RELAXED,MAIN_MONITOR_CENTER,-0.3408,860.77,248.60,805.27,246.94,891.29,277.67,920.22,354.00,990.66,611.32,1115.63,443.53,762.25,431.55,913.75,645.33,616.22,616.07,995.91,778.70
54.333,cam3,IDLE_RELAXED,MAIN_MONITOR_CENTER,-0.3399,860.70,248.67,805.20,247.01,891.22,277.72,920.16,354.04,990.64,611.32,1115.56,443.57,762.24,431.59,913.73,645.38,616.19,616.11,995.88,778.71
54.367,cam3,IDLE_RELAXED,MAIN_MONITOR_CENTER,-0.3391,860.80,248.65,805.27,246.98,891.20,277.74,920.13,354.06,990.62,611.32,1115.51,443.59,762.24,431.61,913.72,645.41,616.16,616.14,995.85,778.72
54.400,cam3,IDLE_RELAXED,MAIN_MONITOR_CENTER,-0.3382,860.73,248.70,805.22,247.03,891.15,277.78,920.08,354.10,990.61,611.32,1115.45,443.62,762.23,431.64,913.70,645.44,616.13,616.18,995.82,778.73
54.433,cam3,IDLE_RELAXED,MAIN_MONITOR_CENTER,-0.3373,860.56,248.83,805.07,247.15,890.99,277.90,919.94,354.19,990.58,611.33,1115.31,443.71,762.19,431.73,913.67,645.52,616.07,616.26,995.79,778.74
54.467,cam3,IDLE_RELAXED,MAIN_MONITOR_CENTER,-0.3364,860.42,248.91,804.95,247.24,890.87,277.99,919.84,354.26,990.56,611.33,1115.19,443.77,762.16,431.80,913.64,645.58,616.02,616.32,995.76,778.75
54.500,cam3,IDLE_RELAXED,MAIN_MONITOR_CENTER,-0.3357,860.21,249.11,804.78,247.40,890.72,278.10,919.72,354.35,990.54,611.34,1115.06,443.85,762.12,431.89,913.61,645.65,615.97,616.38,995.73,778.76
54.533,cam3,IDLE_RELAXED,MAIN_MONITOR_CENTER,-0.3349,859.97,249.33,804.56,247.64,890.54,278.23,919.57,354.46,990.52,611.34,1114.90,443.95,762.08,431.99,913.58,645.73,615.91,616.46,995.70,778.77
54.567,cam3,IDLE_RELAXED,MAIN_MONITOR_CENTER,-0.3341,859.76,249.52,804.36,247.85,890.36,278.37,919.42,354.56,990.50,611.34,1114.74,444.05,762.03,432.09,913.54,645.80,615.85,616.54,995.67,778.78
54.600,cam3,IDLE_RELAXED,MAIN_MONITOR_CENTER,-0.3332,859.50,249.73,804.14,248.08,890.14,278.53,919.24,354.69,990.48,611.35,1114.56,444.17,761.98,432.21,913.50,645.89,615.77,616.63,995.64,778.79
54.633,cam3,IDLE_RELAXED,MAIN_MONITOR_CENTER,-0.3323,859.19,249.97,803.87,248.33,889.93,278.69,919.06,354.82,990.45,611.35,1114.37,444.29,761.92,432.34,913.46,645.99,615.70,616.72,995.61,778.80
54.667,cam3,IDLE_RELAXED,MAIN_MONITOR_CENTER,-0.3314,858.85,250.12,803.62,248.47,889.74,278.83,918.91,354.93,990.43,611.36,1114.21,444.39,761.88,432.44,913.42,646.07,615.64,616.80,995.58,778.81
54.700,cam3,IDLE_RELAXED,MAIN_MONITOR_CENTER,-0.3306,858.61,250.29,803.40,248.65,889.51,279.01,918.72,355.06,990.40,611.37,1114.01,444.51,761.81,432.57,913.38,646.17,615.56,616.90,995.55,778.82
54.733,cam3,IDLE_RELAXED,MAIN_MONITOR_CENTER,-0.3297,858.30,250.54,803.12,248.92,889.28,279.17,918.54,355.20,990.38,611.37,1113.82,444.63,761.76,432.70,913.34,646.26,615.49,616.99,995.52,778.83
54.767,cam3,IDLE_RELAXED,MAIN_MONITOR_CENTER,-0.3289,858.06,250.79,802.88,249.18,889.00,279.38,918.31,355.36,990.35,611.38,1113.59,444.79,761.69,432.85,913.29,646.37,615.41,617.10,995.49,778.84
54.800,cam3,IDLE_RELAXED,MAIN_MONITOR_CENTER,-0.3281,857.70,251.11,802.55,249.50,888.68,279.63,918.05,355.55,990.32,611.38,1113.33,444.96,761.60,433.03,913.24,646.49,615.31,617.22,995.46,778.85
54.833,cam3,IDLE_RELAXED,MAIN_MONITOR_CENTER,-0.3275,857.40,251.39,802.27,249.76,888.38,279.85,917.81,355.72,990.30,611.39,1113.08,445.12,761.52,433.20,913.19,646.60,615.23,617.33,995.44,778.85
54.867,cam3,IDLE_RELAXED,MAIN_MONITOR_CENTER,-0.3267,857.08,251.64,801.98,250.02,888.11,280.06,917.59,355.89,990.28,611.40,1112.86,445.27,761.45,433.35,913.14,646.71,615.15,617.44,995.41,778.86
54.900,cam3,IDLE_RELAXED,MAIN_MONITOR_CENTER,-0.3259,856.68,251.89,801.66,250.26,887.83,280.27,917.36,356.05,990.25,611.40,1112.63,445.42,761.38,433.51,913.09,646.82,615.07,617.54,995.38,778.87
54.933,cam3,IDLE_RELAXED,MAIN_MONITOR_CENTER,-0.3252,856.43,252.19,801.40,250.55,887.53,280.50,917.13,356.23,990.22,611.41,1112.39,445.58,761.30,433.67,913.04,646.93,614.99,617.65,995.36,778.88
54.967,cam3,IDLE_RELAXED,MAIN_MONITOR_CENTER,-0.3245,856.13,252.48,801.12,250.83,887.25,280.71,916.89,356.40,990.20,611.42,1112.15,445.74,761.22,433.83,912.99,647.03,614.91,617.76,995.33,778.89
55.000,cam3,IDLE_RELAXED,MAIN_MONITOR_CENTER,-0.3237,855.79,252.69,800.84,251.03,886.96,280.93,916.66,356.57,990.17,611.42,1111.92,445.89,761.15,433.99,912.94,647.14,614.83,617.87,995.30,778.90
55.033,cam3,IDLE_RELAXED,MAIN_MONITOR_CENTER,-0.3231,855.36,252.92,800.48,251.28,886.65,281.17,916.42,356.75,990.15,611.43,1111.67,446.06,761.07,434.16,912.90,647.25,614.75,617.98,995.28,778.90
55.067,cam3,IDLE_RELAXED,MAIN_MONITOR_CENTER,-0.3224,855.02,253.23,800.18,251.56,886.36,281.39,916.18,356.93,990.12,611.44,1111.43,446.22,760.99,434.33,912.85,647.36,614.67,618.09,995.26,778.91
55.100,cam3,IDLE_RELAXED,MAIN_MONITOR_CENTER,-0.3217,854.70,253.59,799.88,251.89,886.05,281.63,915.94,357.11,990.10,611.44,1111.19,446.38,760.91,434.50,912.80,647.47,614.59,618.20,995.23,778.92
55.133,cam3,IDLE_RELAXED,MAIN_MONITOR_CENTER,-0.3211,854.46,253.89,799.62,252.19,885.73,281.87,915.68,357.30,990.08,611.45,1110.94,446.56,760.83,434.68,912.75,647.59,614.51,618.32,995.21,778.93
55.167,cam3,IDLE_RELAXED,MAIN_MONITOR_CENTER,-0.3206,854.16,254.19,799.34,252.47,885.42,282.11,915.43,357.48,990.05,611.46,1110.69,446.72,760.74,434.85,912.70,647.69,614.44,618.43,995.19,778.93
55.200,cam3,IDLE_RELAXED,MAIN_MONITOR_CENTER,-0.3202,853.81,254.50,799.03,252.75,885.10,282.37,915.17,357.68,990.03,611.46,1110.43,446.90,760.66,435.03,912.65,647.80,614.36,618.54,995.18,778.94
55.233,cam3,IDLE_RELAXED,MAIN_MONITOR_CENTER,-0.3198,853.48,254.87,798.72,253.08,884.77,282.62,914.91,357.88,990.01,611.47,1110.18,447.08,760.57,435.21,912.60,647.91,614.28,618.65,995.16,778.94
55.267,cam3,IDLE_RELAXED,MAIN_MONITOR_CENTER,-0.3192,853.07,255.16,798.37,253.38,884.48,282.85,914.68,358.06,989.99,611.48,1109.95,447.24,760.49,435.38,912.55,648.02,614.21,618.75,995.14,778.95
55.300,cam3,IDLE_RELAXED,MAIN_MONITOR_CENTER,-0.3187,852.74,255.47,798.06,253.68,884.17,283.09,914.43,358.24,989.97,611.48,1109.70,447.41,760.41,435.55,912.50,648.12,614.14,618.86,995.13,778.95
55.333,cam3,IDLE_RELAXED,SECONDARY_MONITOR,-0.3182,852.53,255.74,797.84,253.94,883.90,283.30,914.21,358.41,989.95,611.49,1109.48,447.55,760.34,435.71,912.46,648.22,614.08,618.96,995.11,778.96
55.367,cam3,IDLE_RELAXED,SECONDARY_MONITOR,-0.3176,852.29,255.98,797.61,254.17,883.62,283.52,913.99,358.57,989.93,611.49,1109.26,447.70,760.27,435.86,912.42,648.31,614.02,619.05,995.09,778.97
55.400,cam3,IDLE_RELAXED,SECONDARY_MONITOR,-0.3172,851.80,256.32,797.22,254.47,883.34,283.75,913.76,358.75,989.91,611.50,1109.03,447.86,760.19,436.02,912.37,648.41,613.95,619.15,995.07,778.97
55.433,cam3,IDLE_RELAXED,SECONDARY_MONITOR,-0.3167,850.98,256.53,796.78,254.49,883.20,283.91,913.56,358.90,989.89,611.50,1108.84,448.00,760.13,436.16,912.34,648.50,613.90,619.24,995.05,778.98
55.467,cam3,IDLE_RELAXED,SECONDARY_MONITOR,-0.3164,849.53,256.71,796.15,254.22,883.21,284.02,913.38,359.04,989.87,611.51,1108.66,448.12,760.07,436.29,912.30,648.57,613.85,619.32,995.04,778.98
55.500,cam3,IDLE_RELAXED,SECONDARY_MONITOR,-0.3161,847.33,256.74,795.32,253.55,883.40,284.08,913.20,359.18,989.86,611.51,1108.48,448.25,760.01,436.42,912.27,648.65,613.80,619.39,995.03,778.98
55.533,cam3,IDLE_RELAXED,SECONDARY_MONITOR,-0.3158,844.55,256.63,794.49,252.51,883.78,284.08,913.05,359.30,989.84,611.52,1108.33,448.35,759.96,436.53,912.24,648.71,613.76,619.46,995.02,778.99
55.567,cam3,IDLE_RELAXED,SECONDARY_MONITOR,-0.3156,841.35,256.46,793.72,251.24,884.23,284.12,912.84,359.46,989.83,611.52,1108.12,448.50,759.89,436.68,912.20,648.79,613.71,619.54,995.01,778.99
55.600,cam3,IDLE_RELAXED,SECONDARY_MONITOR,-0.3154,837.94,256.20,793.20,249.72,884.79,284.15,912.62,359.63,989.81,611.53,1107.91,448.65,759.82,436.83,912.16,648.88,613.66,619.63,995.01,778.99
55.633,cam3,IDLE_RELAXED,SECONDARY_MONITOR,-0.3152,834.71,255.62,793.12,247.94,885.49,284.13,912.47,359.74,989.80,611.53,1107.77,448.75,759.77,436.94,912.14,648.94,613.62,619.69,995.00,778.99
55.667,cam3,IDLE_RELAXED,SECONDARY_MONITOR,-0.3147,831.82,254.98,793.39,246.20,886.19,284.12,912.33,359.85,989.79,611.54,1107.62,448.85,759.73,437.04,912.11,649.00,613.58,619.76,994.98,779.00
55.700,cam3,IDLE_RELAXED,SECONDARY_MONITOR,-0.3143,829.54,254.34,793.99,244.56,886.88,284.10,912.24,359.92,989.77,611.54,1107.53,448.91,759.70,437.11,912.09,649.04,613.56,619.80,994.97,779.00
55.733,cam3,IDLE_RELAXED,SECONDARY_MONITOR,-0.3141,827.71,253.76,794.63,243.22,887.41,284.13,912.12,360.01,989.76,611.54,1107.41,448.99,759.66,437.19,912.07,649.09,613.53,619.85,994.96,779.01
55.767,cam3,IDLE_RELAXED,SECONDARY_MONITOR,-0.3138,826.37,253.34,795.19,242.26,887.83,284.13,912.06,360.06,989.75,611.54,1107.35,449.03,759.65,437.23,912.06,649.12,613.51,619.88,994.95,779.01
55.800,cam3,IDLE_RELAXED,SECONDARY_MONITOR,-0.3136,825.52,253.06,795.55,241.65,888.03,284.19,911.98,360.13,989.75,611.55,1107.26,449.09,759.62,437.29,912.04,649.15,613.49,619.91,994.94,779.01
55.833,cam3,IDLE_RELAXED,SECONDARY_MONITOR,-0.3133,825.10,252.96,795.69,241.40,888.06,284.27,911.89,360.20,989.74,611.55,1107.17,449.15,759.59,437.36,912.02,649.19,613.47,619.95,994.93,779.02
55.867,cam3,IDLE_RELAXED,SECONDARY_MONITOR,-0.3131,824.98,253.08,795.63,241.45,887.94,284.38,911.78,360.28,989.73,611.55,1107.06,449.23,759.56,437.43,912.00,649.24,613.44,620.00,994.93,779.02
55.900,cam3,IDLE_RELAXED,SECONDARY_MONITOR,-0.3130,824.96,253.11,795.59,241.50,887.94,284.38,911.78,360.28,989.73,611.55,1107.06,449.23,759.56,437.43,912.00,649.24,613.44,620.00,994.92,779.02
55.933,cam3,IDLE_RELAXED,SECONDARY_MONITOR,-0.3128,825.11,253.38,795.23,241.88,887.70,284.40,911.76,360.26,989.72,611.55,1106.97,449.24,759.60,437.39,912.00,649.23,613.44,620.00,994.92,779.02
55.967,cam3,IDLE_RELAXED,SECONDARY_MONITOR,-0.3127,825.05,253.75,794.72,242.38,887.40,284.48,911.68,360.29,989.72,611.55,1106.82,449.29,759.62,437.39,911.99,649.25,613.43,620.02,994.91,779.02
56.000,cam3,IDLE_RELAXED,SECONDARY_MONITOR,-0.3125,825.08,253.99,794.33,242.76,887.14,284.52,911.64,360.29,989.72,611.55,1106.71,449.32,759.66,437.36,911.99,649.25,613.42,620.02,994.91,779.02
56.033,cam3,IDLE_RELAXED,SECONDARY_MONITOR,-0.3124,825.20,254.21,794.02,243.09,886.94,284.53,911.63,360.27,989.71,611.55,1106.63,449.33,759.70,437.31,911.99,649.24,613.43,620.02,994.90,779.03
56.067,cam3,IDLE_RELAXED,SECONDARY_MONITOR,-0.3122,825.20,254.45,793.64,243.45,886.67,284.60,911.55,360.29,989.71,611.55,1106.49,449.38,759.72,437.31,911.98,649.25,613.42,620.03,994.89,779.03
56.100,cam3,IDLE_RELAXED,SECONDARY_MONITOR,-0.3121,825.24,254.58,793.35,243.72,886.46,284.63,911.53,360.28,989.71,611.55,1106.40,449.39,759.76,437.28,911.98,649.25,613.42,620.03,994.89,779.03
56.133,cam3,IDLE_RELAXED,SECONDARY_MONITOR,-0.3120,825.22,254.84,792.98,244.10,886.20,284.71,911.45,360.31,989.70,611.55,1106.26,449.45,759.78,437.28,911.98,649.26,613.40,620.05,994.89,779.03
56.167,cam3,IDLE_RELAXED,SECONDARY_MONITOR,-0.3119,825.34,255.13,792.68,244.46,885.98,284.76,911.39,360.32,989.70,611.56,1106.14,449.48,759.80,437.26,911.97,649.27,613.40,620.06,994.88,779.03
56.200,cam3,IDLE_RELAXED,SECONDARY_MONITOR,-0.3118,825.44,255.30,792.43,244.72,885.74,284.82,911.32,360.35,989.70,611.56,1106.01,449.53,759.82,437.26,911.96,649.28,613.39,620.08,994.88,779.03
56.233,cam3,IDLE_RELAXED,SECONDARY_MONITOR,-0.3118,825.51,255.58,792.17,245.04,885.55,284.85,911.29,360.35,989.70,611.56,1105.92,449.56,759.85,437.24,911.96,649.28,613.39,620.08,994.88,779.03
56.267,cam3,IDLE_RELAXED,SECONDARY_MONITOR,-0.3118,825.46,255.81,791.86,245.35,885.31,284.93,911.21,360.38,989.69,611.56,1105.78,449.61,759.87,437.24,911.95,649.29,613.38,620.10,994.88,779.03
56.300,cam3,IDLE_RELAXED,SECONDARY_MONITOR,-0.3118,825.49,255.97,791.64,245.59,885.18,284.93,911.20,360.36,989.70,611.56,1105.71,449.62,759.91,437.20,911.96,649.28,613.38,620.09,994.88,779.03
56.333,cam3,IDLE_RELAXED,SECONDARY_MONITOR,-0.3119,825.59,256.11,791.47,245.79,885.03,284.94,911.18,360.35,989.70,611.56,1105.63,449.63,759.94,437.16,911.96,649.27,613.38,620.08,994.88,779.03
56.367,cam3,IDLE_RELAXED,SECONDARY_MONITOR,-0.3119,825.63,256.26,791.24,246.03,884.83,285.00,911.11,360.37,989.69,611.56,1105.51,449.67,759.96,437.16,911.95,649.28,613.37,620.10,994.88,779.03
56.400,cam3,IDLE_RELAXED,SECONDARY_MONITOR,-0.3118,825.80,256.35,791.14,246.17,884.73,284.99,911.12,360.34,989.70,611.56,1105.46,449.67,760.00,437.11,911.96,649.26,613.38,620.08,994.88,779.03
56.433,cam3,IDLE_RELAXED,SECONDARY_MONITOR,-0.3117,825.85,256.46,790.98,246.35,884.60,285.00,911.10,360.33,989.69,611.56,1105.38,449.68,760.03,437.08,911.96,649.26,613.38,620.08,994.88,779.03
56.467,cam3,IDLE_RELAXED,SECONDARY_MONITOR,-0.3118,825.84,256.55,790.82,246.47,884.45,285.03,911.06,360.33,989.69,611.56,1105.29,449.71,760.06,437.06,911.96,649.26,613.38,620.08,994.88,779.03
56.500,cam3,IDLE_RELAXED,SECONDARY_MONITOR,-0.3119,825.78,256.77,790.55,246.78,884.25,285.10,910.98,360.37,989.69,611.56,1105.16,449.77,760.07,437.07,911.95,649.27,613.37,620.10,994.88,779.03
56.533,cam3,IDLE_RELAXED,SECONDARY_MONITOR,-0.3120,825.72,257.01,790.29,247.06,884.00,285.22,910.85,360.44,989.69,611.56,1104.99,449.85,760.06,437.11,911.93,649.30,613.35,620.14,994.89,779.03
56.567,cam3,IDLE_RELAXED,SECONDARY_MONITOR,-0.3120,825.64,257.12,790.06,247.27,883.83,285.28,910.78,360.47,989.69,611.56,1104.86,449.90,760.07,437.12,911.93,649.31,613.34,620.15,994.89,779.03
56.600,cam3,IDLE_RELAXED,SECONDARY_MONITOR,-0.3120,825.55,257.26,789.86,247.45,883.65,285.34,910.71,360.50,989.69,611.56,1104.74,449.95,760.09,437.12,911.92,649.33,613.33,620.17,994.89,779.03
56.633,cam3,IDLE_RELAXED,SECONDARY_MONITOR,-0.3121,825.51,257.43,789.65,247.67,883.47,285.42,910.62,360.54,989.68,611.56,1104.61,450.01,760.09,437.14,911.91,649.34,613.32,620.19,994.89,779.03
56.667,cam3,IDLE_RELAXED,SECONDARY_MONITOR,-0.3121,825.40,257.62,789.41,247.92,883.28,285.50,910.53,360.59,989.68,611.56,1104.47,450.08,760.09,437.16,911.90,649.36,613.30,620.22,994.89,779.03
56.700,cam3,IDLE_RELAXED,SECONDARY_MONITOR,-0.3121,825.47,257.69,789.32,248.03,883.21,285.49,910.52,360.57,989.68,611.56,1104.41,450.08,760.13,437.12,911.90,649.35,613.31,620.21,994.89,779.03
56.733,cam3,IDLE_RELAXED,SECONDARY_MONITOR,-0.3121,825.52,257.84,789.17,248.23,883.08,285.53,910.47,360.59,989.68,611.56,1104.31,450.11,760.15,437.12,911.90,649.36,613.30,620.22,994.89,779.03
56.767,cam3,IDLE_RELAXED,SECONDARY_MONITOR,-0.3122,825.55,257.76,789.14,248.21,883.04,285.49,910.49,360.55,989.68,611.56,1104.28,450.10,760.19,437.06,911.91,649.34,613.31,620.20,994.89,779.03
56.800,cam3,IDLE_RELAXED,SECONDARY_MONITOR,-0.3124,825.50,257.83,789.01,248.31,882.91,285.55,910.42,360.58,989.68,611.56,1104.17,450.15,760.20,437.07,911.90,649.35,613.30,620.21,994.90,779.03
56.833,cam3,IDLE_RELAXED,SECONDARY_MONITOR,-0.3126,825.43,257.88,788.87,248.42,882.83,285.55,910.40,360.57,989.69,611.56,1104.10,450.16,760.22,437.04,911.90,649.34,613.31,620.20,994.91,779.02
56.867,cam3,IDLE_RELAXED,SECONDARY_MONITOR,-0.3129,825.33,258.01,788.69,248.60,882.70,285.60,910.34,360.60,989.69,611.56,1104.00,450.21,760.23,437.05,911.90,649.34,613.30,620.21,994.92,779.02
56.900,cam3,CHECKING_CHAT,SECONDARY_MONITOR,-0.3132,825.45,258.08,788.63,248.68,882.58,285.64,910.29,360.62,989.70,611.56,1103.91,450.24,760.24,437.05,911.90,649.34,613.30,620.22,994.93,779.02
56.933,cam3,CHECKING_CHAT,SECONDARY_MONITOR,-0.3135,825.42,258.06,788.55,248.73,882.55,285.62,910.29,360.59,989.70,611.56,1103.87,450.24,760.27,437.00,911.90,649.33,613.31,620.20,994.94,779.01
56.967,cam3,CHECKING_CHAT,SECONDARY_MONITOR,-0.3137,825.53,257.89,788.62,248.61,882.63,285.50,910.38,360.50,989.71,611.56,1103.92,450.18,760.34,436.90,911.93,649.28,613.34,620.15,994.95,779.01
57.000,cam3,CHECKING_CHAT,SECONDARY_MONITOR,-0.3138,825.77,257.68,788.78,248.43,882.73,285.37,910.49,360.39,989.72,611.55,1103.97,450.10,760.41,436.78,911.95,649.23,613.37,620.10,994.95,779.01
57.033,cam3,CHECKING_CHAT,SECONDARY_MONITOR,-0.3140,826.06,257.44,788.99,248.21,882.93,285.17,910.67,360.23,989.74,611.55,1104.10,449.98,760.50,436.62,911.99,649.15,613.41,620.02,994.96,779.01
57.067,cam3,CHECKING_CHAT,SECONDARY_MONITOR,-0.3140,826.36,257.09,789.28,247.89,883.23,284.90,910.92,360.02,989.75,611.54,1104.29,449.81,760.62,436.41,912.03,649.05,613.48,619.91,994.96,779.01
57.100,cam3,CHECKING_CHAT,SECONDARY_MONITOR,-0.3141,826.68,256.72,789.56,247.58,883.50,284.64,911.16,359.82,989.77,611.54,1104.47,449.64,760.74,436.21,912.08,648.95,613.54,619.81,994.96,779.01
57.133,cam3,CHECKING_CHAT,SECONDARY_MONITOR,-0.3142,827.02,256.30,789.87,247.24,883.83,284.35,911.44,359.59,989.78,611.53,1104.68,449.46,760.87,435.98,912.13,648.84,613.61,619.69,994.96,779.01
57.167,cam3,CHECKING_CHAT,SECONDARY_MONITOR,-0.3143,827.46,255.89,790.26,246.87,884.23,284.00,911.76,359.32,989.80,611.52,1104.95,449.24,761.01,435.72,912.19,648.72,613.69,619.55,994.97,779.00
57.200,cam3,CHECKING_CHAT,SECONDARY_MONITOR,-0.3145,827.92,255.41,790.65,246.48,884.65,283.64,912.10,359.04,989.83,611.51,1105.23,449.00,761.16,435.45,912.26,648.58,613.78,619.40,994.97,779.00
57.233,cam3,CHECKING_CHAT,SECONDARY_MONITOR,-0.3146,828.41,254.80,791.16,245.93,885.14,283.22,912.50,358.72,989.85,611.50,1105.56,448.73,761.34,435.14,912.33,648.42,613.89,619.24,994.98,779.00
57.267,cam3,CHECKING_CHAT,SECONDARY_MONITOR,-0.3146,828.98,254.17,791.71,245.36,885.70,282.77,912.95,358.37,989.87,611.49,1105.93,448.43,761.53,434.80,912.41,648.25,614.01,619.05,994.98,779.00
57.300,cam3,CHECKING_CHAT,SECONDARY_MONITOR,-0.3145,829.60,253.55,792.30,244.79,886.27,282.30,913.40,358.01,989.90,611.48,1106.32,448.12,761.73,434.45,912.50,648.08,614.13,618.86,994.97,779.00
57.333,cam3,CHECKING_CHAT,SECONDARY_MONITOR,-0.3143,830.20,252.89,792.89,244.19,886.86,281.82,913.87,357.64,989.92,611.47,1106.71,447.81,761.93,434.11,912.58,647.90,614.26,618.67,994.97,779.00
57.367,cam3,CHECKING_CHAT,SECONDARY_MONITOR,-0.3142,830.84,252.21,793.53,243.55,887.48,281.33,914.36,357.26,989.94,611.46,1107.12,447.48,762.14,433.74,912.68,647.72,614.40,618.47,994.96,779.01
57.400,cam3,CHECKING_CHAT,SECONDARY_MONITOR,-0.3141,831.35,251.52,794.14,242.90,888.10,280.84,914.85,356.88,989.97,611.45,1107.54,447.15,762.35,433.38,912.77,647.53,614.55,618.27,994.96,779.01
57.433,cam3,CHECKING_CHAT,SECONDARY_MONITOR,-0.3139,832.02,250.87,794.77,242.31,888.73,280.34,915.34,356.51,989.99,611.44,1107.96,446.82,762.57,433.02,912.86,647.33,614.70,618.06,994.96,779.01
57.467,cam3,CHECKING_CHAT,CHAT_REGION,-0.3138,832.73,250.18,795.46,241.65,889.37,279.85,915.85,356.13,990.02,611.42,1108.38,446.49,762.78,432.65,912.96,647.14,614.85,617.85,994.95,779.01
57.500,cam3,CHECKING_CHAT,CHAT_REGION,-0.3138,833.44,249.53,796.15,241.03,890.02,279.37,916.36,355.76,990.05,611.41,1108.86,446.15,762.97,432.31,913.05,646.95,615.00,617.64,994.95,779.01
57.533,cam3,CHECKING_CHAT,CHAT_REGION,-0.3137,834.20,248.89,796.83,240.44,890.66,278.90,916.85,355.40,990.07,611.40,1109.32,445.82,763.16,431.99,913.15,646.76,615.16,617.44,994.95,779.01
57.567,cam3,CHECKING_CHAT,CHAT_REGION,-0.3136,835.05,248.22,797.55,239.84,891.30,278.42,917.35,355.05,990.10,611.39,1109.78,445.49,763.35,431.66,913.24,646.57,615.31,617.24,994.94,779.01
57.600,cam3,CHECKING_CHAT,CHAT_REGION,-0.3136,836.05,247.49,798.27,239.27,891.92,277.96,917.82,354.71,990.12,611.38,1110.22,445.18,763.52,431.35,913.33,646.38,615.46,617.05,994.94,779.01
57.633,cam3,CHECKING_CHAT,CHAT_REGION,-0.3135,837.39,246.79,799.03,238.81,892.49,277.51,918.25,354.41,990.14,611.37,1110.62,444.90,763.69,431.07,913.41,646.22,615.60,616.87,994.94,779.01
57.667,cam3,CHECKING_CHAT,CHAT_REGION,-0.3134,839.20,245.98,799.95,238.34,893.08,277.03,918.68,354.10,990.16,611.36,1111.03,444.61,763.85,430.78,913.49,646.05,615.75,616.69,994.94,779.01
57.700,cam3,CHECKING_CHAT,CHAT_REGION,-0.3134,841.36,245.19,800.89,238.00,893.61,276.57,919.06,353.83,990.18,611.35,1111.39,444.36,764.00,430.53,913.57,645.90,615.88,616.53,994.94,779.02
57.733,cam3,CHECKING_CHAT,CHAT_REGION,-0.3133,844.05,244.28,802.03,237.66,894.12,276.11,919.43,353.58,990.20,611.35,1111.73,444.12,764.14,430.29,913.64,645.75,616.00,616.38,994.93,779.02
57.767,cam3,CHECKING_CHAT,CHAT_REGION,-0.3133,847.15,243.30,803.30,237.36,894.56,275.66,919.75,353.35,990.22,611.34,1112.03,443.91,764.26,430.08,913.70,645.62,616.11,616.25,994.93,779.02
57.800,cam3,CHECKING_CHAT,CHAT_REGION,-0.3132,850.58,242.21,804.75,237.02,894.98,275.19,920.07,353.13,990.23,611.33,1112.33,443.70,764.39,429.88,913.77,645.50,616.22,616.11,994.93,779.02
57.833,cam3,CHECKING_CHAT,CHAT_REGION,-0.3129,854.38,241.02,806.37,236.69,895.29,274.77,920.33,352.95,990.24,611.33,1112.57,443.53,764.49,429.71,913.81,645.40,616.31,616.01,994.92,779.02
57.867,cam3,CHECKING_CHAT,CHAT_REGION,-0.3126,858.31,239.66,808.14,236.27,895.59,274.32,920.60,352.76,990.25,611.32,1112.81,443.35,764.60,429.53,913.87,645.29,616.40,615.90,994.91,779.02
57.900,cam3,CHECKING_CHAT,CHAT_REGION,-0.3122,862.51,238.23,810.09,235.83,895.79,273.91,920.83,352.60,990.25,611.32,1113.02,443.20,764.69,429.39,913.91,645.21,616.48,615.81,994.89,779.03
57.933,cam3,CHECKING_CHAT,CHAT_REGION,-0.3119,866.57,236.91,812.05,235.45,895.86,273.57,921.00,352.49,990.26,611.31,1113.17,443.09,764.76,429.28,913.94,645.15,616.53,615.75,994.88,779.03
57.967,cam3,CHECKING_CHAT,CHAT_REGION,-0.3115,870.57,235.53,814.05,235.06,895.82,273.28,921.11,352.41,990.26,611.31,1113.27,443.02,764.81,429.21,913.96,645.11,616.57,615.71,994.87,779.04
58.000,cam3,CHECKING_CHAT,CHAT_REGION,-0.3111,874.30,234.23,815.98,234.72,895.64,273.07,921.15,352.39,990.25,611.31,1113.29,442.99,764.83,429.18,913.96,645.10,616.58,615.70,994.85,779.04
58.033,cam3,CHECKING_CHAT,CHAT_REGION,-0.3105,877.84,232.98,817.90,234.37,895.43,272.88,921.19,352.35,990.24,611.31,1113.32,442.96,764.85,429.16,913.97,645.09,616.59,615.69,994.83,779.05
58.067,cam3,CHECKING_CHAT,CHAT_REGION,-0.3099,881.06,231.73,819.75,233.95,895.19,272.72,921.22,352.33,990.23,611.31,1113.33,442.94,764.87,429.14,913.96,645.09,616.58,615.70,994.81,779.05
58.100,cam3,CHECKING_CHAT,CHAT_REGION,-0.3092,883.94,230.57,821.50,233.51,894.96,272.58,921.26,352.31,990.22,611.31,1113.36,442.92,764.89,429.12,913.97,645.09,616.59,615.69,994.79,779.06
58.133,cam3,CHECKING_CHAT,CHAT_REGION,-0.3084,886.48,229.55,823.11,233.11,894.77,272.43,921.32,352.26,990.21,611.31,1113.40,442.88,764.92,429.08,913.97,645.08,616.60,615.68,994.76,779.07
58.167,cam3,CHECKING_CHAT,CHAT_REGION,-0.3077,888.42,228.67,824.36,232.78,894.59,272.31,921.37,352.22,990.20,611.31,1113.43,442.84,764.95,429.04,913.98,645.07,616.61,615.68,994.73,779.08
58.200,cam3,CHECKING_CHAT,CHAT_REGION,-0.3070,890.06,227.96,825.48,232.46,894.47,272.20,921.44,352.18,990.19,611.31,1113.48,442.79,764.99,429.00,913.98,645.06,616.62,615.66,994.71,779.09
58.233,cam3,CHECKING_CHAT,CHAT_REGION,-0.3063,891.18,227.38,826.26,232.17,894.41,272.10,921.51,352.12,990.19,611.31,1113.53,442.74,765.02,428.96,913.99,645.04,616.63,615.65,994.68,779.10
58.267,cam3,CHECKING_CHAT,CHAT_REGION,-0.3056,892.16,226.95,826.98,231.92,894.42,272.00,921.61,352.06,990.18,611.31,1113.60,442.68,765.07,428.90,914.00,645.02,616.66,615.62,994.66,779.10
58.300,cam3,CHECKING_CHAT,CHAT_REGION,-0.3048,892.65,226.71,827.35,231.78,894.44,271.93,921.67,352.01,990.17,611.31,1113.65,442.64,765.11,428.85,914.01,645.01,616.67,615.61,994.63,779.11
58.333,cam3,CHECKING_CHAT,CHAT_REGION,-0.3040,892.89,226.59,827.52,231.70,894.44,271.91,921.68,352.00,990.16,611.31,1113.64,442.63,765.12,428.85,914.00,645.02,616.66,615.62,994.60,779.12
58.367,cam3,CHECKING_CHAT,CHAT_REGION,-0.3031,892.92,226.51,827.55,231.68,894.43,271.91,921.68,352.00,990.14,611.31,1113.63,442.62,765.13,428.85,914.00,645.03,616.64,615.64,994.57,779.13
58.400,cam3,CHECKING_CHAT,CHAT_REGION,-0.3023,892.92,226.48,827.56,231.64,894.48,271.88,921.72,351.97,990.13,611.31,1113.64,442.60,765.15,428.83,914.00,645.04,616.64,615.64,994.54,779.14
58.433,cam3,CHECKING_CHAT,CHAT_REGION,-0.3014,892.57,226.78,827.30,231.87,894.51,271.92,921.75,351.96,990.11,611.31,1113.68,442.58,765.15,428.83,913.99,645.05,616.63,615.65,994.51,779.15
58.467,cam3,CHECKING_CHAT,CHAT_REGION,-0.3006,892.21,227.13,827.03,232.15,894.50,271.98,921.75,351.97,990.10,611.32,1113.71,442.57,765.14,428.85,913.98,645.07,616.61,615.67,994.48,779.16
58.500,cam3,CHECKING_CHAT,CHAT_REGION,-0.2997,891.73,227.48,826.67,232.42,894.49,272.04,921.75,351.97,990.08,611.32,1113.73,442.56,765.12,428.87,913.97,645.09,616.59,615.70,994.45,779.17
58.533,cam3,CHECKING_CHAT,CHAT_REGION,-0.2988,891.29,227.86,826.33,232.73,894.44,272.12,921.72,352.00,990.07,611.32,1113.71,442.58,765.10,428.91,913.95,645.12,616.56,615.74,994.41,779.18
58.567,cam3,CHECKING_CHAT,CHAT_REGION,-0.2979,890.77,228.25,825.92,233.09,894.33,272.24,921.65,352.06,990.04,611.32,1113.66,442.62,765.06,428.98,913.92,645.17,616.51,615.79,994.38,779.19
58.600,cam3,CHECKING_CHAT,CHAT_REGION,-0.2968,890.21,228.71,825.48,233.48,894.23,272.36,921.58,352.12,990.02,611.33,1113.60,442.66,765.02,429.05,913.90,645.23,616.46,615.85,994.34,779.20
58.633,cam3,CHECKING_CHAT,CHAT_REGION,-0.2958,889.55,229.15,824.95,233.91,894.11,272.48,921.50,352.17,990.00,611.33,1113.54,442.71,764.98,429.12,913.87,645.28,616.41,615.91,994.31,779.22
58.667,cam3,CHECKING_CHAT,CHAT_REGION,-0.2948,889.05,229.61,824.56,234.29,893.97,272.62,921.41,352.25,989.98,611.33,1113.46,442.77,764.93,429.20,913.84,645.35,616.36,615.98,994.27,779.23
58.700,cam3,CHECKING_CHAT,CHAT_REGION,-0.2938,888.48,230.03,824.11,234.68,893.83,272.75,921.31,352.32,989.95,611.34,1113.38,442.82,764.88,429.29,913.80,645.41,616.30,616.05,994.24,779.24
58.733,cam3,CHECKING_CHAT,CHAT_REGION,-0.2927,887.77,230.56,823.53,235.18,893.62,272.94,921.15,352.43,989.93,611.34,1113.24,442.92,764.81,429.41,913.76,645.50,616.22,616.14,994.20,779.25
58.767,cam3,CHECKING_CHAT,CHAT_REGION,-0.2917,887.04,231.06,822.94,235.65,893.39,273.13,920.99,352.55,989.90,611.35,1113.10,443.02,764.74,429.53,913.71,645.59,616.14,616.23,994.16,779.26
58.800,cam3,CHECKING_CHAT,CHAT_REGION,-0.2908,886.20,231.61,822.27,236.17,893.12,273.35,920.79,352.70,989.87,611.36,1112.92,443.15,764.65,429.68,913.66,645.70,616.05,616.34,994.13,779.27
58.833,cam3,CHECKING_CHAT,CHAT_REGION,-0.2898,885.42,232.12,821.65,236.65,892.87,273.55,920.61,352.83,989.85,611.36,1112.77,443.26,764.57,429.81,913.61,645.79,615.97,616.44,994.09,779.29
58.867,cam3,CHECKING_CHAT,CHAT_REGION,-0.2889,884.75,232.68,821.10,237.16,892.61,273.76,920.42,352.96,989.82,611.37,1112.60,443.38,764.49,429.96,913.63,645.93,615.88,616.55,994.06,779.30
58.900,cam3,CHECKING_CHAT,CHAT_REGION,-0.2880,883.91,233.27,820.41,237.74,892.29,274.01,920.19,353.13,989.79,611.37,1112.39,443.53,764.39,430.13,913.57,646.05,615.78,616.67,994.03,779.31
58.933,cam3,CHECKING_CHAT,CHAT_REGION,-0.2871,883.19,233.85,819.81,238.30,891.96,274.27,919.94,353.31,989.76,611.38,1112.17,443.69,764.29,430.31,913.51,646.17,615.68,616.80,994.00,779.32
58.967,cam3,CHECKING_CHAT,CHAT_REGION,-0.2863,882.37,234.44,819.14,238.87,891.62,274.53,919.69,353.49,989.74,611.39,1111.94,443.84,764.18,430.49,913.45,646.29,615.57,616.92,993.97,779.33
59.000,cam3,CHECKING_CHAT,CHAT_REGION,-0.2855,881.63,234.90,818.53,239.32,891.33,274.76,919.47,353.65,989.71,611.39,1111.75,443.98,764.09,430.65,913.40,646.39,615.48,617.04,993.94,779.33
59.033,cam3,CHECKING_CHAT,CHAT_REGION,-0.2848,880.80,235.49,817.85,239.90,890.95,275.04,919.19,353.85,989.68,611.40,1111.50,444.16,763.97,430.85,913.34,646.52,615.38,617.17,993.91,779.34
59.067,cam3,CHECKING_CHAT,CHAT_REGION,-0.2839,880.04,236.04,817.22,240.43,890.60,275.31,918.94,354.04,989.65,611.41,1111.27,444.33,763.87,431.04,913.28,646.65,615.27,617.30,993.88,779.35
59.100,cam3,CHECKING_CHAT,CHAT_REGION,-0.2831,879.37,236.57,816.65,240.96,890.24,275.59,918.66,354.24,989.62,611.42,1111.02,444.51,763.76,431.24,913.21,646.78,615.17,617.44,993.85,779.36
59.133,cam3,CHECKING_CHAT,CHAT_REGION,-0.2821,878.63,237.09,816.04,241.48,889.87,275.87,918.39,354.44,989.59,611.42,1110.77,444.68,763.65,431.43,913.08,646.87,615.06,617.57,993.82,779.37
59.167,cam3,CHECKING_CHAT,CHAT_REGION,-0.2813,878.07,237.62,815.55,242.00,889.51,276.14,918.12,354.64,989.56,611.43,1110.52,444.86,763.54,431.63,913.02,647.00,614.96,617.71,993.79,779.38
59.200,cam3,CHECKING_CHAT,CHAT_REGION,-0.2803,877.39,238.12,814.97,242.53,889.14,276.42,917.84,354.84,989.53,611.44,1110.27,445.03,763.43,431.83,912.96,647.13,614.86,617.84,993.76,779.39
59.233,cam3,CHECKING_CHAT,CHAT_REGION,-0.2793,876.91,238.57,814.55,242.94,888.78,276.70,917.57,355.04,989.50,611.45,1110.02,445.21,763.32,432.03,912.89,647.26,614.75,617.98,993.72,779.41
59.267,cam3,CHECKING_CHAT,CHAT_REGION,-0.2782,876.42,239.01,814.12,243.37,888.42,276.97,917.30,355.24,989.46,611.46,1109.77,445.38,763.22,432.22,912.83,647.39,614.65,618.12,993.68,779.42
59.300,cam3,CHECKING_CHAT,CHAT_REGION,-0.2772,875.82,239.43,813.61,243.79,888.06,277.25,917.03,355.44,989.43,611.46,1109.51,445.56,763.11,432.42,912.77,647.52,614.55,618.25,993.64,779.43
59.333,cam3,CHECKING_CHAT,CHAT_REGION,-0.2761,875.18,239.89,813.07,244.26,887.70,277.53,916.76,355.64,989.40,611.47,1109.26,445.74,763.01,432.62,912.70,647.65,614.45,618.39,993.61,779.44
59.367,cam3,CHECKING_CHAT,CHAT_REGION,-0.2751,874.75,240.26,812.68,244.62,887.32,277.82,916.47,355.85,989.37,611.48,1108.99,445.92,762.90,432.83,912.64,647.78,614.35,618.53,993.57,779.45
59.400,cam3,CHECKING_CHAT,CHAT_REGION,-0.2742,874.19,240.63,812.20,245.02,886.97,278.08,916.21,356.05,989.34,611.49,1108.75,446.10,762.79,433.02,912.58,647.90,614.26,618.66,993.54,779.46
59.433,cam3,CHECKING_CHAT,CHAT_REGION,-0.2733,873.63,241.10,811.72,245.50,886.61,278.36,915.93,356.25,989.30,611.49,1108.49,446.27,762.69,433.22,912.52,648.03,614.17,618.79,993.50,779.48
59.467,cam3,CHECKING_CHAT,CHAT_REGION,-0.2724,873.23,241.53,811.35,245.94,886.27,278.62,915.67,356.45,989.27,611.50,1108.25,446.44,762.59,433.41,912.46,648.15,614.08,618.92,993.47,779.49
59.500,cam3,CHECKING_CHAT,CHAT_REGION,-0.2716,872.82,241.86,810.99,246.25,885.94,278.87,915.43,356.63,989.25,611.51,1108.03,446.61,762.49,433.60,912.41,648.26,614.00,619.03,993.44,779.49
59.533,cam3,CHECKING_CHAT,CHAT_REGION,-0.2708,872.39,242.15,810.63,246.53,885.66,279.10,915.21,356.80,989.22,611.52,1107.83,446.75,762.41,433.76,912.36,648.36,613.93,619.14,993.42,779.50
59.567,cam3,CHECKING_CHAT,CHAT_REGION,-0.2699,872.00,242.44,810.29,246.81,885.37,279.32,915.00,356.96,989.19,611.52,1107.63,446.89,762.33,433.92,912.31,648.46,613.86,619.25,993.38,779.51
59.600,cam3,IDLE_ATTENTIVE,CHAT_REGION,-0.2690,871.57,242.74,809.93,247.09,885.09,279.54,914.78,357.13,989.17,611.53,1107.43,447.03,762.24,434.08,912.26,648.57,613.78,619.36,993.35,779.52
59.633,cam3,IDLE_ATTENTIVE,CHAT_REGION,-0.2681,871.14,243.12,809.54,247.48,884.78,279.78,914.55,357.31,989.14,611.54,1107.21,447.19,762.16,434.26,912.20,648.67,613.71,619.47,993.32,779.53
59.667,cam3,IDLE_ATTENTIVE,CHAT_REGION,-0.2671,870.69,243.43,809.17,247.84,884.52,279.98,914.35,357.46,989.11,611.54,1107.02,447.31,762.08,434.41,912.16,648.77,613.64,619.57,993.28,779.55
59.700,cam3,IDLE_ATTENTIVE,CHAT_REGION,-0.2661,870.48,243.69,808.97,248.07,884.31,280.16,914.18,357.59,989.08,611.55,1106.86,447.42,762.02,434.53,912.12,648.86,613.58,619.66,993.25,779.56
59.733,cam3,IDLE_ATTENTIVE,CHAT_REGION,-0.2650,870.15,243.89,808.70,248.27,884.10,280.32,914.02,357.71,989.06,611.55,1106.71,447.53,761.96,434.66,912.08,648.94,613.53,619.75,993.21,779.57
59.767,cam3,IDLE_ATTENTIVE,CHAT_REGION,-0.2640,869.85,244.13,808.45,248.52,883.91,280.47,913.88,357.82,989.03,611.56,1106.58,447.62,761.91,434.77,912.04,649.01,613.48,619.83,993.17,779.58
59.800,cam3,IDLE_ATTENTIVE,CHAT_REGION,-0.2629,869.64,244.28,808.27,248.68,883.78,280.58,913.78,357.90,989.01,611.56,1106.48,447.68,761.87,434.85,912.01,649.08,613.44,619.89,993.13,779.59
59.833,cam3,IDLE_ATTENTIVE,CHAT_REGION,-0.2618,869.60,244.44,808.23,248.80,883.69,280.66,913.70,357.96,988.98,611.57,1106.40,447.73,761.85,434.92,911.98,649.13,613.40,619.95,993.09,779.61
59.867,cam3,IDLE_ATTENTIVE,CHAT_REGION,-0.2608,869.52,244.59,808.16,248.92,883.58,280.75,913.62,358.03,988.96,611.57,1106.32,447.79,761.81,434.99,911.96,649.18,613.37,620.01,993.06,779.62
59.900,cam3,IDLE_ATTENTIVE,CHAT_REGION,-0.2598,869.44,244.71,808.07,249.06,883.46,280.85,913.53,358.10,988.94,611.57,1106.23,447.84,761.78,435.07,911.93,649.24,613.33,620.07,993.02,779.63
59.933,cam3,IDLE_ATTENTIVE,CHAT_REGION,-0.2589,869.37,244.72,808.03,249.05,883.41,280.90,913.49,358.13,988.92,611.58,1106.19,447.87,761.77,435.11,911.91,649.27,613.31,620.10,992.99,779.64
59.967,cam3,IDLE_ATTENTIVE,CHAT_REGION,-0.2579,869.38,244.86,808.02,249.17,883.33,280.97,913.42,358.19,988.90,611.58,1106.13,447.91,761.74,435.17,911.89,649.32,613.28,620.15,992.95,779.65
